season,matchweek,date,time,day,home,away,home_goals,away_goals,attendance,venue,referee,home_ht_goals,away_ht_goals,home_shots,away_shots,home_sot,away_sot,home_corners,away_corners,home_fouls,away_fouls,home_yellow,away_yellow,home_red,away_red,odds_home,odds_draw,odds_away,result
2016-2017,1,2016-08-13,12:30,Sat,Hull City,Leicester City,2.0,1.0,21037.0,Kingston Communications Stadium,M Dean,1.0,0.0,14.0,18.0,5.0,5.0,5.0,3.0,8.0,17.0,2.0,2.0,0.0,0.0,4.5,3.6,1.91,H
2016-2017,1,2016-08-13,15:00,Sat,Burnley,Swansea City,0.0,1.0,19126.0,Turf Moor,J Moss,0.0,0.0,10.0,17.0,3.0,9.0,7.0,4.0,10.0,14.0,3.0,2.0,0.0,0.0,2.4,3.3,3.25,A
2016-2017,1,2016-08-13,15:00,Sat,Southampton,Watford,1.0,1.0,31488.0,St. Mary's Stadium,R East,0.0,1.0,24.0,5.0,6.0,1.0,6.0,2.0,8.0,12.0,1.0,2.0,0.0,1.0,1.8,3.75,5.0,D
2016-2017,1,2016-08-13,15:00,Sat,Crystal Palace,West Brom,0.0,1.0,24490.0,Selhurst Park,C Pawson,0.0,0.0,14.0,13.0,4.0,3.0,3.0,6.0,12.0,15.0,2.0,2.0,0.0,0.0,2.0,3.3,4.5,A
2016-2017,1,2016-08-13,15:00,Sat,Middlesbrough,Stoke City,1.0,1.0,32110.0,Riverside Stadium,K Friend,1.0,0.0,12.0,12.0,2.0,1.0,9.0,6.0,18.0,14.0,3.0,5.0,0.0,0.0,2.38,3.2,3.4,D
2016-2017,1,2016-08-13,15:00,Sat,Everton,Tottenham,1.0,1.0,39494.0,Goodison Park,M Atkinson,1.0,0.0,12.0,13.0,6.0,4.0,5.0,6.0,10.0,14.0,0.0,0.0,0.0,0.0,3.2,3.4,2.4,D
2016-2017,1,2016-08-13,17:30,Sat,Manchester City,Sunderland,2.0,1.0,54362.0,Etihad Stadium,R Madley,1.0,0.0,16.0,7.0,4.0,3.0,9.0,6.0,11.0,14.0,1.0,2.0,0.0,0.0,1.25,6.5,15.0,H
2016-2017,1,2016-08-14,13:30,Sun,Bournemouth,Manchester United,1.0,3.0,11355.0,Vitality Stadium,A Marriner,0.0,1.0,9.0,11.0,3.0,7.0,4.0,2.0,7.0,10.0,0.0,1.0,0.0,0.0,4.75,3.6,1.85,A
2016-2017,1,2016-08-14,16:00,Sun,Arsenal,Liverpool,3.0,4.0,60033.0,Emirates Stadium,M Oliver,1.0,1.0,9.0,16.0,5.0,7.0,5.0,4.0,13.0,17.0,3.0,3.0,0.0,0.0,2.4,3.5,3.1,A
2016-2017,1,2016-08-15,20:00,Mon,Chelsea,West Ham,2.0,1.0,41521.0,Stamford Bridge,A Taylor,0.0,0.0,16.0,7.0,6.0,3.0,7.0,1.0,16.0,16.0,5.0,2.0,0.0,0.0,1.65,4.0,6.0,H
2016-2017,2,2016-08-19,20:00,Fri,Manchester United,Southampton,2.0,0.0,75326.0,Old Trafford,A Taylor,1.0,0.0,12.0,13.0,5.0,1.0,4.0,0.0,11.0,8.0,0.0,0.0,0.0,0.0,1.53,4.2,7.5,H
2016-2017,2,2016-08-20,12:30,Sat,Stoke City,Manchester City,1.0,4.0,27455.0,Bet365 Stadium,M Dean,0.0,2.0,8.0,12.0,3.0,6.0,7.0,7.0,12.0,13.0,3.0,4.0,0.0,0.0,5.5,3.8,1.73,A
2016-2017,2,2016-08-20,15:00,Sat,Swansea City,Hull City,0.0,2.0,20024.0,Liberty Stadium,S Attwell,0.0,0.0,13.0,12.0,3.0,4.0,8.0,3.0,7.0,10.0,0.0,0.0,0.0,0.0,1.8,3.6,5.25,A
2016-2017,2,2016-08-20,15:00,Sat,West Brom,Everton,1.0,2.0,23654.0,The Hawthorns,N Swarbrick,1.0,1.0,11.0,13.0,4.0,7.0,7.0,4.0,16.0,10.0,3.0,1.0,0.0,0.0,3.0,3.25,2.6,A
2016-2017,2,2016-08-20,15:00,Sat,Tottenham,Crystal Palace,1.0,0.0,31447.0,White Hart Lane,M Oliver,0.0,0.0,20.0,10.0,5.0,2.0,10.0,4.0,19.0,9.0,3.0,3.0,0.0,0.0,1.45,4.75,8.0,H
2016-2017,2,2016-08-20,15:00,Sat,Burnley,Liverpool,2.0,0.0,21313.0,Turf Moor,L Mason,2.0,0.0,3.0,26.0,2.0,5.0,1.0,12.0,14.0,5.0,0.0,1.0,0.0,0.0,6.5,4.2,1.57,H
2016-2017,2,2016-08-20,15:00,Sat,Watford,Chelsea,1.0,2.0,20772.0,Vicarage Road Stadium,J Moss,0.0,0.0,6.0,13.0,2.0,4.0,0.0,5.0,20.0,10.0,4.0,3.0,0.0,0.0,5.5,3.8,1.73,A
2016-2017,2,2016-08-20,17:30,Sat,Leicester City,Arsenal,0.0,0.0,32008.0,King Power Stadium,M Clattenburg,0.0,0.0,8.0,13.0,1.0,4.0,2.0,7.0,11.0,7.0,1.0,2.0,0.0,0.0,2.88,3.6,2.5,D
2016-2017,2,2016-08-21,13:30,Sun,Sunderland,Middlesbrough,1.0,2.0,43515.0,Stadium of Light,M Atkinson,0.0,2.0,18.0,8.0,5.0,3.0,8.0,1.0,11.0,14.0,1.0,1.0,0.0,0.0,2.55,3.2,3.1,A
2016-2017,2,2016-08-21,16:00,Sun,West Ham,Bournemouth,1.0,0.0,56977.0,London Stadium,C Pawson,0.0,0.0,15.0,8.0,2.0,5.0,1.0,6.0,15.0,15.0,3.0,1.0,0.0,1.0,1.95,3.75,4.0,H
2016-2017,3,2016-08-27,12:30,Sat,Tottenham,Liverpool,1.0,1.0,31211.0,White Hart Lane,R Madley,0.0,1.0,11.0,13.0,4.0,3.0,5.0,5.0,11.0,17.0,3.0,5.0,0.0,0.0,2.38,3.4,3.0,D
2016-2017,3,2016-08-27,15:00,Sat,Everton,Stoke City,1.0,0.0,39581.0,Goodison Park,M Oliver,0.0,0.0,21.0,8.0,9.0,1.0,9.0,2.0,14.0,11.0,2.0,1.0,0.0,0.0,1.73,3.6,5.25,H
2016-2017,3,2016-08-27,15:00,Sat,Crystal Palace,Bournemouth,1.0,1.0,23503.0,Selhurst Park,M Dean,0.0,1.0,24.0,10.0,5.0,3.0,10.0,4.0,15.0,10.0,2.0,1.0,0.0,0.0,2.3,3.2,3.3,D
2016-2017,3,2016-08-27,15:00,Sat,Chelsea,Burnley,3.0,0.0,41607.0,Stamford Bridge,M Clattenburg,2.0,0.0,22.0,6.0,10.0,0.0,9.0,5.0,6.0,9.0,2.0,2.0,0.0,0.0,1.25,5.5,15.0,H
2016-2017,3,2016-08-27,15:00,Sat,Southampton,Sunderland,1.0,1.0,30152.0,St. Mary's Stadium,L Mason,0.0,0.0,16.0,5.0,7.0,2.0,5.0,5.0,15.0,8.0,2.0,2.0,0.0,0.0,1.57,3.6,6.5,D
2016-2017,3,2016-08-27,15:00,Sat,Watford,Arsenal,1.0,3.0,20545.0,Vicarage Road Stadium,K Friend,0.0,3.0,14.0,10.0,6.0,7.0,3.0,2.0,18.0,15.0,6.0,1.0,0.0,0.0,5.0,3.75,1.73,A
2016-2017,3,2016-08-27,15:00,Sat,Leicester City,Swansea City,2.0,1.0,31727.0,King Power Stadium,R East,1.0,0.0,13.0,9.0,6.0,3.0,4.0,6.0,14.0,10.0,2.0,2.0,0.0,0.0,1.73,3.6,5.25,H
2016-2017,3,2016-08-27,17:30,Sat,Hull City,Manchester United,0.0,1.0,24560.0,Kingston Communications Stadium,J Moss,0.0,0.0,8.0,29.0,2.0,9.0,1.0,6.0,9.0,6.0,2.0,3.0,0.0,0.0,8.0,4.1,1.44,A
2016-2017,3,2016-08-28,13:30,Sun,West Brom,Middlesbrough,0.0,0.0,23690.0,The Hawthorns,A Taylor,0.0,0.0,13.0,7.0,2.0,2.0,5.0,4.0,12.0,11.0,1.0,3.0,0.0,0.0,2.6,3.1,2.9,D
2016-2017,3,2016-08-28,16:00,Sun,Manchester City,West Ham,3.0,1.0,54008.0,Etihad Stadium,A Marriner,2.0,0.0,22.0,9.0,5.0,2.0,5.0,4.0,5.0,10.0,1.0,3.0,0.0,0.0,1.25,6.0,11.0,H
2016-2017,4,2016-09-10,12:30,Sat,Manchester United,Manchester City,1.0,2.0,75272.0,Old Trafford,M Clattenburg,1.0,2.0,14.0,18.0,3.0,6.0,4.0,4.0,15.0,10.0,4.0,2.0,0.0,0.0,2.38,3.25,3.4,A
2016-2017,4,2016-09-10,15:00,Sat,Middlesbrough,Crystal Palace,1.0,2.0,30551.0,Riverside Stadium,N Swarbrick,1.0,1.0,12.0,12.0,4.0,4.0,6.0,6.0,5.0,9.0,1.0,2.0,0.0,0.0,2.3,3.2,3.6,A
2016-2017,4,2016-09-10,15:00,Sat,West Ham,Watford,2.0,4.0,56974.0,London Stadium,M Atkinson,2.0,2.0,19.0,13.0,4.0,8.0,4.0,4.0,10.0,15.0,2.0,2.0,0.0,0.0,1.91,3.6,4.5,A
2016-2017,4,2016-09-10,15:00,Sat,Arsenal,Southampton,2.0,1.0,59962.0,Emirates Stadium,R Madley,1.0,1.0,17.0,11.0,2.0,5.0,6.0,1.0,10.0,8.0,2.0,5.0,0.0,0.0,1.57,4.2,6.5,H
2016-2017,4,2016-09-10,15:00,Sat,Stoke City,Tottenham,0.0,4.0,27385.0,Bet365 Stadium,A Taylor,0.0,1.0,15.0,20.0,2.0,8.0,10.0,8.0,13.0,18.0,3.0,2.0,0.0,0.0,4.6,3.75,1.85,A
2016-2017,4,2016-09-10,15:00,Sat,Burnley,Hull City,1.0,1.0,18803.0,Turf Moor,P Tierney,0.0,0.0,13.0,11.0,2.0,3.0,5.0,9.0,13.0,3.0,2.0,0.0,0.0,0.0,2.45,3.1,3.4,D
2016-2017,4,2016-09-10,15:00,Sat,Bournemouth,West Brom,1.0,0.0,11184.0,Vitality Stadium,K Friend,0.0,0.0,12.0,12.0,5.0,2.0,10.0,5.0,9.0,11.0,1.0,3.0,0.0,0.0,2.05,3.25,4.33,H
2016-2017,4,2016-09-10,17:30,Sat,Liverpool,Leicester City,4.0,1.0,51232.0,Anfield,C Pawson,2.0,1.0,17.0,12.0,11.0,3.0,1.0,7.0,4.0,8.0,1.0,2.0,0.0,0.0,1.7,4.0,5.5,H
2016-2017,4,2016-09-11,16:00,Sun,Swansea City,Chelsea,2.0,2.0,20865.0,Liberty Stadium,A Marriner,0.0,1.0,6.0,28.0,2.0,7.0,1.0,11.0,17.0,8.0,3.0,4.0,0.0,0.0,5.75,4.0,1.67,D
2016-2017,4,2016-09-12,20:00,Mon,Sunderland,Everton,0.0,3.0,42406.0,Stadium of Light,M Jones,0.0,0.0,11.0,20.0,2.0,9.0,5.0,4.0,11.0,8.0,1.0,1.0,0.0,0.0,3.8,3.5,2.1,A
2016-2017,5,2016-09-16,20:00,Fri,Chelsea,Liverpool,1.0,2.0,41514.0,Stamford Bridge,M Atkinson,0.0,2.0,12.0,13.0,4.0,5.0,6.0,4.0,6.0,13.0,1.0,1.0,0.0,0.0,2.25,3.5,3.4,A
2016-2017,5,2016-09-17,15:00,Sat,West Brom,West Ham,4.0,2.0,22209.0,The Hawthorns,M Clattenburg,3.0,0.0,8.0,23.0,6.0,5.0,2.0,6.0,14.0,6.0,2.0,1.0,0.0,0.0,2.8,3.2,2.8,H
2016-2017,5,2016-09-17,15:00,Sat,Leicester City,Burnley,3.0,0.0,31916.0,King Power Stadium,A Taylor,1.0,0.0,14.0,7.0,6.0,2.0,7.0,1.0,10.0,9.0,0.0,1.0,0.0,0.0,1.5,4.33,8.0,H
2016-2017,5,2016-09-17,15:00,Sat,Manchester City,Bournemouth,4.0,0.0,54335.0,Etihad Stadium,J Moss,2.0,0.0,20.0,6.0,12.0,2.0,5.0,5.0,8.0,11.0,1.0,1.0,1.0,0.0,1.29,6.0,12.0,H
2016-2017,5,2016-09-17,15:00,Sat,Hull City,Arsenal,1.0,4.0,22536.0,Kingston Communications Stadium,R East,0.0,1.0,6.0,24.0,2.0,9.0,2.0,4.0,9.0,12.0,0.0,2.0,1.0,0.0,6.0,4.2,1.6,A
2016-2017,5,2016-09-17,17:30,Sat,Everton,Middlesbrough,3.0,1.0,39074.0,Goodison Park,L Mason,3.0,1.0,11.0,7.0,6.0,0.0,6.0,3.0,5.0,15.0,2.0,1.0,0.0,0.0,1.67,3.8,6.0,H
2016-2017,5,2016-09-18,12:00,Sun,Watford,Manchester United,3.0,1.0,21118.0,Vicarage Road Stadium,M Oliver,1.0,0.0,10.0,15.0,5.0,2.0,5.0,7.0,14.0,19.0,3.0,4.0,0.0,0.0,6.0,4.2,1.62,H
2016-2017,5,2016-09-18,14:15,Sun,Southampton,Swansea City,1.0,0.0,29087.0,St. Mary's Stadium,M Jones,0.0,0.0,19.0,9.0,6.0,3.0,7.0,1.0,14.0,9.0,1.0,1.0,0.0,0.0,1.7,3.8,5.75,H
2016-2017,5,2016-09-18,14:15,Sun,Crystal Palace,Stoke City,4.0,1.0,23781.0,Selhurst Park,C Pawson,2.0,0.0,14.0,11.0,8.0,4.0,10.0,5.0,15.0,9.0,2.0,1.0,0.0,0.0,2.0,3.5,4.2,H
2016-2017,5,2016-09-18,16:30,Sun,Tottenham,Sunderland,1.0,0.0,31251.0,White Hart Lane,M Dean,0.0,0.0,31.0,6.0,9.0,2.0,14.0,1.0,7.0,16.0,1.0,5.0,0.0,1.0,1.33,5.5,11.0,H
2016-2017,6,2016-09-24,12:30,Sat,Manchester United,Leicester City,4.0,1.0,75256.0,Old Trafford,M Dean,4.0,0.0,16.0,10.0,7.0,3.0,8.0,6.0,9.0,12.0,0.0,2.0,0.0,0.0,1.73,3.9,5.25,H
2016-2017,6,2016-09-24,15:00,Sat,Liverpool,Hull City,5.0,1.0,53109.0,Anfield,A Marriner,3.0,0.0,32.0,2.0,12.0,1.0,13.0,2.0,8.0,8.0,1.0,2.0,0.0,1.0,1.22,7.0,15.0,H
2016-2017,6,2016-09-24,15:00,Sat,Middlesbrough,Tottenham,1.0,2.0,32703.0,Riverside Stadium,G Scott,0.0,2.0,6.0,19.0,2.0,5.0,2.0,10.0,14.0,9.0,2.0,1.0,0.0,0.0,3.75,3.5,2.1,A
2016-2017,6,2016-09-24,15:00,Sat,Swansea City,Manchester City,1.0,3.0,20786.0,Liberty Stadium,N Swarbrick,1.0,1.0,13.0,18.0,5.0,4.0,2.0,7.0,15.0,9.0,2.0,4.0,0.0,0.0,9.0,5.5,1.36,A
2016-2017,6,2016-09-24,15:00,Sat,Sunderland,Crystal Palace,2.0,3.0,38941.0,Stadium of Light,A Taylor,1.0,0.0,11.0,20.0,4.0,4.0,3.0,5.0,15.0,12.0,0.0,2.0,0.0,0.0,2.88,3.25,2.7,A
2016-2017,6,2016-09-24,15:00,Sat,Stoke City,West Brom,1.0,1.0,27645.0,Bet365 Stadium,M Atkinson,0.0,0.0,12.0,9.0,2.0,3.0,6.0,6.0,9.0,13.0,3.0,4.0,0.0,0.0,2.38,3.3,3.3,D
2016-2017,6,2016-09-24,15:00,Sat,Bournemouth,Everton,1.0,0.0,11291.0,Vitality Stadium,R Madley,1.0,0.0,12.0,13.0,1.0,2.0,5.0,3.0,10.0,14.0,2.0,2.0,0.0,0.0,3.6,3.5,2.15,H
2016-2017,6,2016-09-24,17:30,Sat,Arsenal,Chelsea,3.0,0.0,60028.0,Emirates Stadium,M Oliver,3.0,0.0,14.0,9.0,5.0,2.0,9.0,1.0,9.0,11.0,0.0,2.0,0.0,0.0,2.4,3.5,3.1,H
2016-2017,6,2016-09-25,16:00,Sun,West Ham,Southampton,0.0,3.0,56864.0,London Stadium,J Moss,0.0,1.0,13.0,18.0,1.0,9.0,6.0,2.0,9.0,14.0,5.0,2.0,0.0,0.0,2.8,3.3,2.75,A
2016-2017,6,2016-09-26,20:00,Mon,Burnley,Watford,2.0,0.0,18519.0,Turf Moor,M Jones,1.0,0.0,13.0,12.0,4.0,3.0,7.0,6.0,11.0,15.0,1.0,3.0,0.0,0.0,2.9,3.2,2.7,H
2016-2017,7,2016-09-30,20:00,Fri,Everton,Crystal Palace,1.0,1.0,38758.0,Goodison Park,J Moss,1.0,0.0,13.0,10.0,3.0,2.0,10.0,9.0,16.0,11.0,5.0,4.0,0.0,0.0,1.73,4.0,5.0,D
2016-2017,7,2016-10-01,12:30,Sat,Swansea City,Liverpool,1.0,2.0,20862.0,Liberty Stadium,M Oliver,1.0,0.0,8.0,18.0,3.0,6.0,3.0,10.0,11.0,9.0,2.0,2.0,0.0,0.0,8.0,4.75,1.45,A
2016-2017,7,2016-10-01,15:00,Sat,West Ham,Middlesbrough,1.0,1.0,56945.0,London Stadium,N Swarbrick,0.0,0.0,19.0,9.0,2.0,3.0,4.0,5.0,13.0,12.0,2.0,3.0,0.0,0.0,2.25,3.4,3.5,D
2016-2017,7,2016-10-01,15:00,Sat,Sunderland,West Brom,1.0,1.0,40043.0,Stadium of Light,S Attwell,0.0,1.0,7.0,17.0,2.0,7.0,6.0,5.0,7.0,13.0,1.0,3.0,0.0,0.0,2.5,3.25,3.2,D
2016-2017,7,2016-10-01,15:00,Sat,Hull City,Chelsea,0.0,2.0,21257.0,Kingston Communications Stadium,A Taylor,0.0,0.0,8.0,22.0,3.0,9.0,5.0,7.0,13.0,15.0,2.0,2.0,0.0,0.0,7.5,4.5,1.5,A
2016-2017,7,2016-10-01,15:00,Sat,Watford,Bournemouth,2.0,2.0,20575.0,Vicarage Road Stadium,M Dean,0.0,1.0,17.0,11.0,7.0,2.0,4.0,5.0,17.0,12.0,3.0,4.0,0.0,0.0,2.38,3.3,3.3,D
2016-2017,7,2016-10-02,12:00,Sun,Manchester United,Stoke City,1.0,1.0,75251.0,Old Trafford,R Madley,0.0,0.0,24.0,7.0,9.0,6.0,13.0,2.0,14.0,9.0,3.0,0.0,0.0,0.0,1.33,5.75,10.0,D
2016-2017,7,2016-10-02,14:15,Sun,Tottenham,Manchester City,2.0,0.0,31793.0,White Hart Lane,A Marriner,2.0,0.0,13.0,12.0,7.0,6.0,4.0,3.0,20.0,10.0,2.0,2.0,0.0,0.0,3.0,3.5,2.5,H
2016-2017,7,2016-10-02,14:15,Sun,Leicester City,Southampton,0.0,0.0,31563.0,King Power Stadium,M Atkinson,0.0,0.0,9.0,11.0,1.0,5.0,3.0,6.0,9.0,9.0,1.0,0.0,0.0,0.0,2.25,3.4,3.5,D
2016-2017,7,2016-10-02,16:30,Sun,Burnley,Arsenal,0.0,1.0,20982.0,Turf Moor,C Pawson,0.0,0.0,10.0,18.0,1.0,3.0,2.0,6.0,2.0,3.0,0.0,0.0,0.0,0.0,9.0,5.0,1.4,A
2016-2017,8,2016-10-15,12:30,Sat,Chelsea,Leicester City,3.0,0.0,41547.0,Stamford Bridge,A Marriner,2.0,0.0,16.0,5.0,6.0,0.0,8.0,5.0,6.0,12.0,1.0,1.0,0.0,0.0,1.57,4.5,6.0,H
2016-2017,8,2016-10-15,15:00,Sat,Stoke City,Sunderland,2.0,0.0,27701.0,Bet365 Stadium,M Jones,2.0,0.0,18.0,11.0,6.0,1.0,6.0,4.0,10.0,13.0,1.0,1.0,0.0,0.0,2.0,3.6,4.0,H
2016-2017,8,2016-10-15,15:00,Sat,Manchester City,Everton,1.0,1.0,54512.0,Etihad Stadium,M Oliver,0.0,0.0,19.0,3.0,8.0,2.0,13.0,1.0,7.0,9.0,0.0,2.0,0.0,0.0,1.5,4.75,7.0,D
2016-2017,8,2016-10-15,15:00,Sat,Bournemouth,Hull City,6.0,1.0,11029.0,Vitality Stadium,L Mason,3.0,1.0,22.0,11.0,10.0,4.0,5.0,4.0,8.0,14.0,0.0,3.0,0.0,0.0,1.85,3.5,5.0,H
2016-2017,8,2016-10-15,15:00,Sat,West Brom,Tottenham,1.0,1.0,24263.0,The Hawthorns,K Friend,0.0,0.0,8.0,20.0,4.0,8.0,5.0,8.0,14.0,10.0,2.0,2.0,0.0,0.0,5.5,3.8,1.73,D
2016-2017,8,2016-10-15,15:00,Sat,Arsenal,Swansea City,3.0,2.0,60007.0,Emirates Stadium,J Moss,2.0,1.0,16.0,13.0,6.0,6.0,5.0,6.0,7.0,10.0,0.0,1.0,1.0,0.0,1.29,6.5,11.0,H
2016-2017,8,2016-10-15,17:30,Sat,Crystal Palace,West Ham,0.0,1.0,25643.0,Selhurst Park,M Atkinson,0.0,1.0,12.0,12.0,3.0,4.0,7.0,6.0,12.0,13.0,1.0,3.0,0.0,1.0,2.15,3.5,3.6,A
2016-2017,8,2016-10-16,13:30,Sun,Middlesbrough,Watford,0.0,1.0,28131.0,Riverside Stadium,R East,0.0,0.0,10.0,4.0,3.0,2.0,4.0,6.0,15.0,10.0,4.0,1.0,0.0,0.0,2.25,3.3,3.6,A
2016-2017,8,2016-10-16,16:00,Sun,Southampton,Burnley,3.0,1.0,29040.0,St. Mary's Stadium,M Dean,0.0,0.0,34.0,6.0,14.0,1.0,8.0,4.0,11.0,10.0,1.0,2.0,0.0,0.0,1.4,4.8,9.5,H
2016-2017,8,2016-10-17,20:00,Mon,Liverpool,Manchester United,0.0,0.0,52769.0,Anfield,A Taylor,0.0,0.0,9.0,7.0,3.0,1.0,3.0,1.0,14.0,20.0,0.0,4.0,0.0,0.0,2.2,3.5,3.5,D
2016-2017,9,2016-10-22,12:30,Sat,Bournemouth,Tottenham,0.0,0.0,11201.0,Vitality Stadium,C Pawson,0.0,0.0,8.0,16.0,1.0,4.0,7.0,4.0,10.0,15.0,2.0,4.0,0.0,0.0,4.2,3.6,1.95,D
2016-2017,9,2016-10-22,15:00,Sat,Leicester City,Crystal Palace,3.0,1.0,31969.0,King Power Stadium,M Oliver,1.0,0.0,17.0,23.0,4.0,7.0,8.0,8.0,10.0,8.0,0.0,0.0,0.0,0.0,2.05,3.5,3.9,H
2016-2017,9,2016-10-22,15:00,Sat,Hull City,Stoke City,0.0,2.0,18522.0,Kingston Communications Stadium,K Friend,0.0,1.0,9.0,12.0,2.0,6.0,5.0,7.0,16.0,8.0,2.0,3.0,0.0,0.0,3.1,3.3,2.5,A
2016-2017,9,2016-10-22,15:00,Sat,Arsenal,Middlesbrough,0.0,0.0,59982.0,Emirates Stadium,M Dean,0.0,0.0,9.0,11.0,5.0,4.0,8.0,3.0,6.0,13.0,1.0,0.0,0.0,0.0,1.25,6.5,15.0,D
2016-2017,9,2016-10-22,15:00,Sat,West Ham,Sunderland,1.0,0.0,56985.0,London Stadium,R Madley,0.0,0.0,20.0,10.0,3.0,2.0,6.0,2.0,10.0,13.0,2.0,5.0,0.0,0.0,1.67,4.0,5.75,H
2016-2017,9,2016-10-22,15:00,Sat,Swansea City,Watford,0.0,0.0,20694.0,Liberty Stadium,P Tierney,0.0,0.0,11.0,10.0,5.0,2.0,7.0,2.0,15.0,16.0,2.0,1.0,0.0,0.0,2.38,3.3,3.3,D
2016-2017,9,2016-10-22,15:00,Sat,Burnley,Everton,2.0,1.0,21416.0,Turf Moor,M Jones,1.0,0.0,9.0,20.0,3.0,8.0,2.0,8.0,16.0,15.0,2.0,3.0,0.0,0.0,6.0,3.8,1.67,H
2016-2017,9,2016-10-22,17:30,Sat,Liverpool,West Brom,2.0,1.0,53218.0,Anfield,N Swarbrick,2.0,0.0,21.0,6.0,7.0,1.0,3.0,2.0,9.0,13.0,1.0,3.0,0.0,0.0,1.29,6.0,13.0,H
2016-2017,9,2016-10-23,13:30,Sun,Manchester City,Southampton,1.0,1.0,53731.0,Etihad Stadium,M Clattenburg,0.0,1.0,14.0,6.0,3.0,2.0,10.0,3.0,11.0,10.0,3.0,3.0,0.0,0.0,1.5,4.5,7.5,D
2016-2017,9,2016-10-23,16:00,Sun,Chelsea,Manchester United,4.0,0.0,41424.0,Stamford Bridge,M Atkinson,2.0,0.0,14.0,16.0,6.0,5.0,5.0,7.0,7.0,17.0,3.0,2.0,0.0,0.0,2.15,3.4,3.8,H
2016-2017,10,2016-10-29,12:30,Sat,Sunderland,Arsenal,1.0,4.0,44322.0,Stadium of Light,M Atkinson,0.0,1.0,3.0,21.0,1.0,7.0,0.0,8.0,9.0,13.0,4.0,3.0,0.0,0.0,9.0,5.0,1.4,A
2016-2017,10,2016-10-29,15:00,Sat,Manchester United,Burnley,0.0,0.0,75325.0,Old Trafford,M Clattenburg,0.0,0.0,37.0,7.0,11.0,1.0,19.0,1.0,12.0,9.0,1.0,3.0,1.0,0.0,1.2,7.0,19.0,D
2016-2017,10,2016-10-29,15:00,Sat,West Brom,Manchester City,0.0,4.0,22470.0,The Hawthorns,L Mason,0.0,2.0,9.0,21.0,1.0,8.0,1.0,7.0,17.0,10.0,4.0,3.0,0.0,0.0,8.0,4.75,1.44,A
2016-2017,10,2016-10-29,15:00,Sat,Watford,Hull City,1.0,0.0,20022.0,Vicarage Road Stadium,J Moss,0.0,0.0,22.0,8.0,0.0,2.0,7.0,2.0,13.0,8.0,1.0,2.0,0.0,0.0,1.75,3.75,5.25,H
2016-2017,10,2016-10-29,15:00,Sat,Middlesbrough,Bournemouth,2.0,0.0,29600.0,Riverside Stadium,S Attwell,1.0,0.0,10.0,15.0,3.0,3.0,4.0,7.0,3.0,5.0,1.0,1.0,0.0,0.0,2.5,3.2,3.2,H
2016-2017,10,2016-10-29,15:00,Sat,Tottenham,Leicester City,1.0,1.0,31868.0,White Hart Lane,R Madley,1.0,0.0,22.0,6.0,5.0,1.0,8.0,1.0,11.0,20.0,3.0,4.0,0.0,0.0,1.62,4.2,6.0,D
2016-2017,10,2016-10-29,17:30,Sat,Crystal Palace,Liverpool,2.0,4.0,25628.0,Selhurst Park,A Marriner,2.0,3.0,7.0,17.0,6.0,10.0,3.0,3.0,15.0,5.0,1.0,2.0,0.0,0.0,5.25,4.0,1.7,A
2016-2017,10,2016-10-30,13:30,Sun,Everton,West Ham,2.0,0.0,39574.0,Goodison Park,A Taylor,0.0,0.0,17.0,13.0,6.0,3.0,8.0,8.0,15.0,12.0,2.0,3.0,0.0,0.0,1.8,3.8,4.75,H
2016-2017,10,2016-10-30,16:00,Sun,Southampton,Chelsea,0.0,2.0,31827.0,St. Mary's Stadium,M Jones,0.0,1.0,9.0,13.0,1.0,7.0,7.0,3.0,13.0,16.0,0.0,0.0,0.0,0.0,3.2,3.4,2.4,A
2016-2017,10,2016-10-31,20:00,Mon,Stoke City,Swansea City,3.0,1.0,26602.0,Bet365 Stadium,M Oliver,1.0,1.0,17.0,14.0,4.0,6.0,6.0,4.0,7.0,14.0,2.0,0.0,0.0,0.0,2.05,3.6,3.8,H
2016-2017,11,2016-11-05,15:00,Sat,Burnley,Crystal Palace,3.0,2.0,19196.0,Turf Moor,A Taylor,2.0,0.0,14.0,16.0,7.0,5.0,4.0,7.0,11.0,12.0,1.0,2.0,0.0,0.0,3.3,3.3,2.38,H
2016-2017,11,2016-11-05,15:00,Sat,West Ham,Stoke City,1.0,1.0,56970.0,London Stadium,A Marriner,0.0,0.0,9.0,12.0,2.0,4.0,6.0,4.0,11.0,10.0,4.0,1.0,0.0,0.0,2.0,3.6,4.0,D
2016-2017,11,2016-11-05,15:00,Sat,Manchester City,Middlesbrough,1.0,1.0,54294.0,Etihad Stadium,K Friend,1.0,0.0,25.0,5.0,7.0,3.0,8.0,2.0,7.0,15.0,1.0,3.0,0.0,0.0,1.22,7.0,15.0,D
2016-2017,11,2016-11-05,15:00,Sat,Bournemouth,Sunderland,1.0,2.0,11084.0,Vitality Stadium,M Dean,1.0,1.0,22.0,9.0,7.0,4.0,12.0,2.0,14.0,17.0,3.0,2.0,0.0,1.0,1.65,4.2,5.5,A
2016-2017,11,2016-11-05,17:30,Sat,Chelsea,Everton,5.0,0.0,41429.0,Stamford Bridge,R Madley,3.0,0.0,21.0,1.0,9.0,0.0,4.0,2.0,5.0,16.0,0.0,3.0,0.0,0.0,1.53,4.33,7.0,H
2016-2017,11,2016-11-06,12:00,Sun,Arsenal,Tottenham,1.0,1.0,60039.0,Emirates Stadium,M Clattenburg,1.0,0.0,15.0,10.0,2.0,3.0,7.0,2.0,11.0,17.0,1.0,2.0,0.0,0.0,1.95,3.6,4.2,D
2016-2017,11,2016-11-06,14:15,Sun,Liverpool,Watford,6.0,1.0,53163.0,Anfield,M Oliver,3.0,0.0,28.0,11.0,17.0,8.0,6.0,3.0,14.0,10.0,1.0,2.0,0.0,0.0,1.29,6.0,12.0,H
2016-2017,11,2016-11-06,14:15,Sun,Hull City,Southampton,2.0,1.0,17768.0,Kingston Communications Stadium,G Scott,0.0,1.0,6.0,19.0,2.0,7.0,1.0,10.0,13.0,15.0,0.0,5.0,0.0,0.0,5.75,3.8,1.7,H
2016-2017,11,2016-11-06,15:00,Sun,Swansea City,Manchester United,1.0,3.0,20938.0,Liberty Stadium,N Swarbrick,0.0,3.0,6.0,9.0,1.0,3.0,2.0,0.0,9.0,16.0,0.0,2.0,0.0,0.0,5.0,4.0,1.73,A
2016-2017,11,2016-11-06,16:30,Sun,Leicester City,West Brom,1.0,2.0,31879.0,King Power Stadium,C Pawson,0.0,0.0,5.0,11.0,2.0,5.0,5.0,6.0,8.0,8.0,0.0,2.0,0.0,0.0,1.8,3.6,5.25,A
2016-2017,12,2016-11-19,12:30,Sat,Manchester United,Arsenal,1.0,1.0,75264.0,Old Trafford,A Marriner,0.0,0.0,12.0,5.0,5.0,1.0,10.0,4.0,14.0,11.0,3.0,3.0,0.0,0.0,2.6,3.4,2.9,D
2016-2017,12,2016-11-19,15:00,Sat,Crystal Palace,Manchester City,1.0,2.0,25529.0,Selhurst Park,R Madley,0.0,1.0,9.0,10.0,2.0,4.0,2.0,7.0,12.0,15.0,1.0,2.0,0.0,0.0,6.5,4.5,1.53,A
2016-2017,12,2016-11-19,15:00,Sat,Everton,Swansea City,1.0,1.0,38773.0,Goodison Park,M Atkinson,0.0,1.0,14.0,5.0,6.0,3.0,10.0,3.0,13.0,12.0,4.0,2.0,0.0,0.0,1.6,4.33,6.0,D
2016-2017,12,2016-11-19,15:00,Sat,Sunderland,Hull City,3.0,0.0,41271.0,Stadium of Light,L Mason,1.0,0.0,11.0,17.0,4.0,7.0,2.0,8.0,9.0,8.0,1.0,0.0,1.0,0.0,2.15,3.4,3.8,H
2016-2017,12,2016-11-19,15:00,Sat,Stoke City,Bournemouth,0.0,1.0,27815.0,Bet365 Stadium,R East,0.0,1.0,14.0,9.0,6.0,2.0,3.0,4.0,17.0,10.0,3.0,2.0,0.0,0.0,2.3,3.4,3.4,A
2016-2017,12,2016-11-19,15:00,Sat,Southampton,Liverpool,0.0,0.0,31848.0,St. Mary's Stadium,M Clattenburg,0.0,0.0,3.0,15.0,0.0,2.0,1.0,8.0,8.0,11.0,1.0,1.0,0.0,0.0,3.4,3.6,2.2,D
2016-2017,12,2016-11-19,15:00,Sat,Watford,Leicester City,2.0,1.0,20640.0,Vicarage Road Stadium,N Swarbrick,2.0,1.0,10.0,10.0,3.0,2.0,4.0,6.0,12.0,18.0,2.0,3.0,0.0,0.0,2.8,3.3,2.75,H
2016-2017,12,2016-11-19,17:30,Sat,Tottenham,West Ham,3.0,2.0,31212.0,White Hart Lane,M Dean,0.0,1.0,14.0,11.0,6.0,3.0,4.0,5.0,13.0,16.0,3.0,2.0,0.0,1.0,1.5,4.5,7.5,H
2016-2017,12,2016-11-20,16:00,Sun,Middlesbrough,Chelsea,0.0,1.0,32704.0,Riverside Stadium,J Moss,0.0,1.0,12.0,13.0,1.0,3.0,2.0,3.0,13.0,10.0,2.0,3.0,0.0,0.0,7.0,4.0,1.57,A
2016-2017,12,2016-11-21,20:00,Mon,West Brom,Burnley,4.0,0.0,23016.0,The Hawthorns,M Jones,3.0,0.0,16.0,5.0,6.0,2.0,4.0,3.0,12.0,12.0,0.0,0.0,0.0,0.0,1.95,3.4,4.5,H
2016-2017,13,2016-11-26,12:30,Sat,Burnley,Manchester City,1.0,2.0,21794.0,Turf Moor,A Marriner,1.0,1.0,10.0,21.0,5.0,5.0,5.0,8.0,5.0,15.0,2.0,3.0,0.0,0.0,9.0,6.0,1.33,A
2016-2017,13,2016-11-26,15:00,Sat,Leicester City,Middlesbrough,2.0,2.0,32058.0,King Power Stadium,L Mason,1.0,1.0,11.0,6.0,3.0,2.0,2.0,3.0,15.0,12.0,4.0,4.0,0.0,0.0,1.91,3.6,4.5,D
2016-2017,13,2016-11-26,15:00,Sat,Hull City,West Brom,1.0,1.0,18086.0,Kingston Communications Stadium,P Tierney,0.0,1.0,10.0,11.0,4.0,2.0,2.0,6.0,7.0,10.0,3.0,2.0,0.0,0.0,3.1,3.2,2.6,D
2016-2017,13,2016-11-26,15:00,Sat,Liverpool,Sunderland,2.0,0.0,53114.0,Anfield,A Taylor,0.0,0.0,27.0,6.0,7.0,1.0,9.0,4.0,5.0,9.0,1.0,3.0,0.0,0.0,1.17,8.5,19.0,H
2016-2017,13,2016-11-26,15:00,Sat,Swansea City,Crystal Palace,5.0,4.0,20276.0,Liberty Stadium,K Friend,1.0,1.0,18.0,12.0,9.0,4.0,10.0,6.0,12.0,24.0,4.0,5.0,0.0,0.0,2.63,3.4,2.88,H
2016-2017,13,2016-11-26,17:30,Sat,Chelsea,Tottenham,2.0,1.0,41513.0,Stamford Bridge,M Oliver,1.0,1.0,9.0,12.0,5.0,6.0,3.0,8.0,13.0,16.0,2.0,1.0,0.0,0.0,1.75,3.8,5.25,H
2016-2017,13,2016-11-27,12:00,Sun,Watford,Stoke City,0.0,1.0,20058.0,Vicarage Road Stadium,R Madley,0.0,1.0,11.0,14.0,2.0,1.0,3.0,3.0,24.0,14.0,3.0,0.0,1.0,0.0,2.4,3.3,3.3,A
2016-2017,13,2016-11-27,14:15,Sun,Arsenal,Bournemouth,3.0,1.0,59978.0,Emirates Stadium,M Jones,1.0,1.0,16.0,9.0,3.0,3.0,3.0,10.0,12.0,13.0,3.0,5.0,0.0,0.0,1.4,5.0,9.0,H
2016-2017,13,2016-11-27,16:30,Sun,Manchester United,West Ham,1.0,1.0,75313.0,Old Trafford,J Moss,1.0,1.0,17.0,6.0,8.0,2.0,8.0,4.0,16.0,16.0,3.0,1.0,0.0,0.0,1.45,4.75,8.0,D
2016-2017,13,2016-11-27,16:30,Sun,Southampton,Everton,1.0,0.0,31132.0,St. Mary's Stadium,C Pawson,1.0,0.0,17.0,13.0,7.0,1.0,5.0,2.0,11.0,15.0,0.0,2.0,0.0,0.0,2.2,3.4,3.6,H
2016-2017,14,2016-12-03,12:30,Sat,Manchester City,Chelsea,1.0,3.0,54457.0,Etihad Stadium,A Taylor,1.0,0.0,14.0,10.0,5.0,4.0,9.0,2.0,14.0,9.0,2.0,3.0,2.0,0.0,2.15,3.6,3.6,A
2016-2017,14,2016-12-03,15:00,Sat,Crystal Palace,Southampton,3.0,0.0,25393.0,Selhurst Park,N Swarbrick,2.0,0.0,9.0,17.0,4.0,3.0,4.0,9.0,11.0,13.0,3.0,1.0,0.0,0.0,3.5,3.3,2.3,H
2016-2017,14,2016-12-03,15:00,Sat,West Brom,Watford,3.0,1.0,22244.0,The Hawthorns,G Scott,2.0,0.0,11.0,17.0,3.0,5.0,3.0,4.0,12.0,8.0,2.0,1.0,0.0,1.0,2.2,3.3,3.75,H
2016-2017,14,2016-12-03,15:00,Sat,Stoke City,Burnley,2.0,0.0,27306.0,Bet365 Stadium,M Clattenburg,2.0,0.0,10.0,14.0,4.0,4.0,4.0,9.0,7.0,13.0,3.0,2.0,0.0,0.0,1.62,4.0,6.5,H
2016-2017,14,2016-12-03,15:00,Sat,Sunderland,Leicester City,2.0,1.0,39725.0,Stadium of Light,A Marriner,0.0,0.0,22.0,17.0,6.0,5.0,3.0,4.0,8.0,12.0,3.0,1.0,0.0,0.0,3.4,3.4,2.3,H
2016-2017,14,2016-12-03,15:00,Sat,Tottenham,Swansea City,5.0,0.0,31663.0,White Hart Lane,J Moss,2.0,0.0,28.0,1.0,15.0,0.0,5.0,0.0,11.0,17.0,0.0,4.0,0.0,0.0,1.36,5.5,9.0,H
2016-2017,14,2016-12-03,17:30,Sat,West Ham,Arsenal,1.0,5.0,56980.0,London Stadium,C Pawson,0.0,1.0,10.0,19.0,3.0,10.0,3.0,2.0,10.0,11.0,3.0,3.0,0.0,0.0,4.75,4.2,1.75,A
2016-2017,14,2016-12-04,13:30,Sun,Bournemouth,Liverpool,4.0,3.0,11183.0,Vitality Stadium,R Madley,0.0,2.0,12.0,10.0,8.0,3.0,4.0,9.0,9.0,17.0,2.0,2.0,0.0,0.0,5.0,4.0,1.75,H
2016-2017,14,2016-12-04,16:00,Sun,Everton,Manchester United,1.0,1.0,39550.0,Goodison Park,M Oliver,0.0,1.0,13.0,10.0,6.0,2.0,6.0,3.0,13.0,11.0,2.0,3.0,0.0,0.0,3.6,3.5,2.15,D
2016-2017,14,2016-12-05,20:00,Mon,Middlesbrough,Hull City,1.0,0.0,27395.0,Riverside Stadium,M Dean,0.0,0.0,16.0,6.0,4.0,2.0,13.0,7.0,6.0,11.0,1.0,1.0,0.0,0.0,1.83,3.5,5.25,H
2016-2017,15,2016-12-10,12:30,Sat,Watford,Everton,3.0,2.0,20769.0,Vicarage Road Stadium,A Taylor,1.0,1.0,11.0,11.0,6.0,4.0,2.0,4.0,11.0,16.0,2.0,2.0,0.0,0.0,3.1,3.4,2.45,H
2016-2017,15,2016-12-10,15:00,Sat,Hull City,Crystal Palace,3.0,3.0,17403.0,Kingston Communications Stadium,M Jones,1.0,0.0,15.0,14.0,6.0,6.0,4.0,7.0,16.0,14.0,2.0,4.0,0.0,0.0,3.5,3.3,2.3,D
2016-2017,15,2016-12-10,15:00,Sat,Swansea City,Sunderland,3.0,0.0,20453.0,Liberty Stadium,C Pawson,0.0,0.0,14.0,11.0,5.0,2.0,7.0,4.0,10.0,8.0,1.0,2.0,0.0,0.0,2.15,3.5,3.6,H
2016-2017,15,2016-12-10,15:00,Sat,Burnley,Bournemouth,3.0,2.0,19680.0,Turf Moor,M Atkinson,2.0,1.0,16.0,17.0,7.0,4.0,4.0,11.0,14.0,18.0,2.0,2.0,0.0,0.0,3.5,3.5,2.2,H
2016-2017,15,2016-12-10,15:00,Sat,Arsenal,Stoke City,3.0,1.0,59964.0,Emirates Stadium,L Mason,1.0,1.0,21.0,12.0,6.0,5.0,7.0,7.0,9.0,6.0,0.0,0.0,0.0,0.0,1.35,5.5,9.5,H
2016-2017,15,2016-12-10,17:30,Sat,Leicester City,Manchester City,4.0,2.0,31966.0,King Power Stadium,M Oliver,3.0,0.0,10.0,19.0,6.0,4.0,3.0,11.0,10.0,7.0,2.0,1.0,0.0,0.0,5.25,4.0,1.7,H
2016-2017,15,2016-12-11,12:00,Sun,Chelsea,West Brom,1.0,0.0,41622.0,Stamford Bridge,M Dean,0.0,0.0,12.0,6.0,2.0,1.0,3.0,1.0,6.0,10.0,2.0,4.0,0.0,0.0,1.25,6.25,15.0,H
2016-2017,15,2016-12-11,14:15,Sun,Southampton,Middlesbrough,1.0,0.0,28976.0,St. Mary's Stadium,S Attwell,0.0,0.0,14.0,6.0,3.0,2.0,4.0,2.0,14.0,12.0,4.0,3.0,0.0,0.0,1.7,3.7,6.0,H
2016-2017,15,2016-12-11,14:15,Sun,Manchester United,Tottenham,1.0,0.0,75271.0,Old Trafford,R Madley,1.0,0.0,15.0,12.0,5.0,4.0,3.0,8.0,19.0,17.0,3.0,3.0,0.0,0.0,2.2,3.4,3.6,H
2016-2017,15,2016-12-11,16:30,Sun,Liverpool,West Ham,2.0,2.0,53068.0,Anfield,M Clattenburg,1.0,2.0,18.0,7.0,3.0,3.0,11.0,4.0,7.0,8.0,2.0,0.0,0.0,0.0,1.3,6.0,11.0,D
2016-2017,16,2016-12-13,19:45,Tue,Everton,Arsenal,2.0,1.0,39510.0,Goodison Park,M Clattenburg,1.0,1.0,14.0,9.0,4.0,3.0,8.0,3.0,10.0,10.0,1.0,1.0,1.0,0.0,4.2,3.75,1.91,H
2016-2017,16,2016-12-13,19:45,Tue,Bournemouth,Leicester City,1.0,0.0,11068.0,Vitality Stadium,P Tierney,1.0,0.0,9.0,12.0,3.0,4.0,4.0,11.0,5.0,15.0,0.0,3.0,0.0,0.0,2.4,3.4,3.2,H
2016-2017,16,2016-12-14,19:45,Wed,Sunderland,Chelsea,0.0,1.0,41008.0,Stadium of Light,N Swarbrick,0.0,1.0,8.0,19.0,3.0,6.0,5.0,5.0,15.0,10.0,3.0,2.0,0.0,0.0,10.0,5.75,1.33,A
2016-2017,16,2016-12-14,19:45,Wed,Middlesbrough,Liverpool,0.0,3.0,32704.0,Riverside Stadium,J Moss,0.0,1.0,8.0,15.0,3.0,4.0,5.0,2.0,11.0,14.0,1.0,0.0,0.0,0.0,6.0,4.33,1.6,A
2016-2017,16,2016-12-14,19:45,Wed,West Ham,Burnley,1.0,0.0,56990.0,London Stadium,R Madley,1.0,0.0,20.0,8.0,7.0,2.0,6.0,1.0,12.0,15.0,0.0,2.0,0.0,0.0,1.67,4.0,5.75,H
2016-2017,16,2016-12-14,20:00,Wed,West Brom,Swansea City,3.0,1.0,21467.0,The Hawthorns,M Oliver,0.0,0.0,13.0,8.0,4.0,4.0,0.0,11.0,8.0,8.0,0.0,0.0,0.0,0.0,2.05,3.5,4.0,H
2016-2017,16,2016-12-14,20:00,Wed,Crystal Palace,Manchester United,1.0,2.0,25547.0,Selhurst Park,C Pawson,0.0,1.0,6.0,16.0,3.0,6.0,1.0,8.0,16.0,10.0,2.0,2.0,0.0,0.0,5.25,4.0,1.7,A
2016-2017,16,2016-12-14,20:00,Wed,Tottenham,Hull City,3.0,0.0,31347.0,White Hart Lane,A Marriner,1.0,0.0,27.0,10.0,9.0,5.0,5.0,5.0,6.0,14.0,0.0,2.0,0.0,0.0,1.22,7.0,15.0,H
2016-2017,16,2016-12-14,20:00,Wed,Manchester City,Watford,2.0,0.0,51527.0,Etihad Stadium,K Friend,1.0,0.0,13.0,5.0,7.0,2.0,5.0,2.0,16.0,20.0,1.0,2.0,0.0,0.0,1.29,6.5,11.0,H
2016-2017,16,2016-12-14,20:00,Wed,Stoke City,Southampton,0.0,0.0,27002.0,Bet365 Stadium,A Taylor,0.0,0.0,5.0,15.0,3.0,4.0,3.0,11.0,9.0,10.0,1.0,2.0,1.0,0.0,3.1,3.3,2.5,D
2016-2017,17,2016-12-17,12:30,Sat,Crystal Palace,Chelsea,0.0,1.0,25259.0,Selhurst Park,J Moss,0.0,1.0,6.0,13.0,2.0,6.0,5.0,3.0,12.0,15.0,2.0,3.0,0.0,0.0,6.5,4.2,1.57,A
2016-2017,17,2016-12-17,15:00,Sat,Sunderland,Watford,1.0,0.0,40267.0,Stadium of Light,R Madley,0.0,0.0,12.0,9.0,4.0,4.0,4.0,11.0,10.0,9.0,1.0,2.0,0.0,0.0,2.63,3.3,2.9,H
2016-2017,17,2016-12-17,15:00,Sat,Stoke City,Leicester City,2.0,2.0,27663.0,Bet365 Stadium,C Pawson,2.0,0.0,16.0,14.0,7.0,8.0,9.0,9.0,9.0,12.0,2.0,6.0,0.0,1.0,2.6,3.4,2.9,D
2016-2017,17,2016-12-17,15:00,Sat,West Ham,Hull City,1.0,0.0,56952.0,London Stadium,L Mason,0.0,0.0,18.0,16.0,6.0,5.0,10.0,6.0,13.0,9.0,2.0,4.0,0.0,0.0,1.62,4.1,6.0,H
2016-2017,17,2016-12-17,15:00,Sat,Middlesbrough,Swansea City,3.0,0.0,28302.0,Riverside Stadium,N Swarbrick,2.0,0.0,10.0,14.0,4.0,2.0,3.0,8.0,10.0,11.0,1.0,0.0,0.0,0.0,2.1,3.4,4.0,H
2016-2017,17,2016-12-17,17:30,Sat,West Brom,Manchester United,0.0,2.0,26308.0,The Hawthorns,A Taylor,0.0,1.0,10.0,10.0,1.0,5.0,2.0,3.0,9.0,13.0,3.0,3.0,0.0,0.0,5.75,3.8,1.7,A
2016-2017,17,2016-12-18,13:30,Sun,Bournemouth,Southampton,1.0,3.0,11113.0,Vitality Stadium,M Clattenburg,1.0,1.0,10.0,14.0,5.0,8.0,7.0,4.0,6.0,12.0,0.0,2.0,0.0,0.0,3.0,3.3,2.6,A
2016-2017,17,2016-12-18,16:00,Sun,Manchester City,Arsenal,2.0,1.0,54409.0,Etihad Stadium,M Atkinson,0.0,1.0,14.0,6.0,5.0,1.0,8.0,1.0,9.0,13.0,4.0,2.0,0.0,0.0,2.15,3.6,3.5,H
2016-2017,17,2016-12-18,16:00,Sun,Tottenham,Burnley,2.0,1.0,31467.0,White Hart Lane,K Friend,1.0,1.0,30.0,5.0,9.0,2.0,11.0,2.0,10.0,11.0,1.0,2.0,0.0,0.0,1.22,7.0,15.0,H
2016-2017,17,2016-12-19,20:00,Mon,Everton,Liverpool,0.0,1.0,39590.0,Goodison Park,M Dean,0.0,0.0,6.0,11.0,1.0,4.0,1.0,6.0,13.0,9.0,3.0,1.0,0.0,0.0,4.2,3.6,1.95,A
2016-2017,18,2016-12-26,12:30,Mon,Watford,Crystal Palace,1.0,1.0,20304.0,Vicarage Road Stadium,M Clattenburg,0.0,1.0,9.0,10.0,3.0,4.0,7.0,3.0,18.0,17.0,2.0,4.0,0.0,0.0,2.5,3.3,2.9,D
2016-2017,18,2016-12-26,15:00,Mon,Chelsea,Bournemouth,3.0,0.0,41384.0,Stamford Bridge,M Jones,1.0,0.0,14.0,7.0,4.0,3.0,5.0,5.0,13.0,14.0,1.0,1.0,0.0,0.0,1.36,5.0,8.5,H
2016-2017,18,2016-12-26,15:00,Mon,Arsenal,West Brom,1.0,0.0,59925.0,Emirates Stadium,N Swarbrick,0.0,0.0,26.0,3.0,11.0,1.0,6.0,5.0,11.0,7.0,2.0,1.0,0.0,0.0,1.33,5.5,8.5,H
2016-2017,18,2016-12-26,15:00,Mon,Swansea City,West Ham,1.0,4.0,20757.0,Liberty Stadium,A Marriner,0.0,1.0,14.0,14.0,7.0,7.0,8.0,4.0,10.0,12.0,0.0,0.0,0.0,0.0,2.63,3.2,2.8,A
2016-2017,18,2016-12-26,15:00,Mon,Leicester City,Everton,0.0,2.0,31985.0,King Power Stadium,S Attwell,0.0,0.0,7.0,8.0,2.0,3.0,3.0,4.0,14.0,7.0,3.0,0.0,0.0,0.0,2.5,3.3,2.9,A
2016-2017,18,2016-12-26,15:00,Mon,Manchester United,Sunderland,3.0,1.0,75325.0,Old Trafford,M Atkinson,1.0,0.0,26.0,7.0,9.0,4.0,5.0,5.0,6.0,9.0,1.0,1.0,0.0,0.0,1.22,6.5,13.0,H
2016-2017,18,2016-12-26,15:00,Mon,Burnley,Middlesbrough,1.0,0.0,21562.0,Turf Moor,C Pawson,0.0,0.0,6.0,8.0,4.0,2.0,7.0,3.0,17.0,18.0,6.0,5.0,0.0,0.0,2.9,3.1,2.6,H
2016-2017,18,2016-12-26,17:15,Mon,Hull City,Manchester City,0.0,3.0,23134.0,Kingston Communications Stadium,R Madley,0.0,0.0,10.0,16.0,3.0,6.0,4.0,7.0,11.0,14.0,1.0,0.0,0.0,0.0,10.0,5.5,1.3,A
2016-2017,18,2016-12-27,17:15,Tue,Liverpool,Stoke City,4.0,1.0,53094.0,Anfield,M Oliver,2.0,1.0,20.0,6.0,6.0,2.0,8.0,2.0,9.0,6.0,0.0,1.0,0.0,0.0,1.3,5.5,10.0,H
2016-2017,18,2016-12-28,19:45,Wed,Southampton,Tottenham,1.0,4.0,31853.0,St. Mary's Stadium,M Dean,1.0,1.0,9.0,17.0,2.0,5.0,2.0,10.0,7.0,16.0,1.0,4.0,1.0,0.0,2.8,3.25,2.6,A
2016-2017,19,2016-12-30,20:00,Fri,Hull City,Everton,2.0,2.0,20111.0,Kingston Communications Stadium,J Moss,1.0,1.0,13.0,20.0,4.0,7.0,5.0,5.0,10.0,13.0,2.0,2.0,0.0,0.0,4.33,3.5,1.95,D
2016-2017,19,2016-12-31,15:00,Sat,Chelsea,Stoke City,4.0,2.0,41601.0,Stamford Bridge,R Madley,1.0,0.0,18.0,5.0,7.0,2.0,8.0,3.0,12.0,10.0,3.0,2.0,0.0,0.0,1.25,6.5,14.0,H
2016-2017,19,2016-12-31,15:00,Sat,Leicester City,West Ham,1.0,0.0,32060.0,King Power Stadium,A Taylor,1.0,0.0,12.0,25.0,4.0,5.0,7.0,7.0,11.0,8.0,5.0,3.0,0.0,0.0,2.1,3.6,3.7,H
2016-2017,19,2016-12-31,15:00,Sat,Southampton,West Brom,1.0,2.0,30975.0,St. Mary's Stadium,M Jones,1.0,1.0,10.0,7.0,1.0,3.0,8.0,3.0,13.0,17.0,1.0,3.0,1.0,0.0,1.75,3.7,5.5,A
2016-2017,19,2016-12-31,15:00,Sat,Burnley,Sunderland,4.0,1.0,21124.0,Turf Moor,G Scott,1.0,0.0,16.0,11.0,6.0,3.0,6.0,2.0,10.0,8.0,1.0,1.0,0.0,0.0,2.4,3.25,3.3,H
2016-2017,19,2016-12-31,15:00,Sat,Swansea City,Bournemouth,0.0,3.0,20316.0,Liberty Stadium,K Friend,0.0,2.0,14.0,11.0,5.0,6.0,4.0,3.0,14.0,9.0,2.0,0.0,0.0,0.0,2.9,3.4,2.6,A
2016-2017,19,2016-12-31,15:00,Sat,Manchester United,Middlesbrough,2.0,1.0,75314.0,Old Trafford,L Mason,0.0,0.0,32.0,9.0,12.0,2.0,12.0,2.0,9.0,14.0,1.0,1.0,0.0,0.0,1.25,6.0,16.0,H
2016-2017,19,2016-12-31,17:30,Sat,Liverpool,Manchester City,1.0,0.0,53120.0,Anfield,C Pawson,1.0,0.0,5.0,9.0,1.0,2.0,4.0,6.0,12.0,12.0,2.0,1.0,0.0,0.0,2.35,3.6,3.1,H
2016-2017,19,2017-01-01,13:30,Sun,Watford,Tottenham,1.0,4.0,20882.0,Vicarage Road Stadium,M Oliver,0.0,3.0,6.0,19.0,2.0,6.0,0.0,3.0,11.0,6.0,3.0,0.0,0.0,0.0,5.5,3.75,1.62,A
2016-2017,19,2017-01-01,16:00,Sun,Arsenal,Crystal Palace,2.0,0.0,59975.0,Emirates Stadium,A Marriner,1.0,0.0,22.0,7.0,7.0,4.0,8.0,4.0,9.0,7.0,1.0,1.0,0.0,0.0,1.29,5.5,9.5,H
2016-2017,20,2017-01-02,12:30,Mon,Middlesbrough,Leicester City,0.0,0.0,32437.0,Riverside Stadium,R Madley,0.0,0.0,9.0,10.0,1.0,4.0,2.0,2.0,10.0,9.0,3.0,0.0,0.0,0.0,2.75,3.2,2.88,D
2016-2017,20,2017-01-02,15:00,Mon,Manchester City,Burnley,2.0,1.0,54463.0,Etihad Stadium,L Mason,0.0,0.0,14.0,11.0,3.0,3.0,8.0,8.0,11.0,11.0,4.0,3.0,1.0,0.0,1.17,8.5,19.0,H
2016-2017,20,2017-01-02,15:00,Mon,Everton,Southampton,3.0,0.0,38891.0,Goodison Park,K Friend,0.0,0.0,17.0,12.0,6.0,3.0,10.0,8.0,5.0,14.0,0.0,1.0,0.0,0.0,2.2,3.4,3.6,H
2016-2017,20,2017-01-02,15:00,Mon,West Brom,Hull City,3.0,1.0,23402.0,The Hawthorns,M Clattenburg,0.0,1.0,8.0,17.0,5.0,6.0,7.0,9.0,5.0,4.0,0.0,0.0,0.0,0.0,1.75,3.7,5.5,H
2016-2017,20,2017-01-02,15:00,Mon,Sunderland,Liverpool,2.0,2.0,46494.0,Stadium of Light,A Taylor,1.0,1.0,10.0,21.0,5.0,15.0,2.0,5.0,10.0,10.0,2.0,3.0,0.0,0.0,11.0,5.5,1.33,D
2016-2017,20,2017-01-02,17:15,Mon,West Ham,Manchester United,0.0,2.0,56996.0,London Stadium,M Dean,0.0,0.0,8.0,13.0,2.0,6.0,2.0,1.0,9.0,13.0,1.0,2.0,1.0,0.0,6.0,4.0,1.65,A
2016-2017,20,2017-01-03,19:45,Tue,Bournemouth,Arsenal,3.0,3.0,11202.0,Vitality Stadium,M Oliver,2.0,0.0,12.0,14.0,6.0,4.0,4.0,7.0,10.0,12.0,3.0,3.0,1.0,0.0,4.33,3.4,1.85,D
2016-2017,20,2017-01-03,20:00,Tue,Crystal Palace,Swansea City,1.0,2.0,24913.0,Selhurst Park,P Tierney,0.0,1.0,7.0,11.0,3.0,4.0,4.0,5.0,13.0,14.0,2.0,1.0,0.0,0.0,1.75,3.5,4.75,A
2016-2017,20,2017-01-03,20:00,Tue,Stoke City,Watford,2.0,0.0,27010.0,Bet365 Stadium,N Swarbrick,1.0,0.0,17.0,9.0,5.0,2.0,7.0,6.0,10.0,15.0,1.0,2.0,0.0,0.0,1.8,3.5,4.5,H
2016-2017,20,2017-01-04,20:00,Wed,Tottenham,Chelsea,2.0,0.0,31491.0,White Hart Lane,M Atkinson,1.0,0.0,9.0,11.0,2.0,2.0,1.0,6.0,9.0,8.0,3.0,2.0,0.0,0.0,2.63,3.25,2.63,H
2016-2017,21,2017-01-14,12:30,Sat,Tottenham,West Brom,4.0,0.0,31613.0,White Hart Lane,A Taylor,2.0,0.0,21.0,3.0,11.0,0.0,8.0,0.0,11.0,12.0,0.0,2.0,0.0,0.0,1.33,5.5,11.0,H
2016-2017,21,2017-01-14,15:00,Sat,Swansea City,Arsenal,0.0,4.0,20875.0,Liberty Stadium,M Jones,0.0,1.0,12.0,14.0,3.0,6.0,3.0,2.0,12.0,8.0,2.0,0.0,0.0,0.0,7.0,4.75,1.5,A
2016-2017,21,2017-01-14,15:00,Sat,Sunderland,Stoke City,1.0,3.0,42722.0,Stadium of Light,M Dean,1.0,3.0,14.0,14.0,3.0,6.0,5.0,2.0,16.0,11.0,3.0,1.0,0.0,0.0,3.1,3.3,2.5,A
2016-2017,21,2017-01-14,15:00,Sat,Burnley,Southampton,1.0,0.0,20254.0,Turf Moor,P Tierney,0.0,0.0,9.0,20.0,3.0,5.0,2.0,7.0,14.0,14.0,1.0,2.0,0.0,0.0,3.6,3.4,2.2,H
2016-2017,21,2017-01-14,15:00,Sat,Hull City,Bournemouth,3.0,1.0,17963.0,Kingston Communications Stadium,M Atkinson,1.0,1.0,14.0,8.0,3.0,6.0,4.0,5.0,13.0,11.0,0.0,1.0,0.0,0.0,3.3,3.5,2.3,H
2016-2017,21,2017-01-14,15:00,Sat,Watford,Middlesbrough,0.0,0.0,20659.0,Vicarage Road Stadium,J Moss,0.0,0.0,12.0,5.0,5.0,1.0,3.0,1.0,15.0,15.0,3.0,1.0,0.0,0.0,2.5,3.2,3.2,D
2016-2017,21,2017-01-14,15:00,Sat,West Ham,Crystal Palace,3.0,0.0,56984.0,London Stadium,N Swarbrick,0.0,0.0,14.0,10.0,3.0,1.0,2.0,2.0,10.0,14.0,4.0,2.0,0.0,0.0,2.38,3.4,3.2,H
2016-2017,21,2017-01-14,17:30,Sat,Leicester City,Chelsea,0.0,3.0,32066.0,King Power Stadium,A Marriner,0.0,1.0,7.0,8.0,2.0,3.0,3.0,5.0,8.0,9.0,1.0,0.0,0.0,0.0,6.0,4.1,1.62,A
2016-2017,21,2017-01-15,13:30,Sun,Everton,Manchester City,4.0,0.0,39588.0,Goodison Park,M Clattenburg,1.0,0.0,6.0,13.0,4.0,5.0,3.0,6.0,17.0,7.0,2.0,2.0,0.0,0.0,4.5,4.0,1.8,H
2016-2017,21,2017-01-15,16:00,Sun,Manchester United,Liverpool,1.0,1.0,75276.0,Old Trafford,M Oliver,0.0,1.0,9.0,13.0,3.0,4.0,5.0,7.0,17.0,13.0,1.0,3.0,0.0,0.0,2.15,3.4,3.75,D
2016-2017,22,2017-01-21,12:30,Sat,Liverpool,Swansea City,2.0,3.0,53169.0,Anfield,K Friend,0.0,0.0,16.0,6.0,5.0,3.0,6.0,3.0,7.0,7.0,1.0,1.0,0.0,0.0,1.22,7.0,15.0,A
2016-2017,22,2017-01-21,15:00,Sat,Bournemouth,Watford,2.0,2.0,11123.0,Vitality Stadium,L Mason,0.0,1.0,15.0,10.0,5.0,3.0,9.0,4.0,6.0,16.0,1.0,1.0,0.0,0.0,1.83,3.75,4.75,D
2016-2017,22,2017-01-21,15:00,Sat,Middlesbrough,West Ham,1.0,3.0,30848.0,Riverside Stadium,M Atkinson,1.0,2.0,11.0,13.0,2.0,5.0,7.0,5.0,7.0,14.0,2.0,1.0,0.0,0.0,2.5,3.2,3.25,A
2016-2017,22,2017-01-21,15:00,Sat,West Brom,Sunderland,2.0,0.0,24380.0,The Hawthorns,C Pawson,2.0,0.0,14.0,9.0,5.0,3.0,1.0,4.0,15.0,12.0,1.0,1.0,0.0,0.0,1.7,3.8,5.75,H
2016-2017,22,2017-01-21,15:00,Sat,Crystal Palace,Everton,0.0,1.0,25594.0,Selhurst Park,A Taylor,0.0,0.0,8.0,16.0,2.0,8.0,8.0,7.0,10.0,15.0,0.0,1.0,0.0,0.0,3.25,3.4,2.38,A
2016-2017,22,2017-01-21,15:00,Sat,Stoke City,Manchester United,1.0,1.0,27423.0,Bet365 Stadium,M Clattenburg,1.0,0.0,6.0,25.0,1.0,8.0,1.0,7.0,12.0,13.0,4.0,0.0,0.0,0.0,6.0,4.2,1.6,D
2016-2017,22,2017-01-21,17:30,Sat,Manchester City,Tottenham,2.0,2.0,54402.0,Etihad Stadium,A Marriner,0.0,0.0,17.0,6.0,7.0,2.0,5.0,4.0,10.0,7.0,2.0,4.0,0.0,0.0,2.15,3.5,3.6,D
2016-2017,22,2017-01-22,12:00,Sun,Southampton,Leicester City,3.0,0.0,30548.0,St. Mary's Stadium,M Oliver,2.0,0.0,20.0,11.0,7.0,2.0,7.0,2.0,8.0,10.0,0.0,1.0,0.0,0.0,1.83,3.5,5.25,H
2016-2017,22,2017-01-22,14:15,Sun,Arsenal,Burnley,2.0,1.0,59955.0,Emirates Stadium,J Moss,0.0,0.0,24.0,13.0,8.0,7.0,10.0,4.0,12.0,11.0,1.0,3.0,1.0,0.0,1.2,7.5,17.0,H
2016-2017,22,2017-01-22,16:30,Sun,Chelsea,Hull City,2.0,0.0,41605.0,Stamford Bridge,N Swarbrick,1.0,0.0,9.0,9.0,5.0,4.0,9.0,7.0,12.0,10.0,1.0,3.0,0.0,0.0,1.18,8.0,19.0,H
2016-2017,23,2017-01-31,19:45,Tue,Sunderland,Tottenham,0.0,0.0,40058.0,Stadium of Light,L Mason,0.0,0.0,3.0,14.0,1.0,3.0,2.0,12.0,9.0,13.0,2.0,1.0,0.0,0.0,9.5,5.25,1.36,D
2016-2017,23,2017-01-31,19:45,Tue,Middlesbrough,West Brom,1.0,1.0,27316.0,Riverside Stadium,S Attwell,1.0,1.0,11.0,16.0,3.0,5.0,4.0,2.0,12.0,13.0,2.0,1.0,0.0,0.0,2.7,3.1,3.0,D
2016-2017,23,2017-01-31,19:45,Tue,Burnley,Leicester City,1.0,0.0,19202.0,Turf Moor,M Dean,0.0,0.0,24.0,13.0,3.0,5.0,10.0,2.0,4.0,8.0,1.0,0.0,0.0,0.0,2.9,3.25,2.7,H
2016-2017,23,2017-01-31,19:45,Tue,Bournemouth,Crystal Palace,0.0,2.0,11286.0,Vitality Stadium,J Moss,0.0,0.0,10.0,11.0,2.0,4.0,2.0,3.0,14.0,23.0,0.0,4.0,0.0,0.0,2.05,3.5,3.9,A
2016-2017,23,2017-01-31,19:45,Tue,Arsenal,Watford,1.0,2.0,60035.0,Emirates Stadium,A Marriner,0.0,2.0,20.0,10.0,5.0,6.0,9.0,5.0,12.0,15.0,3.0,3.0,0.0,0.0,1.22,7.0,15.0,A
2016-2017,23,2017-01-31,19:45,Tue,Swansea City,Southampton,2.0,1.0,20359.0,Liberty Stadium,R East,1.0,0.0,11.0,10.0,5.0,2.0,5.0,4.0,10.0,19.0,2.0,0.0,0.0,0.0,3.4,3.4,2.3,H
2016-2017,23,2017-01-31,20:00,Tue,Liverpool,Chelsea,1.0,1.0,53157.0,Anfield,M Clattenburg,0.0,1.0,7.0,8.0,3.0,2.0,3.0,3.0,13.0,8.0,2.0,1.0,0.0,0.0,2.65,3.25,2.9,D
2016-2017,23,2017-02-01,19:45,Wed,West Ham,Manchester City,0.0,4.0,56980.0,London Stadium,K Friend,0.0,3.0,6.0,11.0,1.0,4.0,2.0,4.0,11.0,14.0,3.0,3.0,0.0,0.0,6.0,4.5,1.57,A
2016-2017,23,2017-02-01,20:00,Wed,Manchester United,Hull City,0.0,0.0,75297.0,Old Trafford,M Jones,0.0,0.0,15.0,6.0,6.0,2.0,7.0,1.0,20.0,16.0,1.0,4.0,0.0,0.0,1.2,7.5,17.0,D
2016-2017,23,2017-02-01,20:00,Wed,Stoke City,Everton,1.0,1.0,27612.0,Bet365 Stadium,C Pawson,1.0,1.0,14.0,14.0,7.0,5.0,5.0,5.0,21.0,12.0,1.0,0.0,0.0,0.0,2.88,3.4,2.63,D
2016-2017,24,2017-02-04,12:30,Sat,Chelsea,Arsenal,3.0,1.0,41490.0,Stamford Bridge,M Atkinson,1.0,0.0,13.0,9.0,6.0,5.0,10.0,13.0,14.0,8.0,1.0,1.0,0.0,0.0,1.95,3.6,4.2,H
2016-2017,24,2017-02-04,15:00,Sat,West Brom,Stoke City,1.0,0.0,23921.0,The Hawthorns,K Friend,1.0,0.0,16.0,12.0,4.0,2.0,5.0,6.0,6.0,13.0,2.0,2.0,0.0,0.0,2.3,3.25,3.5,H
2016-2017,24,2017-02-04,15:00,Sat,Everton,Bournemouth,6.0,3.0,39026.0,Goodison Park,M Jones,3.0,0.0,15.0,18.0,10.0,8.0,4.0,8.0,14.0,4.0,3.0,1.0,0.0,0.0,1.7,4.0,5.25,H
2016-2017,24,2017-02-04,15:00,Sat,Crystal Palace,Sunderland,0.0,4.0,25310.0,Selhurst Park,A Marriner,0.0,4.0,21.0,10.0,9.0,7.0,6.0,1.0,8.0,8.0,3.0,3.0,0.0,0.0,1.7,3.9,5.5,A
2016-2017,24,2017-02-04,15:00,Sat,Hull City,Liverpool,2.0,0.0,24822.0,Kingston Communications Stadium,L Mason,1.0,0.0,7.0,22.0,4.0,5.0,1.0,15.0,9.0,12.0,2.0,1.0,0.0,0.0,8.0,4.75,1.45,H
2016-2017,24,2017-02-04,15:00,Sat,Watford,Burnley,2.0,1.0,20178.0,Vicarage Road Stadium,M Oliver,2.0,0.0,16.0,11.0,7.0,7.0,3.0,6.0,12.0,10.0,5.0,0.0,0.0,1.0,2.15,3.3,3.9,H
2016-2017,24,2017-02-04,15:00,Sat,Southampton,West Ham,1.0,3.0,31891.0,St. Mary's Stadium,G Scott,1.0,2.0,21.0,6.0,7.0,4.0,3.0,2.0,12.0,15.0,0.0,2.0,0.0,0.0,1.85,3.75,4.5,A
2016-2017,24,2017-02-04,17:30,Sat,Tottenham,Middlesbrough,1.0,0.0,31949.0,White Hart Lane,M Clattenburg,0.0,0.0,17.0,8.0,5.0,0.0,11.0,2.0,8.0,11.0,0.0,1.0,0.0,0.0,1.29,6.0,13.0,H
2016-2017,24,2017-02-05,13:30,Sun,Manchester City,Swansea City,2.0,1.0,54065.0,Etihad Stadium,M Dean,1.0,0.0,17.0,4.0,5.0,2.0,10.0,3.0,9.0,13.0,2.0,3.0,0.0,0.0,1.22,7.0,15.0,H
2016-2017,24,2017-02-05,16:00,Sun,Leicester City,Manchester United,0.0,3.0,32072.0,King Power Stadium,A Taylor,0.0,2.0,11.0,15.0,1.0,9.0,10.0,3.0,12.0,13.0,2.0,4.0,0.0,0.0,5.75,4.0,1.65,A
2016-2017,25,2017-02-11,12:30,Sat,Arsenal,Hull City,2.0,0.0,59962.0,Emirates Stadium,M Clattenburg,1.0,0.0,17.0,9.0,7.0,4.0,3.0,8.0,12.0,9.0,3.0,1.0,0.0,1.0,1.29,6.0,13.0,H
2016-2017,25,2017-02-11,15:00,Sat,Manchester United,Watford,2.0,0.0,75301.0,Old Trafford,R Madley,1.0,0.0,22.0,9.0,11.0,3.0,5.0,1.0,10.0,12.0,1.0,0.0,0.0,0.0,1.25,6.5,14.0,H
2016-2017,25,2017-02-11,15:00,Sat,Middlesbrough,Everton,0.0,0.0,31496.0,Riverside Stadium,M Dean,0.0,0.0,9.0,7.0,3.0,3.0,5.0,2.0,14.0,9.0,2.0,0.0,0.0,0.0,3.9,3.3,2.15,D
2016-2017,25,2017-02-11,15:00,Sat,Stoke City,Crystal Palace,1.0,0.0,27007.0,Bet365 Stadium,M Atkinson,0.0,0.0,7.0,6.0,4.0,1.0,5.0,5.0,10.0,14.0,1.0,3.0,0.0,0.0,2.15,3.3,3.9,H
2016-2017,25,2017-02-11,15:00,Sat,Sunderland,Southampton,0.0,4.0,39931.0,Stadium of Light,P Tierney,0.0,2.0,6.0,15.0,1.0,8.0,6.0,2.0,12.0,14.0,1.0,0.0,0.0,0.0,3.9,3.4,2.1,A
2016-2017,25,2017-02-11,15:00,Sat,West Ham,West Brom,2.0,2.0,56983.0,London Stadium,M Oliver,0.0,1.0,16.0,8.0,4.0,3.0,7.0,5.0,7.0,14.0,3.0,2.0,0.0,0.0,2.25,3.3,3.6,D
2016-2017,25,2017-02-11,17:30,Sat,Liverpool,Tottenham,2.0,0.0,53159.0,Anfield,A Taylor,2.0,0.0,17.0,7.0,9.0,2.0,10.0,3.0,14.0,14.0,3.0,4.0,0.0,0.0,2.3,3.4,3.4,H
2016-2017,25,2017-02-12,13:30,Sun,Burnley,Chelsea,1.0,1.0,21744.0,Turf Moor,K Friend,1.0,1.0,6.0,13.0,4.0,2.0,1.0,1.0,12.0,11.0,3.0,2.0,0.0,0.0,9.0,5.0,1.4,D
2016-2017,25,2017-02-12,16:00,Sun,Swansea City,Leicester City,2.0,0.0,20391.0,Liberty Stadium,J Moss,2.0,0.0,10.0,9.0,4.0,1.0,7.0,3.0,7.0,14.0,2.0,2.0,0.0,0.0,2.4,3.3,3.25,H
2016-2017,25,2017-02-13,20:00,Mon,Bournemouth,Manchester City,0.0,2.0,11129.0,Vitality Stadium,N Swarbrick,0.0,1.0,5.0,17.0,1.0,5.0,3.0,7.0,8.0,11.0,2.0,3.0,0.0,0.0,7.5,5.0,1.44,A
2016-2017,26,2017-02-25,15:00,Sat,Chelsea,Swansea City,3.0,1.0,41612.0,Stamford Bridge,N Swarbrick,1.0,1.0,16.0,3.0,5.0,2.0,8.0,1.0,11.0,14.0,1.0,3.0,0.0,0.0,1.25,6.5,15.0,H
2016-2017,26,2017-02-25,15:00,Sat,West Brom,Bournemouth,2.0,1.0,24162.0,The Hawthorns,M Clattenburg,2.0,1.0,13.0,12.0,4.0,4.0,8.0,6.0,12.0,5.0,2.0,0.0,0.0,0.0,2.1,3.4,4.0,H
2016-2017,26,2017-02-25,15:00,Sat,Crystal Palace,Middlesbrough,1.0,0.0,25416.0,Selhurst Park,R Madley,1.0,0.0,15.0,11.0,3.0,4.0,4.0,2.0,13.0,15.0,3.0,1.0,0.0,0.0,2.1,3.2,4.2,H
2016-2017,26,2017-02-25,15:00,Sat,Hull City,Burnley,1.0,1.0,20156.0,Kingston Communications Stadium,M Atkinson,0.0,0.0,15.0,10.0,1.0,3.0,6.0,3.0,8.0,13.0,1.0,1.0,0.0,1.0,2.15,3.3,3.9,D
2016-2017,26,2017-02-25,15:00,Sat,Everton,Sunderland,2.0,0.0,39595.0,Goodison Park,S Attwell,1.0,0.0,20.0,10.0,8.0,1.0,10.0,6.0,10.0,16.0,0.0,2.0,0.0,0.0,1.4,5.25,8.5,H
2016-2017,26,2017-02-25,17:30,Sat,Watford,West Ham,1.0,1.0,20702.0,Vicarage Road Stadium,C Pawson,1.0,0.0,9.0,13.0,1.0,2.0,4.0,6.0,18.0,14.0,4.0,1.0,0.0,1.0,2.63,3.3,2.9,D
2016-2017,26,2017-02-26,13:30,Sun,Tottenham,Stoke City,4.0,0.0,31864.0,White Hart Lane,J Moss,4.0,0.0,21.0,5.0,9.0,3.0,8.0,5.0,11.0,14.0,2.0,3.0,0.0,0.0,1.44,5.0,7.5,H
2016-2017,26,2017-02-27,20:00,Mon,Leicester City,Liverpool,3.0,1.0,32034.0,King Power Stadium,M Oliver,2.0,0.0,13.0,17.0,7.0,7.0,5.0,12.0,8.0,5.0,0.0,0.0,0.0,0.0,5.5,4.2,1.65,H
2016-2017,27,2017-03-04,12:30,Sat,Manchester United,Bournemouth,1.0,1.0,75245.0,Old Trafford,K Friend,1.0,1.0,20.0,3.0,7.0,1.0,15.0,2.0,9.0,11.0,3.0,2.0,0.0,1.0,1.25,6.5,15.0,D
2016-2017,27,2017-03-04,15:00,Sat,West Brom,Crystal Palace,0.0,2.0,24051.0,The Hawthorns,M Jones,0.0,0.0,11.0,10.0,1.0,4.0,5.0,5.0,8.0,12.0,0.0,1.0,0.0,0.0,2.2,3.3,3.8,A
2016-2017,27,2017-03-04,15:00,Sat,Swansea City,Burnley,3.0,2.0,20679.0,Liberty Stadium,A Taylor,1.0,1.0,23.0,6.0,10.0,4.0,9.0,2.0,7.0,13.0,2.0,2.0,0.0,0.0,2.0,3.5,4.2,H
2016-2017,27,2017-03-04,15:00,Sat,Stoke City,Middlesbrough,2.0,0.0,27644.0,Bet365 Stadium,C Pawson,2.0,0.0,13.0,8.0,8.0,2.0,6.0,1.0,16.0,20.0,1.0,2.0,0.0,0.0,1.95,3.4,4.5,H
2016-2017,27,2017-03-04,15:00,Sat,Leicester City,Hull City,3.0,1.0,31971.0,King Power Stadium,M Dean,1.0,1.0,17.0,10.0,5.0,4.0,10.0,4.0,12.0,13.0,1.0,1.0,0.0,0.0,1.85,3.6,4.75,H
2016-2017,27,2017-03-04,15:00,Sat,Watford,Southampton,3.0,4.0,20670.0,Vicarage Road Stadium,J Moss,1.0,2.0,16.0,20.0,4.0,11.0,6.0,5.0,16.0,9.0,3.0,2.0,0.0,0.0,3.6,3.4,2.2,A
2016-2017,27,2017-03-04,17:30,Sat,Liverpool,Arsenal,3.0,1.0,53146.0,Anfield,R Madley,2.0,0.0,18.0,7.0,7.0,3.0,9.0,3.0,8.0,15.0,1.0,2.0,0.0,0.0,2.15,3.6,3.6,H
2016-2017,27,2017-03-05,13:30,Sun,Tottenham,Everton,3.0,2.0,31962.0,White Hart Lane,M Oliver,1.0,0.0,20.0,8.0,7.0,4.0,7.0,2.0,9.0,14.0,1.0,2.0,0.0,0.0,1.67,4.2,5.25,H
2016-2017,27,2017-03-05,16:00,Sun,Sunderland,Manchester City,0.0,2.0,41107.0,Stadium of Light,M Atkinson,0.0,1.0,11.0,14.0,3.0,7.0,6.0,4.0,11.0,4.0,1.0,0.0,0.0,0.0,11.0,6.5,1.29,A
2016-2017,27,2017-03-06,20:00,Mon,West Ham,Chelsea,1.0,2.0,56984.0,London Stadium,A Marriner,0.0,1.0,11.0,9.0,2.0,4.0,6.0,4.0,8.0,8.0,0.0,1.0,0.0,0.0,6.0,4.1,1.62,A
2016-2017,28,2017-03-08,20:00,Wed,Manchester City,Stoke City,0.0,0.0,52625.0,Etihad Stadium,N Swarbrick,0.0,0.0,12.0,5.0,1.0,2.0,8.0,1.0,8.0,11.0,1.0,3.0,0.0,0.0,1.25,6.5,15.0,D
2016-2017,28,2017-03-11,15:00,Sat,Hull City,Swansea City,2.0,1.0,19195.0,Kingston Communications Stadium,A Marriner,0.0,0.0,15.0,11.0,7.0,3.0,2.0,7.0,14.0,5.0,3.0,1.0,0.0,0.0,2.55,3.3,3.0,H
2016-2017,28,2017-03-11,15:00,Sat,Bournemouth,West Ham,3.0,2.0,11369.0,Vitality Stadium,R Madley,1.0,1.0,21.0,15.0,9.0,7.0,5.0,6.0,20.0,15.0,4.0,2.0,0.0,0.0,2.6,3.5,2.8,H
2016-2017,28,2017-03-11,15:00,Sat,Everton,West Brom,3.0,0.0,39592.0,Goodison Park,G Scott,2.0,0.0,16.0,5.0,5.0,2.0,4.0,6.0,8.0,12.0,1.0,2.0,0.0,0.0,1.67,3.8,6.0,H
2016-2017,28,2017-03-12,16:00,Sun,Liverpool,Burnley,2.0,1.0,53145.0,Anfield,C Pawson,1.0,1.0,10.0,11.0,3.0,1.0,11.0,1.0,12.0,16.0,2.0,2.0,0.0,0.0,1.25,6.5,14.0,H
2016-2017,29,2017-03-18,12:30,Sat,West Brom,Arsenal,3.0,1.0,24065.0,The Hawthorns,N Swarbrick,1.0,1.0,12.0,11.0,8.0,2.0,4.0,5.0,5.0,6.0,1.0,0.0,0.0,0.0,5.25,4.0,1.73,H
2016-2017,29,2017-03-18,15:00,Sat,Crystal Palace,Watford,1.0,0.0,25109.0,Selhurst Park,M Atkinson,0.0,0.0,7.0,6.0,0.0,2.0,3.0,2.0,8.0,15.0,0.0,2.0,0.0,0.0,1.91,3.5,4.75,H
2016-2017,29,2017-03-18,15:00,Sat,Sunderland,Burnley,0.0,0.0,41518.0,Stadium of Light,R Madley,0.0,0.0,14.0,17.0,5.0,3.0,3.0,5.0,14.0,7.0,2.0,1.0,0.0,0.0,2.55,3.3,3.0,D
2016-2017,29,2017-03-18,15:00,Sat,West Ham,Leicester City,2.0,3.0,56979.0,London Stadium,R East,1.0,3.0,20.0,11.0,7.0,5.0,6.0,5.0,10.0,14.0,0.0,1.0,0.0,0.0,2.3,3.5,3.3,A
2016-2017,29,2017-03-18,15:00,Sat,Stoke City,Chelsea,1.0,2.0,27724.0,Bet365 Stadium,A Taylor,1.0,1.0,5.0,20.0,1.0,7.0,5.0,11.0,16.0,11.0,4.0,2.0,1.0,0.0,6.5,4.0,1.62,A
2016-2017,29,2017-03-18,15:00,Sat,Everton,Hull City,4.0,0.0,39248.0,Goodison Park,P Tierney,1.0,0.0,14.0,6.0,8.0,0.0,5.0,8.0,9.0,7.0,2.0,0.0,0.0,1.0,1.53,4.33,7.0,H
2016-2017,29,2017-03-18,17:30,Sat,Bournemouth,Swansea City,2.0,0.0,11240.0,Vitality Stadium,M Dean,1.0,0.0,12.0,10.0,6.0,1.0,2.0,4.0,10.0,9.0,0.0,2.0,0.0,0.0,2.15,3.5,3.6,H
2016-2017,29,2017-03-19,12:00,Sun,Middlesbrough,Manchester United,1.0,3.0,32689.0,Riverside Stadium,J Moss,0.0,1.0,10.0,14.0,3.0,6.0,8.0,3.0,9.0,8.0,1.0,1.0,0.0,0.0,6.0,3.7,1.7,A
2016-2017,29,2017-03-19,14:15,Sun,Tottenham,Southampton,2.0,1.0,31697.0,White Hart Lane,A Marriner,2.0,0.0,12.0,8.0,6.0,3.0,5.0,1.0,12.0,13.0,3.0,3.0,0.0,0.0,1.73,3.8,5.5,H
2016-2017,29,2017-03-19,16:30,Sun,Manchester City,Liverpool,1.0,1.0,54449.0,Etihad Stadium,M Oliver,0.0,0.0,13.0,13.0,3.0,4.0,9.0,8.0,14.0,7.0,3.0,3.0,0.0,0.0,2.0,3.75,3.8,D
2016-2017,30,2017-04-01,12:30,Sat,Liverpool,Everton,3.0,1.0,52920.0,Anfield,A Taylor,2.0,1.0,10.0,9.0,6.0,4.0,2.0,3.0,17.0,10.0,1.0,3.0,0.0,0.0,1.73,3.9,5.25,H
2016-2017,30,2017-04-01,15:00,Sat,Hull City,West Ham,2.0,1.0,20820.0,Kingston Communications Stadium,M Jones,0.0,1.0,7.0,12.0,3.0,4.0,5.0,5.0,16.0,9.0,2.0,2.0,0.0,0.0,2.45,3.4,3.1,H
2016-2017,30,2017-04-01,15:00,Sat,Watford,Sunderland,1.0,0.0,20805.0,Vicarage Road Stadium,L Probert,0.0,0.0,23.0,11.0,10.0,3.0,13.0,9.0,12.0,8.0,1.0,3.0,0.0,0.0,1.85,3.6,4.75,H
2016-2017,30,2017-04-01,15:00,Sat,Leicester City,Stoke City,2.0,0.0,31958.0,King Power Stadium,L Mason,1.0,0.0,23.0,10.0,10.0,2.0,10.0,4.0,7.0,11.0,1.0,4.0,0.0,0.0,2.05,3.5,4.0,H
2016-2017,30,2017-04-01,15:00,Sat,Manchester United,West Brom,0.0,0.0,75397.0,Old Trafford,M Dean,0.0,0.0,18.0,3.0,3.0,1.0,6.0,1.0,15.0,13.0,3.0,3.0,0.0,0.0,1.36,5.0,11.0,D
2016-2017,30,2017-04-01,15:00,Sat,Burnley,Tottenham,0.0,2.0,21684.0,Turf Moor,S Attwell,0.0,0.0,13.0,19.0,2.0,7.0,3.0,7.0,9.0,6.0,2.0,0.0,0.0,0.0,5.75,3.8,1.7,A
2016-2017,30,2017-04-01,15:00,Sat,Chelsea,Crystal Palace,1.0,2.0,41489.0,Stamford Bridge,C Pawson,1.0,2.0,24.0,8.0,11.0,3.0,9.0,3.0,12.0,14.0,3.0,2.0,0.0,0.0,1.3,5.75,12.0,A
2016-2017,30,2017-04-01,17:30,Sat,Southampton,Bournemouth,0.0,0.0,31847.0,St. Mary's Stadium,J Moss,0.0,0.0,14.0,12.0,4.0,3.0,6.0,3.0,14.0,8.0,1.0,0.0,0.0,0.0,1.65,4.0,6.0,D
2016-2017,30,2017-04-02,13:30,Sun,Swansea City,Middlesbrough,0.0,0.0,20354.0,Liberty Stadium,R Madley,0.0,0.0,15.0,8.0,3.0,1.0,11.0,3.0,9.0,16.0,2.0,3.0,0.0,0.0,2.0,3.4,4.33,D
2016-2017,30,2017-04-02,16:00,Sun,Arsenal,Manchester City,2.0,2.0,60001.0,Emirates Stadium,A Marriner,1.0,2.0,8.0,14.0,3.0,5.0,3.0,8.0,8.0,15.0,3.0,2.0,0.0,0.0,3.1,3.75,2.3,D
2016-2017,31,2017-04-04,19:45,Tue,Watford,West Brom,2.0,0.0,20090.0,King Power Stadium,P Tierney,1.0,0.0,9.0,18.0,2.0,2.0,5.0,6.0,11.0,14.0,1.0,4.0,1.0,0.0,2.5,3.2,3.2,H
2016-2017,31,2017-04-04,19:45,Tue,Leicester City,Sunderland,2.0,0.0,31757.0,Vicarage Road Stadium,G Scott,0.0,0.0,19.0,15.0,8.0,3.0,5.0,6.0,12.0,13.0,0.0,1.0,0.0,0.0,1.45,4.5,8.5,H
2016-2017,31,2017-04-04,19:45,Tue,Burnley,Stoke City,1.0,0.0,19881.0,Turf Moor,K Friend,0.0,0.0,7.0,15.0,3.0,2.0,3.0,5.0,9.0,16.0,3.0,2.0,0.0,0.0,2.5,3.1,3.3,H
2016-2017,31,2017-04-04,20:00,Tue,Manchester United,Everton,1.0,1.0,75272.0,Old Trafford,N Swarbrick,0.0,1.0,18.0,11.0,3.0,4.0,6.0,5.0,10.0,18.0,1.0,4.0,0.0,1.0,1.57,4.2,6.5,D
2016-2017,31,2017-04-05,19:45,Wed,Southampton,Crystal Palace,3.0,1.0,29968.0,St. Mary's Stadium,R East,1.0,1.0,25.0,17.0,9.0,3.0,11.0,11.0,16.0,11.0,2.0,1.0,0.0,0.0,1.83,3.7,4.75,H
2016-2017,31,2017-04-05,19:45,Wed,Arsenal,West Ham,3.0,0.0,59961.0,Emirates Stadium,M Atkinson,0.0,0.0,21.0,7.0,8.0,2.0,5.0,0.0,11.0,5.0,2.0,2.0,0.0,0.0,1.4,5.25,8.0,H
2016-2017,31,2017-04-05,19:45,Wed,Swansea City,Tottenham,1.0,3.0,20855.0,Liberty Stadium,J Moss,1.0,0.0,4.0,18.0,1.0,8.0,5.0,7.0,7.0,8.0,1.0,1.0,0.0,0.0,5.0,4.0,1.73,A
2016-2017,31,2017-04-05,19:45,Wed,Hull City,Middlesbrough,4.0,2.0,20380.0,Kingston Communications Stadium,M Oliver,3.0,2.0,17.0,12.0,5.0,4.0,8.0,4.0,13.0,12.0,2.0,1.0,0.0,0.0,2.05,3.3,4.2,H
2016-2017,31,2017-04-05,20:00,Wed,Liverpool,Bournemouth,2.0,2.0,53292.0,Anfield,L Mason,1.0,1.0,20.0,7.0,8.0,2.0,7.0,2.0,11.0,8.0,1.0,1.0,0.0,0.0,1.36,5.25,9.5,D
2016-2017,31,2017-04-05,20:00,Wed,Chelsea,Manchester City,2.0,1.0,41528.0,Stamford Bridge,M Dean,2.0,1.0,10.0,17.0,4.0,7.0,2.0,9.0,10.0,14.0,1.0,3.0,0.0,0.0,2.4,3.5,3.1,H
2016-2017,32,2017-04-08,12:30,Sat,Tottenham,Watford,4.0,0.0,31706.0,White Hart Lane,A Taylor,3.0,0.0,19.0,8.0,6.0,2.0,7.0,5.0,12.0,12.0,0.0,1.0,0.0,0.0,1.25,6.5,15.0,H
2016-2017,32,2017-04-08,15:00,Sat,Manchester City,Hull City,3.0,1.0,54393.0,Etihad Stadium,J Moss,1.0,0.0,23.0,6.0,7.0,1.0,7.0,3.0,6.0,8.0,0.0,2.0,0.0,0.0,1.2,7.5,17.0,H
2016-2017,32,2017-04-08,15:00,Sat,Stoke City,Liverpool,1.0,2.0,27568.0,Bet365 Stadium,M Dean,1.0,0.0,9.0,14.0,4.0,4.0,5.0,8.0,7.0,11.0,0.0,2.0,0.0,0.0,4.0,3.75,1.95,A
2016-2017,32,2017-04-08,15:00,Sat,Middlesbrough,Burnley,0.0,0.0,29547.0,Riverside Stadium,M Atkinson,0.0,0.0,12.0,7.0,5.0,2.0,4.0,3.0,9.0,12.0,0.0,3.0,0.0,0.0,2.45,3.1,3.4,D
2016-2017,32,2017-04-08,15:00,Sat,West Brom,Southampton,0.0,1.0,24697.0,The Hawthorns,C Kavanagh,0.0,1.0,17.0,10.0,6.0,3.0,7.0,3.0,12.0,12.0,2.0,2.0,0.0,0.0,3.0,3.3,2.55,A
2016-2017,32,2017-04-08,15:00,Sat,West Ham,Swansea City,1.0,0.0,56973.0,London Stadium,K Friend,1.0,0.0,14.0,4.0,6.0,1.0,4.0,3.0,12.0,12.0,5.0,1.0,0.0,0.0,2.1,3.6,3.7,H
2016-2017,32,2017-04-08,17:30,Sat,Bournemouth,Chelsea,1.0,3.0,11283.0,Vitality Stadium,A Marriner,1.0,2.0,12.0,15.0,1.0,5.0,4.0,4.0,7.0,11.0,2.0,3.0,0.0,0.0,6.5,4.0,1.6,A
2016-2017,32,2017-04-09,13:30,Sun,Sunderland,Manchester United,0.0,3.0,43779.0,Stadium of Light,C Pawson,0.0,1.0,9.0,18.0,4.0,9.0,4.0,5.0,14.0,20.0,1.0,5.0,1.0,0.0,10.0,5.25,1.36,A
2016-2017,32,2017-04-09,16:00,Sun,Everton,Leicester City,4.0,2.0,39573.0,Goodison Park,R Madley,3.0,2.0,12.0,6.0,7.0,4.0,4.0,6.0,8.0,15.0,2.0,2.0,0.0,0.0,1.75,3.9,5.0,H
2016-2017,32,2017-04-10,20:00,Mon,Crystal Palace,Arsenal,3.0,0.0,25648.0,Selhurst Park,M Oliver,1.0,0.0,17.0,11.0,6.0,3.0,5.0,8.0,11.0,10.0,0.0,1.0,0.0,0.0,4.5,3.9,1.83,H
2016-2017,33,2017-04-15,12:30,Sat,Tottenham,Bournemouth,4.0,0.0,31943.0,White Hart Lane,M Oliver,2.0,0.0,24.0,5.0,14.0,1.0,13.0,1.0,8.0,10.0,0.0,1.0,0.0,0.0,1.25,6.0,10.0,H
2016-2017,33,2017-04-15,15:00,Sat,Crystal Palace,Leicester City,2.0,2.0,25504.0,Selhurst Park,M Dean,0.0,1.0,15.0,6.0,4.0,2.0,8.0,5.0,10.0,16.0,0.0,2.0,0.0,0.0,1.73,3.6,4.75,D
2016-2017,33,2017-04-15,15:00,Sat,Everton,Burnley,3.0,1.0,39328.0,Goodison Park,M Clattenburg,0.0,0.0,29.0,13.0,7.0,6.0,6.0,7.0,15.0,14.0,2.0,0.0,0.0,0.0,1.4,4.5,8.0,H
2016-2017,33,2017-04-15,15:00,Sat,Stoke City,Hull City,3.0,1.0,27505.0,Bet365 Stadium,S Attwell,1.0,0.0,14.0,14.0,4.0,3.0,3.0,7.0,12.0,5.0,0.0,2.0,0.0,0.0,1.95,3.3,4.0,H
2016-2017,33,2017-04-15,15:00,Sat,Watford,Swansea City,1.0,0.0,20272.0,Vicarage Road Stadium,L Mason,1.0,0.0,15.0,13.0,7.0,4.0,6.0,2.0,8.0,13.0,0.0,0.0,0.0,0.0,2.4,3.3,2.9,H
2016-2017,33,2017-04-15,15:00,Sat,Sunderland,West Ham,2.0,2.0,40168.0,Stadium of Light,A Marriner,1.0,1.0,14.0,7.0,4.0,3.0,8.0,1.0,14.0,10.0,1.0,0.0,0.0,1.0,3.3,3.25,2.2,D
2016-2017,33,2017-04-15,17:30,Sat,Southampton,Manchester City,0.0,3.0,31850.0,St. Mary's Stadium,N Swarbrick,0.0,0.0,8.0,18.0,1.0,5.0,3.0,8.0,9.0,8.0,3.0,0.0,0.0,0.0,4.33,4.0,1.73,A
2016-2017,33,2017-04-16,13:30,Sun,West Brom,Liverpool,0.0,1.0,25669.0,The Hawthorns,J Moss,0.0,1.0,7.0,15.0,2.0,2.0,4.0,4.0,15.0,9.0,3.0,1.0,0.0,0.0,4.0,3.8,1.8,A
2016-2017,33,2017-04-16,16:00,Sun,Manchester United,Chelsea,2.0,0.0,75272.0,Old Trafford,R Madley,1.0,0.0,9.0,5.0,3.0,0.0,1.0,3.0,16.0,20.0,3.0,3.0,0.0,0.0,2.55,3.2,2.8,H
2016-2017,33,2017-04-17,20:00,Mon,Middlesbrough,Arsenal,1.0,2.0,31298.0,Riverside Stadium,A Taylor,0.0,1.0,13.0,12.0,5.0,4.0,2.0,4.0,11.0,16.0,2.0,2.0,0.0,0.0,7.0,4.0,1.5,A
2016-2017,34,2017-04-22,15:00,Sat,Hull City,Watford,2.0,0.0,20432.0,Kingston Communications Stadium,R Madley,0.0,0.0,8.0,13.0,3.0,2.0,4.0,7.0,10.0,11.0,3.0,1.0,1.0,0.0,1.91,3.7,4.33,H
2016-2017,34,2017-04-22,15:00,Sat,Swansea City,Stoke City,2.0,0.0,20566.0,Liberty Stadium,M Oliver,1.0,0.0,10.0,9.0,6.0,3.0,11.0,4.0,5.0,14.0,2.0,2.0,0.0,0.0,2.2,3.4,3.6,H
2016-2017,34,2017-04-22,15:00,Sat,Bournemouth,Middlesbrough,4.0,0.0,10890.0,Vitality Stadium,G Scott,2.0,0.0,20.0,5.0,10.0,2.0,4.0,3.0,4.0,14.0,0.0,2.0,0.0,1.0,1.85,3.75,4.5,H
2016-2017,34,2017-04-22,15:00,Sat,West Ham,Everton,0.0,0.0,56971.0,London Stadium,R East,0.0,0.0,15.0,4.0,3.0,0.0,8.0,4.0,9.0,15.0,2.0,3.0,0.0,0.0,3.3,3.6,2.25,D
2016-2017,34,2017-04-23,14:15,Sun,Burnley,Manchester United,0.0,2.0,21870.0,Turf Moor,A Taylor,0.0,2.0,8.0,12.0,0.0,6.0,3.0,3.0,17.0,16.0,2.0,1.0,0.0,0.0,5.75,4.0,1.67,A
2016-2017,34,2017-04-23,16:30,Sun,Liverpool,Crystal Palace,1.0,2.0,53086.0,Anfield,A Marriner,1.0,1.0,14.0,7.0,1.0,3.0,4.0,3.0,8.0,10.0,1.0,2.0,0.0,0.0,1.5,4.75,7.0,A
2016-2017,34,2017-04-25,19:45,Tue,Chelsea,Southampton,4.0,2.0,41168.0,Stamford Bridge,L Mason,2.0,1.0,17.0,12.0,7.0,4.0,6.0,7.0,13.0,9.0,2.0,2.0,0.0,0.0,1.45,4.6,8.5,H
2016-2017,28,2017-04-26,19:45,Wed,Middlesbrough,Sunderland,1.0,0.0,30742.0,Riverside Stadium,M Dean,1.0,0.0,6.0,10.0,2.0,4.0,3.0,5.0,15.0,11.0,3.0,3.0,0.0,0.0,2.3,3.4,3.4,H
2016-2017,28,2017-04-26,19:45,Wed,Arsenal,Leicester City,1.0,0.0,59829.0,Emirates Stadium,M Jones,0.0,0.0,12.0,7.0,5.0,3.0,12.0,1.0,9.0,13.0,2.0,4.0,0.0,0.0,1.6,4.5,5.75,H
2016-2017,28,2017-04-26,20:00,Wed,Crystal Palace,Tottenham,0.0,1.0,25596.0,Goodison Park,J Moss,0.0,0.0,6.0,18.0,1.0,4.0,2.0,11.0,13.0,15.0,3.0,3.0,0.0,0.0,5.5,4.2,1.65,A
2016-2017,26,2017-04-27,20:00,Thu,Manchester City,Manchester United,0.0,0.0,54176.0,Etihad Stadium,M Atkinson,0.0,0.0,19.0,3.0,6.0,1.0,7.0,4.0,10.0,8.0,1.0,0.0,0.0,1.0,1.91,3.75,4.2,D
2016-2017,35,2017-04-29,15:00,Sat,West Brom,Leicester City,0.0,1.0,24611.0,The Hawthorns,M Clattenburg,0.0,1.0,16.0,6.0,4.0,1.0,5.0,6.0,14.0,9.0,2.0,2.0,0.0,0.0,2.4,3.5,2.75,A
2016-2017,35,2017-04-29,15:00,Sat,Southampton,Hull City,0.0,0.0,31120.0,St. Mary's Stadium,M Dean,0.0,0.0,11.0,9.0,2.0,1.0,6.0,6.0,9.0,13.0,0.0,3.0,0.0,0.0,1.6,3.75,5.75,D
2016-2017,35,2017-04-29,15:00,Sat,Sunderland,Bournemouth,0.0,1.0,38394.0,Stadium of Light,S Attwell,0.0,0.0,17.0,15.0,5.0,7.0,6.0,5.0,13.0,9.0,3.0,2.0,0.0,0.0,3.0,3.4,2.3,A
2016-2017,35,2017-04-29,15:00,Sat,Stoke City,West Ham,0.0,0.0,27628.0,Bet365 Stadium,L Probert,0.0,0.0,19.0,12.0,4.0,4.0,5.0,3.0,12.0,3.0,1.0,0.0,0.0,0.0,2.0,3.5,3.6,D
2016-2017,35,2017-04-29,17:30,Sat,Crystal Palace,Burnley,0.0,2.0,25013.0,Selhurst Park,R Madley,0.0,1.0,15.0,9.0,5.0,3.0,14.0,4.0,11.0,12.0,2.0,0.0,0.0,0.0,1.75,3.5,4.75,A
2016-2017,35,2017-04-30,12:00,Sun,Manchester United,Swansea City,1.0,1.0,75271.0,Old Trafford,N Swarbrick,1.0,0.0,12.0,12.0,6.0,4.0,5.0,2.0,11.0,13.0,2.0,2.0,0.0,0.0,1.36,4.75,8.0,D
2016-2017,35,2017-04-30,14:05,Sun,Middlesbrough,Manchester City,2.0,2.0,29763.0,Riverside Stadium,K Friend,1.0,0.0,14.0,22.0,6.0,4.0,4.0,11.0,9.0,9.0,4.0,4.0,0.0,0.0,13.0,5.25,1.25,D
2016-2017,35,2017-04-30,14:05,Sun,Everton,Chelsea,0.0,3.0,39595.0,Goodison Park,J Moss,0.0,0.0,12.0,11.0,4.0,5.0,2.0,4.0,13.0,11.0,3.0,4.0,0.0,0.0,3.5,3.6,2.0,A
2016-2017,35,2017-04-30,16:30,Sun,Tottenham,Arsenal,2.0,0.0,31811.0,White Hart Lane,M Oliver,0.0,0.0,20.0,12.0,11.0,4.0,14.0,5.0,7.0,15.0,1.0,3.0,0.0,0.0,1.85,3.75,4.0,H
2016-2017,35,2017-05-01,20:00,Mon,Watford,Liverpool,0.0,1.0,20959.0,Vicarage Road Stadium,C Pawson,0.0,1.0,9.0,12.0,2.0,8.0,3.0,5.0,11.0,9.0,3.0,1.0,0.0,0.0,5.75,4.5,1.5,A
2016-2017,36,2017-05-05,20:00,Fri,West Ham,Tottenham,1.0,0.0,56992.0,London Stadium,A Taylor,0.0,0.0,13.0,11.0,5.0,5.0,3.0,7.0,8.0,9.0,4.0,2.0,0.0,0.0,8.5,5.25,1.4,H
2016-2017,36,2017-05-06,12:30,Sat,Manchester City,Crystal Palace,5.0,0.0,54119.0,Etihad Stadium,M Oliver,1.0,0.0,26.0,5.0,12.0,2.0,9.0,3.0,12.0,8.0,1.0,3.0,0.0,0.0,1.29,6.5,11.0,H
2016-2017,36,2017-05-06,15:00,Sat,Burnley,West Brom,2.0,2.0,20825.0,Turf Moor,M Jones,0.0,0.0,14.0,11.0,4.0,3.0,5.0,8.0,9.0,14.0,1.0,3.0,0.0,0.0,2.25,3.3,3.6,D
2016-2017,36,2017-05-06,15:00,Sat,Hull City,Sunderland,0.0,2.0,22480.0,Kingston Communications Stadium,N Swarbrick,0.0,0.0,16.0,12.0,6.0,5.0,7.0,4.0,10.0,8.0,3.0,1.0,0.0,0.0,1.44,4.75,8.0,A
2016-2017,36,2017-05-06,15:00,Sat,Leicester City,Watford,3.0,0.0,31628.0,King Power Stadium,R East,1.0,0.0,11.0,14.0,5.0,7.0,10.0,1.0,8.0,10.0,0.0,0.0,0.0,0.0,1.57,4.2,6.5,H
2016-2017,36,2017-05-06,15:00,Sat,Bournemouth,Stoke City,2.0,2.0,11046.0,Vitality Stadium,P Tierney,0.0,1.0,12.0,14.0,2.0,3.0,0.0,7.0,10.0,15.0,2.0,0.0,0.0,0.0,2.25,3.6,3.3,D
2016-2017,36,2017-05-06,17:30,Sat,Swansea City,Everton,1.0,0.0,20827.0,Liberty Stadium,M Atkinson,1.0,0.0,9.0,8.0,4.0,2.0,9.0,5.0,5.0,13.0,0.0,0.0,0.0,0.0,2.8,3.5,2.63,H
2016-2017,36,2017-05-07,13:30,Sun,Liverpool,Southampton,0.0,0.0,53159.0,Anfield,R Madley,0.0,0.0,17.0,4.0,8.0,0.0,3.0,6.0,9.0,4.0,1.0,3.0,0.0,0.0,1.62,4.2,6.0,D
2016-2017,36,2017-05-07,16:00,Sun,Arsenal,Manchester United,2.0,0.0,60055.0,Emirates Stadium,A Marriner,0.0,0.0,9.0,10.0,4.0,4.0,5.0,9.0,14.0,10.0,1.0,0.0,0.0,0.0,1.91,3.7,4.33,H
2016-2017,36,2017-05-08,20:00,Mon,Chelsea,Middlesbrough,3.0,0.0,41500.0,Stamford Bridge,C Pawson,2.0,0.0,21.0,2.0,7.0,1.0,8.0,1.0,8.0,21.0,0.0,2.0,0.0,0.0,1.17,9.0,19.0,H
2016-2017,26,2017-05-10,19:45,Wed,Southampton,Arsenal,0.0,2.0,31474.0,St. Mary's Stadium,J Moss,0.0,0.0,14.0,11.0,3.0,4.0,8.0,5.0,5.0,5.0,1.0,2.0,0.0,0.0,3.6,3.8,2.05,A
2016-2017,37,2017-05-12,19:45,Fri,Everton,Watford,1.0,0.0,38550.0,Goodison Park,K Friend,0.0,0.0,15.0,14.0,6.0,2.0,9.0,8.0,7.0,11.0,0.0,3.0,0.0,0.0,1.5,4.5,7.5,H
2016-2017,37,2017-05-12,20:00,Fri,West Brom,Chelsea,0.0,1.0,25367.0,The Hawthorns,M Oliver,0.0,0.0,7.0,24.0,2.0,5.0,5.0,8.0,13.0,8.0,3.0,0.0,0.0,0.0,10.0,5.25,1.36,A
2016-2017,37,2017-05-13,12:30,Sat,Manchester City,Leicester City,2.0,1.0,54407.0,Etihad Stadium,R Madley,2.0,1.0,17.0,9.0,5.0,4.0,9.0,3.0,12.0,16.0,3.0,3.0,0.0,0.0,1.25,7.0,12.0,H
2016-2017,37,2017-05-13,15:00,Sat,Middlesbrough,Southampton,1.0,2.0,28203.0,Riverside Stadium,A Taylor,0.0,1.0,14.0,14.0,3.0,4.0,6.0,3.0,19.0,11.0,3.0,0.0,0.0,0.0,4.0,3.6,2.0,A
2016-2017,37,2017-05-13,15:00,Sat,Bournemouth,Burnley,2.0,1.0,11388.0,Vitality Stadium,L Probert,1.0,0.0,18.0,14.0,6.0,3.0,7.0,1.0,6.0,11.0,0.0,1.0,0.0,0.0,1.91,3.75,4.2,H
2016-2017,37,2017-05-13,15:00,Sat,Sunderland,Swansea City,0.0,2.0,38781.0,Stadium of Light,A Marriner,0.0,2.0,13.0,3.0,4.0,3.0,8.0,4.0,13.0,6.0,4.0,0.0,0.0,0.0,4.2,3.8,1.91,A
2016-2017,37,2017-05-13,17:30,Sat,Stoke City,Arsenal,1.0,4.0,27535.0,Bet365 Stadium,M Dean,0.0,1.0,10.0,10.0,4.0,6.0,7.0,6.0,13.0,7.0,1.0,2.0,0.0,0.0,4.75,4.1,1.75,A
2016-2017,37,2017-05-14,12:00,Sun,Crystal Palace,Hull City,4.0,0.0,25176.0,Selhurst Park,M Atkinson,2.0,0.0,12.0,9.0,4.0,0.0,3.0,7.0,13.0,14.0,3.0,5.0,0.0,0.0,2.1,3.6,3.75,H
2016-2017,37,2017-05-14,14:15,Sun,West Ham,Liverpool,0.0,4.0,56985.0,London Stadium,N Swarbrick,0.0,1.0,10.0,26.0,3.0,11.0,4.0,6.0,5.0,10.0,2.0,0.0,0.0,0.0,5.25,4.0,1.7,A
2016-2017,37,2017-05-14,16:30,Sun,Tottenham,Manchester United,2.0,1.0,31848.0,White Hart Lane,J Moss,1.0,0.0,14.0,8.0,7.0,2.0,8.0,3.0,14.0,15.0,1.0,2.0,0.0,0.0,1.73,3.9,5.25,H
2016-2017,28,2017-05-15,20:00,Mon,Chelsea,Watford,4.0,3.0,41473.0,Stamford Bridge,L Mason,2.0,1.0,24.0,9.0,9.0,3.0,8.0,3.0,7.0,12.0,2.0,4.0,0.0,1.0,1.25,6.75,13.0,H
2016-2017,34,2017-05-16,19:45,Tue,Arsenal,Sunderland,2.0,0.0,59510.0,Emirates Stadium,R East,0.0,0.0,36.0,6.0,13.0,2.0,17.0,3.0,15.0,10.0,4.0,2.0,0.0,0.0,1.09,13.0,29.0,H
2016-2017,34,2017-05-16,20:00,Tue,Manchester City,West Brom,3.0,1.0,53624.0,Etihad Stadium,C Pawson,2.0,0.0,21.0,5.0,10.0,2.0,7.0,1.0,8.0,11.0,1.0,2.0,0.0,0.0,1.14,9.0,23.0,H
2016-2017,28,2017-05-17,19:45,Wed,Southampton,Manchester United,0.0,0.0,31425.0,St. Mary's Stadium,M Dean,0.0,0.0,17.0,11.0,6.0,1.0,7.0,3.0,7.0,10.0,2.0,1.0,0.0,0.0,2.75,3.3,2.8,D
2016-2017,34,2017-05-18,19:45,Thu,Leicester City,Tottenham,1.0,6.0,31351.0,King Power Stadium,M Oliver,0.0,2.0,12.0,26.0,5.0,12.0,4.0,4.0,11.0,8.0,3.0,1.0,0.0,0.0,4.5,3.8,1.85,A
2016-2017,38,2017-05-21,15:00,Sun,Swansea City,West Brom,2.0,1.0,20889.0,Liberty Stadium,M Dean,0.0,1.0,12.0,16.0,2.0,5.0,7.0,4.0,8.0,10.0,1.0,1.0,0.0,0.0,2.1,3.5,3.75,H
2016-2017,38,2017-05-21,15:00,Sun,Chelsea,Sunderland,5.0,1.0,41618.0,Stamford Bridge,N Swarbrick,1.0,1.0,28.0,7.0,8.0,3.0,11.0,1.0,8.0,15.0,1.0,1.0,0.0,0.0,1.14,9.0,23.0,H
2016-2017,38,2017-05-21,15:00,Sun,Arsenal,Everton,3.0,1.0,59976.0,Emirates Stadium,M Oliver,2.0,0.0,17.0,22.0,9.0,7.0,4.0,6.0,10.0,15.0,2.0,4.0,1.0,0.0,1.45,5.0,7.5,H
2016-2017,38,2017-05-21,15:00,Sun,Southampton,Stoke City,0.0,1.0,31286.0,St. Mary's Stadium,L Probert,0.0,0.0,14.0,14.0,6.0,3.0,4.0,10.0,12.0,10.0,2.0,4.0,0.0,0.0,1.8,3.8,4.75,A
2016-2017,38,2017-05-21,15:00,Sun,Hull City,Tottenham,1.0,7.0,23804.0,Kingston Communications Stadium,A Marriner,0.0,3.0,10.0,19.0,4.0,14.0,2.0,3.0,14.0,5.0,0.0,0.0,0.0,0.0,7.0,4.75,1.5,A
2016-2017,38,2017-05-21,15:00,Sun,Manchester United,Crystal Palace,2.0,0.0,75254.0,Old Trafford,A Taylor,2.0,0.0,9.0,6.0,2.0,1.0,3.0,6.0,16.0,10.0,2.0,0.0,0.0,0.0,2.5,3.3,3.1,H
2016-2017,38,2017-05-21,15:00,Sun,Liverpool,Middlesbrough,3.0,0.0,53191.0,Anfield,M Atkinson,1.0,0.0,25.0,9.0,10.0,3.0,3.0,3.0,13.0,8.0,0.0,1.0,0.0,0.0,1.14,9.0,23.0,H
2016-2017,38,2017-05-21,15:00,Sun,Watford,Manchester City,0.0,5.0,20829.0,Vicarage Road Stadium,J Moss,0.0,4.0,6.0,15.0,3.0,9.0,4.0,5.0,12.0,10.0,1.0,0.0,0.0,0.0,11.0,6.0,1.3,A
2016-2017,38,2017-05-21,15:00,Sun,Burnley,West Ham,1.0,2.0,21634.0,Turf Moor,R Madley,1.0,1.0,9.0,14.0,1.0,4.0,2.0,5.0,11.0,14.0,2.0,2.0,0.0,0.0,2.45,3.5,3.0,A
2016-2017,38,2017-05-21,15:00,Sun,Leicester City,Bournemouth,1.0,1.0,32000.0,King Power Stadium,l Mason,0.0,1.0,21.0,10.0,5.0,4.0,9.0,1.0,11.0,10.0,4.0,1.0,0.0,0.0,2.0,3.6,4.0,D
2017-2018,1,2017-08-11,19:45,Fri,Arsenal,Leicester City,4.0,3.0,59387.0,Emirates Stadium,M Dean,2.0,2.0,27.0,6.0,10.0,3.0,9.0,4.0,9.0,12.0,0.0,1.0,0.0,0.0,1.53,4.5,6.5,H
2017-2018,1,2017-08-12,12:30,Sat,Watford,Liverpool,3.0,3.0,20407.0,Vicarage Road Stadium,A Taylor,2.0,1.0,9.0,14.0,4.0,5.0,3.0,3.0,14.0,8.0,0.0,3.0,0.0,0.0,6.0,4.2,1.62,D
2017-2018,1,2017-08-12,15:00,Sat,Crystal Palace,Huddersfield,0.0,3.0,25448.0,Selhurst Park,J Moss,0.0,2.0,14.0,8.0,4.0,6.0,12.0,9.0,7.0,19.0,1.0,3.0,0.0,0.0,1.83,3.6,5.0,A
2017-2018,1,2017-08-12,15:00,Sat,West Brom,Bournemouth,1.0,0.0,25011.0,The Hawthorns,R Madley,1.0,0.0,16.0,9.0,6.0,2.0,8.0,2.0,15.0,3.0,3.0,1.0,0.0,0.0,2.4,3.3,3.3,H
2017-2018,1,2017-08-12,15:00,Sat,Chelsea,Burnley,2.0,3.0,41616.0,Stamford Bridge,C Pawson,0.0,3.0,19.0,10.0,6.0,5.0,8.0,5.0,16.0,11.0,3.0,3.0,2.0,0.0,1.25,6.5,15.0,A
2017-2018,1,2017-08-12,15:00,Sat,Everton,Stoke City,1.0,0.0,39045.0,Goodison Park,N Swarbrick,1.0,0.0,9.0,9.0,4.0,1.0,6.0,7.0,13.0,10.0,1.0,1.0,0.0,0.0,1.7,3.8,5.75,H
2017-2018,1,2017-08-12,15:00,Sat,Southampton,Swansea City,0.0,0.0,31447.0,St. Mary's Stadium,M Jones,0.0,0.0,29.0,4.0,2.0,0.0,13.0,0.0,10.0,13.0,2.0,1.0,0.0,0.0,1.62,4.0,6.5,D
2017-2018,1,2017-08-12,17:30,Sat,Brighton,Manchester City,0.0,2.0,30415.0,The American Express Community Stadium,M Oliver,0.0,0.0,6.0,14.0,2.0,4.0,3.0,10.0,6.0,9.0,0.0,2.0,0.0,0.0,11.0,5.5,1.33,A
2017-2018,1,2017-08-13,13:30,Sun,Newcastle United,Tottenham,0.0,2.0,52077.0,St. James' Park,A Marriner,0.0,0.0,6.0,18.0,3.0,6.0,5.0,7.0,6.0,10.0,1.0,2.0,1.0,0.0,5.5,4.0,1.7,A
2017-2018,1,2017-08-13,16:00,Sun,Manchester United,West Ham,4.0,0.0,74928.0,Old Trafford,M Atkinson,1.0,0.0,22.0,9.0,6.0,1.0,11.0,1.0,19.0,7.0,2.0,2.0,0.0,0.0,1.3,5.75,12.0,H
2017-2018,2,2017-08-19,12:30,Sat,Swansea City,Manchester United,0.0,4.0,20862.0,Liberty Stadium,J Moss,0.0,1.0,6.0,17.0,1.0,8.0,3.0,5.0,12.0,11.0,1.0,1.0,0.0,0.0,11.0,5.0,1.36,A
2017-2018,2,2017-08-19,15:00,Sat,Bournemouth,Watford,0.0,2.0,10501.0,Vitality Stadium,R East,0.0,0.0,6.0,19.0,2.0,7.0,8.0,5.0,6.0,14.0,1.0,3.0,0.0,0.0,2.0,3.6,4.0,A
2017-2018,2,2017-08-19,15:00,Sat,Southampton,West Ham,3.0,2.0,31424.0,St. Mary's Stadium,L Mason,2.0,1.0,14.0,16.0,5.0,8.0,7.0,2.0,18.0,10.0,1.0,1.0,0.0,1.0,1.75,3.8,5.25,H
2017-2018,2,2017-08-19,15:00,Sat,Leicester City,Brighton,2.0,0.0,31902.0,King Power Stadium,L Probert,1.0,0.0,14.0,5.0,4.0,2.0,6.0,2.0,8.0,10.0,1.0,0.0,0.0,0.0,1.73,3.8,5.5,H
2017-2018,2,2017-08-19,15:00,Sat,Burnley,West Brom,0.0,1.0,19619.0,Turf Moor,M Atkinson,0.0,0.0,20.0,8.0,0.0,1.0,5.0,5.0,11.0,11.0,1.0,0.0,0.0,1.0,2.63,3.2,3.0,A
2017-2018,2,2017-08-19,15:00,Sat,Liverpool,Crystal Palace,1.0,0.0,53138.0,Anfield,K Friend,0.0,0.0,23.0,4.0,13.0,1.0,4.0,2.0,12.0,13.0,1.0,3.0,0.0,0.0,1.36,5.25,9.5,H
2017-2018,2,2017-08-19,17:30,Sat,Stoke City,Arsenal,1.0,0.0,29459.0,Bet365 Stadium,A Marriner,0.0,0.0,11.0,18.0,4.0,6.0,2.0,9.0,6.0,11.0,0.0,0.0,0.0,0.0,4.5,3.8,1.85,H
2017-2018,2,2017-08-20,13:30,Sun,Huddersfield,Newcastle United,1.0,0.0,24128.0,The John Smith's Stadium,C Pawson,0.0,0.0,7.0,13.0,3.0,5.0,7.0,3.0,13.0,10.0,3.0,4.0,0.0,0.0,2.5,3.25,3.2,H
2017-2018,2,2017-08-20,16:00,Sun,Tottenham,Chelsea,1.0,2.0,73587.0,Wembley Stadium,A Taylor,0.0,1.0,18.0,9.0,6.0,2.0,14.0,3.0,14.0,21.0,3.0,3.0,0.0,0.0,2.1,3.6,3.75,A
2017-2018,2,2017-08-21,20:00,Mon,Manchester City,Everton,1.0,1.0,49108.0,Etihad Stadium,R Madley,0.0,1.0,19.0,7.0,6.0,2.0,7.0,1.0,7.0,9.0,1.0,2.0,1.0,1.0,1.33,5.75,10.0,D
2017-2018,3,2017-08-26,12:30,Sat,Bournemouth,Manchester City,1.0,2.0,10419.0,Vitality Stadium,M Dean,1.0,1.0,9.0,19.0,3.0,8.0,2.0,5.0,13.0,14.0,5.0,4.0,0.0,1.0,11.0,6.0,1.3,A
2017-2018,3,2017-08-26,15:00,Sat,Huddersfield,Southampton,0.0,0.0,23548.0,The John Smith's Stadium,S Attwell,0.0,0.0,16.0,6.0,6.0,3.0,5.0,4.0,10.0,10.0,0.0,1.0,0.0,0.0,3.9,3.4,2.1,D
2017-2018,3,2017-08-26,15:00,Sat,Watford,Brighton,0.0,0.0,20181.0,Vicarage Road Stadium,G Scott,0.0,0.0,8.0,16.0,0.0,2.0,3.0,11.0,7.0,18.0,0.0,1.0,1.0,0.0,1.91,3.4,4.0,D
2017-2018,3,2017-08-26,15:00,Sat,Crystal Palace,Swansea City,0.0,2.0,23477.0,Selhurst Park,A Marriner,0.0,1.0,16.0,7.0,3.0,3.0,1.0,1.0,9.0,6.0,4.0,1.0,0.0,0.0,1.95,3.5,4.33,A
2017-2018,3,2017-08-26,15:00,Sat,Newcastle United,West Ham,3.0,0.0,52093.0,St. James' Park,N Swarbrick,1.0,0.0,16.0,8.0,8.0,3.0,7.0,5.0,17.0,11.0,1.0,3.0,0.0,0.0,2.3,3.4,3.4,H
2017-2018,3,2017-08-26,17:30,Sat,Manchester United,Leicester City,2.0,0.0,75021.0,Old Trafford,M Oliver,0.0,0.0,22.0,11.0,7.0,4.0,9.0,3.0,8.0,7.0,1.0,2.0,0.0,0.0,1.33,5.5,11.0,H
2017-2018,3,2017-08-27,13:30,Sun,Chelsea,Everton,2.0,0.0,41382.0,Stamford Bridge,J Moss,2.0,0.0,18.0,7.0,7.0,0.0,6.0,3.0,12.0,7.0,2.0,2.0,0.0,0.0,1.45,4.5,8.5,H
2017-2018,3,2017-08-27,13:30,Sun,West Brom,Stoke City,1.0,1.0,22704.0,The Hawthorns,A Taylor,0.0,0.0,10.0,16.0,2.0,2.0,10.0,4.0,10.0,9.0,2.0,2.0,0.0,0.0,2.4,3.1,3.5,D
2017-2018,3,2017-08-27,16:00,Sun,Tottenham,Burnley,1.0,1.0,67862.0,Wembley Stadium,L Mason,0.0,0.0,28.0,13.0,5.0,3.0,10.0,7.0,9.0,9.0,0.0,0.0,0.0,0.0,1.25,6.5,15.0,D
2017-2018,3,2017-08-27,16:00,Sun,Liverpool,Arsenal,4.0,0.0,53206.0,Anfield,C Pawson,2.0,0.0,18.0,8.0,10.0,0.0,4.0,3.0,6.0,9.0,2.0,4.0,0.0,0.0,2.15,3.7,3.5,H
2017-2018,4,2017-09-09,12:30,Sat,Manchester City,Liverpool,5.0,0.0,54172.0,Etihad Stadium,J Moss,2.0,0.0,13.0,10.0,7.0,3.0,8.0,3.0,10.0,9.0,2.0,2.0,0.0,1.0,1.85,4.0,4.2,H
2017-2018,4,2017-09-09,15:00,Sat,Everton,Tottenham,0.0,3.0,38835.0,Goodison Park,G Scott,0.0,2.0,12.0,15.0,1.0,6.0,7.0,3.0,14.0,14.0,3.0,1.0,0.0,0.0,3.8,3.5,2.1,A
2017-2018,4,2017-09-09,15:00,Sat,Arsenal,Bournemouth,3.0,0.0,59262.0,Emirates Stadium,A Taylor,2.0,0.0,17.0,7.0,9.0,2.0,10.0,3.0,14.0,10.0,0.0,1.0,0.0,0.0,1.36,5.5,9.0,H
2017-2018,4,2017-09-09,15:00,Sat,Leicester City,Chelsea,1.0,2.0,30923.0,King Power Stadium,L Mason,0.0,1.0,8.0,16.0,2.0,6.0,2.0,9.0,11.0,8.0,1.0,0.0,0.0,0.0,4.75,3.9,1.8,A
2017-2018,4,2017-09-09,15:00,Sat,Brighton,West Brom,3.0,1.0,30381.0,The American Express Community Stadium,C Kavanagh,1.0,0.0,12.0,12.0,6.0,3.0,2.0,6.0,9.0,4.0,2.0,0.0,0.0,0.0,2.7,3.1,3.0,H
2017-2018,4,2017-09-09,15:00,Sat,Southampton,Watford,0.0,2.0,31435.0,St. Mary's Stadium,L Probert,0.0,1.0,9.0,12.0,1.0,3.0,7.0,4.0,8.0,11.0,0.0,0.0,0.0,0.0,1.65,4.0,6.0,A
2017-2018,4,2017-09-09,17:30,Sat,Stoke City,Manchester United,2.0,2.0,29320.0,Bet365 Stadium,N Swarbrick,1.0,1.0,10.0,18.0,5.0,8.0,5.0,11.0,10.0,10.0,0.0,0.0,0.0,0.0,7.5,4.5,1.5,D
2017-2018,4,2017-09-10,13:30,Sun,Burnley,Crystal Palace,1.0,0.0,18862.0,Turf Moor,M Oliver,1.0,0.0,4.0,23.0,2.0,5.0,3.0,13.0,7.0,14.0,1.0,1.0,0.0,0.0,2.3,3.25,3.5,H
2017-2018,4,2017-09-10,16:00,Sun,Swansea City,Newcastle United,0.0,1.0,20872.0,Liberty Stadium,M Jones,0.0,0.0,10.0,16.0,4.0,8.0,7.0,5.0,11.0,15.0,2.0,3.0,0.0,0.0,2.4,3.25,3.3,A
2017-2018,4,2017-09-11,20:00,Mon,West Ham,Huddersfield,2.0,0.0,56977.0,London Stadium,K Friend,0.0,0.0,19.0,10.0,3.0,2.0,10.0,3.0,11.0,14.0,1.0,2.0,0.0,0.0,1.95,3.5,4.5,H
2017-2018,5,2017-09-15,20:00,Fri,Bournemouth,Brighton,2.0,1.0,10369.0,Vitality Stadium,C Pawson,0.0,0.0,15.0,9.0,3.0,2.0,6.0,4.0,5.0,12.0,0.0,0.0,0.0,0.0,2.15,3.4,3.8,H
2017-2018,5,2017-09-16,12:30,Sat,Crystal Palace,Southampton,0.0,1.0,24199.0,Selhurst Park,R Madley,0.0,1.0,14.0,13.0,3.0,4.0,5.0,5.0,14.0,13.0,5.0,1.0,0.0,0.0,3.0,3.3,2.6,A
2017-2018,5,2017-09-16,15:00,Sat,Newcastle United,Stoke City,2.0,1.0,51795.0,St. James' Park,S Attwell,1.0,0.0,14.0,13.0,3.0,4.0,7.0,5.0,13.0,11.0,3.0,1.0,0.0,0.0,2.38,3.25,3.4,H
2017-2018,5,2017-09-16,15:00,Sat,Huddersfield,Leicester City,1.0,1.0,24129.0,The John Smith's Stadium,J Moss,0.0,0.0,15.0,10.0,3.0,1.0,8.0,4.0,6.0,6.0,1.0,1.0,0.0,0.0,3.5,3.4,2.25,D
2017-2018,5,2017-09-16,15:00,Sat,Liverpool,Burnley,1.0,1.0,53231.0,Anfield,R East,1.0,1.0,35.0,5.0,9.0,4.0,12.0,2.0,7.0,9.0,1.0,2.0,0.0,0.0,1.29,6.0,13.0,D
2017-2018,5,2017-09-16,15:00,Sat,West Brom,West Ham,0.0,0.0,24942.0,The Hawthorns,P Tierney,0.0,0.0,6.0,9.0,1.0,1.0,2.0,3.0,15.0,7.0,2.0,2.0,0.0,0.0,2.38,3.25,3.4,D
2017-2018,5,2017-09-16,15:00,Sat,Watford,Manchester City,0.0,6.0,20305.0,Vicarage Road Stadium,A Taylor,0.0,3.0,7.0,28.0,1.0,10.0,3.0,11.0,8.0,6.0,2.0,0.0,0.0,0.0,9.0,6.0,1.33,A
2017-2018,5,2017-09-16,17:30,Sat,Tottenham,Swansea City,0.0,0.0,65366.0,Wembley Stadium,M Dean,0.0,0.0,26.0,4.0,8.0,0.0,11.0,1.0,11.0,9.0,1.0,3.0,0.0,0.0,1.22,7.0,15.0,D
2017-2018,5,2017-09-17,13:30,Sun,Chelsea,Arsenal,0.0,0.0,41478.0,Stamford Bridge,M Oliver,0.0,0.0,13.0,11.0,4.0,2.0,5.0,1.0,11.0,15.0,1.0,3.0,1.0,0.0,1.8,4.0,4.5,D
2017-2018,5,2017-09-17,16:00,Sun,Manchester United,Everton,4.0,0.0,75042.0,Old Trafford,A Marriner,1.0,0.0,16.0,7.0,7.0,3.0,4.0,1.0,15.0,14.0,1.0,1.0,0.0,0.0,1.36,5.25,10.0,H
2017-2018,6,2017-09-23,12:30,Sat,West Ham,Tottenham,2.0,3.0,56988.0,London Stadium,M Oliver,0.0,2.0,10.0,15.0,4.0,5.0,4.0,3.0,10.0,20.0,4.0,2.0,0.0,1.0,6.0,4.33,1.6,A
2017-2018,6,2017-09-23,15:00,Sat,Southampton,Manchester United,0.0,1.0,31930.0,St. Mary's Stadium,C Pawson,0.0,1.0,14.0,9.0,4.0,4.0,8.0,4.0,12.0,9.0,1.0,4.0,0.0,0.0,5.5,3.8,1.73,A
2017-2018,6,2017-09-23,15:00,Sat,Stoke City,Chelsea,0.0,4.0,29661.0,Bet365 Stadium,M Dean,0.0,2.0,13.0,7.0,2.0,4.0,5.0,0.0,5.0,14.0,2.0,2.0,0.0,0.0,6.0,4.1,1.62,A
2017-2018,6,2017-09-23,15:00,Sat,Manchester City,Crystal Palace,5.0,0.0,53526.0,Etihad Stadium,N Swarbrick,1.0,0.0,25.0,5.0,9.0,0.0,8.0,2.0,6.0,7.0,3.0,1.0,0.0,0.0,1.14,10.0,21.0,H
2017-2018,6,2017-09-23,15:00,Sat,Burnley,Huddersfield,0.0,0.0,20759.0,Turf Moor,C Kavanagh,0.0,0.0,5.0,9.0,3.0,2.0,3.0,4.0,9.0,13.0,3.0,2.0,0.0,0.0,2.15,3.25,3.9,D
2017-2018,6,2017-09-23,15:00,Sat,Swansea City,Watford,1.0,2.0,20372.0,Liberty Stadium,L Mason,0.0,1.0,10.0,8.0,3.0,4.0,5.0,4.0,9.0,16.0,1.0,3.0,0.0,0.0,2.4,3.3,3.25,A
2017-2018,6,2017-09-23,15:00,Sat,Everton,Bournemouth,2.0,1.0,38133.0,Goodison Park,M Atkinson,0.0,0.0,12.0,8.0,4.0,4.0,4.0,6.0,12.0,11.0,3.0,1.0,0.0,0.0,1.65,4.0,5.75,H
2017-2018,6,2017-09-23,17:30,Sat,Leicester City,Liverpool,2.0,3.0,32004.0,King Power Stadium,A Taylor,1.0,2.0,12.0,23.0,7.0,6.0,3.0,6.0,13.0,14.0,3.0,3.0,0.0,0.0,4.1,3.9,1.91,A
2017-2018,6,2017-09-24,16:00,Sun,Brighton,Newcastle United,1.0,0.0,30468.0,The American Express Community Stadium,A Marriner,0.0,0.0,7.0,17.0,3.0,5.0,2.0,8.0,6.0,8.0,2.0,1.0,0.0,0.0,2.8,3.1,2.9,H
2017-2018,6,2017-09-25,20:00,Mon,Arsenal,West Brom,2.0,0.0,59134.0,Emirates Stadium,R Madley,1.0,0.0,16.0,7.0,6.0,3.0,7.0,4.0,8.0,17.0,1.0,4.0,0.0,0.0,1.33,5.5,11.0,H
2017-2018,7,2017-09-30,12:30,Sat,Huddersfield,Tottenham,0.0,4.0,24169.0,The John Smith's Stadium,N Swarbrick,0.0,3.0,6.0,14.0,1.0,7.0,4.0,7.0,7.0,4.0,1.0,1.0,0.0,0.0,8.5,4.75,1.36,A
2017-2018,7,2017-09-30,15:00,Sat,Stoke City,Southampton,2.0,1.0,29285.0,Bet365 Stadium,M Jones,1.0,0.0,17.0,21.0,6.0,3.0,5.0,6.0,11.0,10.0,1.0,2.0,0.0,0.0,2.88,3.2,2.45,H
2017-2018,7,2017-09-30,15:00,Sat,West Ham,Swansea City,1.0,0.0,56922.0,London Stadium,R East,0.0,0.0,9.0,6.0,4.0,1.0,2.0,1.0,15.0,13.0,3.0,2.0,0.0,0.0,1.8,3.5,4.5,H
2017-2018,7,2017-09-30,15:00,Sat,Manchester United,Crystal Palace,4.0,0.0,75118.0,Old Trafford,M Dean,2.0,0.0,18.0,6.0,7.0,1.0,6.0,5.0,6.0,9.0,0.0,0.0,0.0,0.0,1.17,7.0,15.0,H
2017-2018,7,2017-09-30,15:00,Sat,Bournemouth,Leicester City,0.0,0.0,10444.0,Vitality Stadium,G Scott,0.0,0.0,19.0,8.0,4.0,1.0,7.0,5.0,6.0,10.0,1.0,0.0,0.0,0.0,2.8,3.25,2.5,D
2017-2018,7,2017-09-30,15:00,Sat,West Brom,Watford,2.0,2.0,24606.0,The Hawthorns,M Oliver,2.0,1.0,9.0,15.0,4.0,3.0,7.0,6.0,12.0,11.0,3.0,0.0,0.0,0.0,2.15,3.2,3.5,D
2017-2018,7,2017-09-30,17:30,Sat,Chelsea,Manchester City,0.0,1.0,41530.0,Stamford Bridge,M Atkinson,0.0,0.0,4.0,17.0,2.0,6.0,4.0,8.0,8.0,13.0,0.0,2.0,0.0,0.0,2.75,3.3,2.5,A
2017-2018,7,2017-10-01,12:00,Sun,Arsenal,Brighton,2.0,0.0,59378.0,Emirates Stadium,K Friend,1.0,0.0,25.0,9.0,12.0,1.0,6.0,5.0,7.0,8.0,0.0,2.0,0.0,0.0,1.2,6.5,13.0,H
2017-2018,7,2017-10-01,14:15,Sun,Everton,Burnley,0.0,1.0,38448.0,Goodison Park,J Moss,0.0,1.0,23.0,5.0,4.0,2.0,9.0,3.0,14.0,7.0,2.0,2.0,0.0,0.0,1.67,3.6,5.75,A
2017-2018,7,2017-10-01,16:30,Sun,Newcastle United,Liverpool,1.0,1.0,52303.0,St. James' Park,C Pawson,1.0,1.0,8.0,17.0,5.0,2.0,1.0,5.0,11.0,6.0,1.0,1.0,0.0,0.0,5.0,3.8,1.67,D
2017-2018,8,2017-10-14,12:30,Sat,Liverpool,Manchester United,0.0,0.0,52912.0,Anfield,M Atkinson,0.0,0.0,19.0,6.0,5.0,1.0,7.0,3.0,7.0,13.0,0.0,2.0,0.0,0.0,2.8,3.25,2.8,D
2017-2018,8,2017-10-14,15:00,Sat,Tottenham,Bournemouth,1.0,0.0,73502.0,Wembley Stadium,R Madley,0.0,0.0,18.0,5.0,6.0,1.0,9.0,5.0,9.0,7.0,1.0,3.0,0.0,0.0,1.2,8.0,15.0,H
2017-2018,8,2017-10-14,15:00,Sat,Burnley,West Ham,1.0,1.0,20945.0,Turf Moor,S Attwell,0.0,1.0,20.0,8.0,5.0,6.0,7.0,4.0,11.0,14.0,2.0,2.0,0.0,1.0,2.75,3.25,2.8,D
2017-2018,8,2017-10-14,15:00,Sat,Crystal Palace,Chelsea,2.0,1.0,25480.0,Selhurst Park,A Marriner,2.0,1.0,14.0,15.0,5.0,5.0,5.0,8.0,7.0,6.0,2.0,1.0,0.0,0.0,9.0,5.0,1.4,H
2017-2018,8,2017-10-14,15:00,Sat,Swansea City,Huddersfield,2.0,0.0,20657.0,Liberty Stadium,P Tierney,1.0,0.0,7.0,7.0,3.0,2.0,5.0,3.0,12.0,16.0,1.0,5.0,0.0,0.0,2.2,3.25,3.75,H
2017-2018,8,2017-10-14,15:00,Sat,Manchester City,Stoke City,7.0,2.0,54128.0,Etihad Stadium,C Pawson,3.0,1.0,20.0,5.0,11.0,1.0,5.0,0.0,5.0,8.0,0.0,1.0,0.0,0.0,1.14,9.5,21.0,H
2017-2018,8,2017-10-14,17:30,Sat,Watford,Arsenal,2.0,1.0,20384.0,Vicarage Road Stadium,N Swarbrick,0.0,1.0,11.0,9.0,2.0,6.0,2.0,5.0,8.0,10.0,1.0,0.0,0.0,0.0,5.25,4.33,1.65,H
2017-2018,8,2017-10-15,13:30,Sun,Brighton,Everton,1.0,1.0,30565.0,The American Express Community Stadium,M Oliver,0.0,0.0,12.0,13.0,3.0,6.0,7.0,1.0,12.0,10.0,4.0,1.0,0.0,0.0,3.25,3.3,2.4,D
2017-2018,8,2017-10-15,16:00,Sun,Southampton,Newcastle United,2.0,2.0,31437.0,St. Mary's Stadium,K Friend,0.0,1.0,12.0,19.0,2.0,5.0,3.0,8.0,11.0,12.0,1.0,2.0,0.0,0.0,1.91,3.6,4.5,D
2017-2018,8,2017-10-16,20:00,Mon,Leicester City,West Brom,1.0,1.0,30203.0,King Power Stadium,M Dean,0.0,0.0,11.0,5.0,3.0,1.0,4.0,1.0,13.0,6.0,2.0,2.0,0.0,0.0,2.05,3.4,4.2,D
2017-2018,9,2017-10-20,20:00,Fri,West Ham,Brighton,0.0,3.0,56977.0,London Stadium,M Atkinson,0.0,2.0,16.0,7.0,2.0,5.0,10.0,3.0,5.0,13.0,1.0,0.0,0.0,0.0,1.83,3.5,5.25,A
2017-2018,9,2017-10-21,12:30,Sat,Chelsea,Watford,4.0,2.0,41467.0,Stamford Bridge,J Moss,1.0,1.0,14.0,16.0,8.0,5.0,6.0,6.0,13.0,16.0,2.0,3.0,0.0,0.0,1.36,5.25,10.0,H
2017-2018,9,2017-10-21,15:00,Sat,Manchester City,Burnley,3.0,0.0,54118.0,Etihad Stadium,R East,1.0,0.0,15.0,6.0,10.0,0.0,4.0,5.0,10.0,6.0,2.0,3.0,0.0,0.0,1.11,12.0,26.0,H
2017-2018,9,2017-10-21,15:00,Sat,Huddersfield,Manchester United,2.0,1.0,24426.0,The John Smith's Stadium,L Mason,2.0,0.0,5.0,9.0,3.0,3.0,4.0,7.0,10.0,12.0,4.0,2.0,0.0,0.0,11.0,5.0,1.36,H
2017-2018,9,2017-10-21,15:00,Sat,Swansea City,Leicester City,1.0,2.0,20521.0,Liberty Stadium,M Oliver,0.0,1.0,19.0,11.0,4.0,6.0,7.0,6.0,6.0,9.0,0.0,1.0,0.0,0.0,2.79,3.25,2.75,A
2017-2018,9,2017-10-21,15:00,Sat,Stoke City,Bournemouth,1.0,2.0,29500.0,Bet365 Stadium,L Probert,0.0,2.0,10.0,7.0,2.0,3.0,8.0,3.0,17.0,10.0,0.0,1.0,0.0,0.0,2.14,3.5,3.6,A
2017-2018,9,2017-10-21,15:00,Sat,Newcastle United,Crystal Palace,1.0,0.0,52251.0,St. James' Park,S Attwell,0.0,0.0,7.0,10.0,3.0,0.0,3.0,5.0,12.0,14.0,4.0,2.0,0.0,0.0,2.0,3.5,4.2,H
2017-2018,9,2017-10-21,17:30,Sat,Southampton,West Brom,1.0,0.0,29947.0,St. Mary's Stadium,G Scott,0.0,0.0,20.0,7.0,6.0,2.0,8.0,3.0,10.0,8.0,0.0,1.0,0.0,0.0,1.85,3.39,5.25,H
2017-2018,9,2017-10-22,13:30,Sun,Everton,Arsenal,2.0,5.0,39189.0,Goodison Park,C Pawson,1.0,1.0,8.0,30.0,3.0,14.0,0.0,7.0,14.0,14.0,1.0,1.0,1.0,0.0,3.79,3.6,2.04,A
2017-2018,9,2017-10-22,16:00,Sun,Tottenham,Liverpool,4.0,1.0,80827.0,Wembley Stadium,A Marriner,3.0,1.0,14.0,12.0,6.0,7.0,3.0,5.0,2.0,8.0,0.0,1.0,0.0,0.0,2.25,3.5,3.39,H
2017-2018,10,2017-10-28,12:30,Sat,Manchester United,Tottenham,1.0,0.0,75034.0,Old Trafford,J Moss,0.0,0.0,11.0,13.0,3.0,4.0,6.0,3.0,12.0,14.0,1.0,0.0,0.0,0.0,2.14,3.39,3.79,H
2017-2018,10,2017-10-28,15:00,Sat,Arsenal,Swansea City,2.0,1.0,59493.0,Emirates Stadium,L Mason,0.0,1.0,17.0,4.0,5.0,2.0,5.0,2.0,9.0,9.0,0.0,0.0,0.0,0.0,1.25,7.0,12.0,H
2017-2018,10,2017-10-28,15:00,Sat,Crystal Palace,West Ham,2.0,2.0,25242.0,Selhurst Park,R Madley,0.0,2.0,19.0,6.0,9.0,2.0,11.0,2.0,18.0,15.0,1.0,2.0,0.0,0.0,2.39,3.29,3.29,D
2017-2018,10,2017-10-28,15:00,Sat,Watford,Stoke City,0.0,1.0,20087.0,Vicarage Road Stadium,M Oliver,0.0,1.0,13.0,6.0,0.0,2.0,8.0,1.0,10.0,9.0,4.0,4.0,0.0,0.0,2.04,3.6,3.79,A
2017-2018,10,2017-10-28,15:00,Sat,Liverpool,Huddersfield,3.0,0.0,53268.0,Anfield,K Friend,0.0,0.0,16.0,1.0,8.0,0.0,9.0,2.0,10.0,8.0,0.0,1.0,0.0,0.0,1.25,6.75,13.0,H
2017-2018,10,2017-10-28,15:00,Sat,West Brom,Manchester City,2.0,3.0,24003.0,The Hawthorns,M Jones,1.0,2.0,6.0,15.0,4.0,5.0,1.0,2.0,10.0,7.0,2.0,3.0,0.0,0.0,11.0,6.5,1.28,A
2017-2018,10,2017-10-28,17:30,Sat,Bournemouth,Chelsea,0.0,1.0,10998.0,Vitality Stadium,C Pawson,0.0,0.0,7.0,18.0,1.0,5.0,5.0,5.0,5.0,5.0,2.0,0.0,0.0,0.0,6.0,4.2,1.61,A
2017-2018,10,2017-10-29,13:30,Sun,Brighton,Southampton,1.0,1.0,30564.0,The American Express Community Stadium,N Swarbrick,0.0,1.0,7.0,6.0,2.0,1.0,2.0,7.0,9.0,10.0,3.0,1.0,0.0,0.0,3.29,3.2,2.45,D
2017-2018,10,2017-10-29,16:00,Sun,Leicester City,Everton,2.0,0.0,31891.0,King Power Stadium,A Marriner,2.0,0.0,9.0,16.0,3.0,2.0,3.0,10.0,6.0,10.0,0.0,2.0,0.0,0.0,2.14,3.39,3.75,H
2017-2018,10,2017-10-30,20:00,Mon,Burnley,Newcastle United,1.0,0.0,21031.0,Turf Moor,M Dean,0.0,0.0,12.0,12.0,5.0,5.0,5.0,3.0,9.0,10.0,3.0,0.0,0.0,0.0,2.89,3.2,2.7,H
2017-2018,11,2017-11-04,12:30,Sat,Stoke City,Leicester City,2.0,2.0,29602.0,Bet365 Stadium,R Madley,1.0,1.0,11.0,14.0,7.0,4.0,4.0,10.0,12.0,8.0,0.0,0.0,0.0,0.0,2.7,3.29,2.87,D
2017-2018,11,2017-11-04,15:00,Sat,Southampton,Burnley,0.0,1.0,30491.0,St. Mary's Stadium,L Probert,0.0,0.0,13.0,5.0,3.0,1.0,9.0,1.0,4.0,4.0,0.0,0.0,0.0,0.0,1.66,3.75,6.5,A
2017-2018,11,2017-11-04,15:00,Sat,Swansea City,Brighton,0.0,1.0,20822.0,Liberty Stadium,M Dean,0.0,1.0,12.0,5.0,2.0,2.0,8.0,7.0,13.0,12.0,2.0,1.0,0.0,0.0,2.39,3.2,3.39,A
2017-2018,11,2017-11-04,15:00,Sat,Huddersfield,West Brom,1.0,0.0,24169.0,The John Smith's Stadium,R East,1.0,0.0,7.0,9.0,3.0,3.0,3.0,5.0,8.0,15.0,1.0,4.0,1.0,0.0,2.79,3.0,3.0,H
2017-2018,11,2017-11-04,15:00,Sat,Newcastle United,Bournemouth,0.0,1.0,52237.0,St. James' Park,P Tierney,0.0,0.0,16.0,16.0,4.0,6.0,11.0,9.0,11.0,12.0,2.0,2.0,0.0,0.0,2.0,3.5,4.2,A
2017-2018,11,2017-11-04,17:30,Sat,West Ham,Liverpool,1.0,4.0,56961.0,London Stadium,N Swarbrick,0.0,2.0,6.0,15.0,1.0,7.0,2.0,3.0,9.0,13.0,3.0,0.0,0.0,0.0,5.25,4.33,1.66,A
2017-2018,11,2017-11-05,12:00,Sun,Tottenham,Crystal Palace,1.0,0.0,65270.0,Wembley Stadium,K Friend,0.0,0.0,12.0,11.0,2.0,3.0,10.0,9.0,6.0,7.0,0.0,2.0,0.0,0.0,1.28,6.0,12.0,H
2017-2018,11,2017-11-05,14:15,Sun,Manchester City,Arsenal,3.0,1.0,54286.0,Etihad Stadium,M Oliver,1.0,0.0,9.0,6.0,5.0,3.0,5.0,5.0,15.0,15.0,1.0,6.0,0.0,0.0,1.39,5.5,7.5,H
2017-2018,11,2017-11-05,16:30,Sun,Everton,Watford,3.0,2.0,38609.0,Goodison Park,G Scott,0.0,0.0,10.0,11.0,5.0,3.0,2.0,5.0,14.0,12.0,0.0,2.0,0.0,0.0,2.2,3.39,3.6,H
2017-2018,11,2017-11-05,16:30,Sun,Chelsea,Manchester United,1.0,0.0,41615.0,Stamford Bridge,A Taylor,0.0,0.0,18.0,10.0,8.0,2.0,4.0,7.0,16.0,20.0,1.0,3.0,0.0,0.0,2.5,3.2,3.2,H
2017-2018,12,2017-11-18,12:30,Sat,Arsenal,Tottenham,2.0,0.0,59530.0,Emirates Stadium,M Dean,2.0,0.0,14.0,14.0,5.0,4.0,7.0,4.0,11.0,16.0,4.0,1.0,0.0,0.0,2.5,3.6,2.89,H
2017-2018,12,2017-11-18,15:00,Sat,West Brom,Chelsea,0.0,4.0,23592.0,The Hawthorns,J Moss,0.0,3.0,7.0,11.0,2.0,7.0,3.0,4.0,13.0,12.0,2.0,3.0,0.0,0.0,6.5,4.0,1.61,A
2017-2018,12,2017-11-18,15:00,Sat,Bournemouth,Huddersfield,4.0,0.0,10879.0,Vitality Stadium,L Probert,2.0,0.0,11.0,20.0,5.0,3.0,8.0,11.0,13.0,10.0,3.0,2.0,1.0,0.0,1.83,3.5,5.25,H
2017-2018,12,2017-11-18,15:00,Sat,Liverpool,Southampton,3.0,0.0,53256.0,Anfield,M Jones,2.0,0.0,21.0,5.0,8.0,0.0,10.0,2.0,15.0,9.0,1.0,1.0,0.0,0.0,1.39,5.0,9.0,H
2017-2018,12,2017-11-18,15:00,Sat,Burnley,Swansea City,2.0,0.0,18895.0,Turf Moor,M Atkinson,2.0,0.0,16.0,13.0,7.0,1.0,8.0,6.0,12.0,12.0,1.0,1.0,0.0,0.0,2.14,3.2,4.0,H
2017-2018,12,2017-11-18,15:00,Sat,Crystal Palace,Everton,2.0,2.0,25526.0,Selhurst Park,A Taylor,2.0,2.0,16.0,8.0,7.0,5.0,9.0,4.0,9.0,26.0,2.0,3.0,0.0,0.0,2.39,3.25,3.29,D
2017-2018,12,2017-11-18,15:00,Sat,Leicester City,Manchester City,0.0,2.0,31908.0,King Power Stadium,G Scott,0.0,1.0,2.0,12.0,0.0,4.0,1.0,7.0,8.0,10.0,1.0,1.0,0.0,0.0,9.5,5.75,1.33,A
2017-2018,12,2017-11-18,17:30,Sat,Manchester United,Newcastle United,4.0,1.0,75035.0,Old Trafford,C Pawson,2.0,1.0,16.0,12.0,7.0,5.0,11.0,4.0,10.0,9.0,1.0,1.0,0.0,0.0,1.28,5.75,13.0,H
2017-2018,12,2017-11-19,16:00,Sun,Watford,West Ham,2.0,0.0,20018.0,Vicarage Road Stadium,A Marriner,1.0,0.0,17.0,10.0,7.0,6.0,3.0,1.0,13.0,10.0,1.0,4.0,0.0,0.0,2.1,3.5,3.75,H
2017-2018,12,2017-11-20,20:00,Mon,Brighton,Stoke City,2.0,2.0,29676.0,The American Express Community Stadium,L Mason,1.0,2.0,9.0,13.0,3.0,6.0,6.0,7.0,13.0,5.0,1.0,0.0,0.0,0.0,2.39,3.2,3.39,D
2017-2018,13,2017-11-24,20:00,Fri,West Ham,Leicester City,1.0,1.0,56897.0,London Stadium,M Atkinson,1.0,1.0,8.0,7.0,4.0,2.0,5.0,5.0,9.0,12.0,1.0,1.0,0.0,0.0,2.7,3.39,2.75,D
2017-2018,13,2017-11-25,15:00,Sat,Tottenham,West Brom,1.0,1.0,65905.0,Wembley Stadium,M Jones,0.0,1.0,24.0,5.0,5.0,2.0,8.0,0.0,10.0,13.0,1.0,4.0,0.0,0.0,1.25,6.0,16.0,D
2017-2018,13,2017-11-25,15:00,Sat,Manchester United,Brighton,1.0,0.0,75018.0,Old Trafford,N Swarbrick,0.0,0.0,15.0,8.0,4.0,2.0,5.0,0.0,9.0,9.0,0.0,2.0,0.0,0.0,1.19,7.0,19.0,H
2017-2018,13,2017-11-25,15:00,Sat,Swansea City,Bournemouth,0.0,0.0,20228.0,Liberty Stadium,S Attwell,0.0,0.0,10.0,9.0,1.0,5.0,4.0,5.0,18.0,6.0,4.0,2.0,0.0,0.0,2.79,3.25,2.79,D
2017-2018,13,2017-11-25,15:00,Sat,Crystal Palace,Stoke City,2.0,1.0,23723.0,Selhurst Park,M Dean,0.0,0.0,10.0,9.0,5.0,3.0,5.0,2.0,9.0,5.0,1.0,1.0,0.0,0.0,2.04,3.5,4.0,H
2017-2018,13,2017-11-25,15:00,Sat,Newcastle United,Watford,0.0,3.0,52188.0,St. James' Park,C Kavanagh,0.0,2.0,12.0,12.0,2.0,4.0,6.0,3.0,8.0,13.0,1.0,2.0,0.0,0.0,2.2,3.5,3.5,A
2017-2018,13,2017-11-25,17:30,Sat,Liverpool,Chelsea,1.0,1.0,53225.0,Anfield,M Oliver,0.0,0.0,16.0,11.0,4.0,3.0,7.0,8.0,10.0,7.0,0.0,0.0,0.0,0.0,2.14,3.6,3.5,D
2017-2018,13,2017-11-26,13:30,Sun,Southampton,Everton,4.0,1.0,30461.0,St. Mary's Stadium,K Friend,1.0,1.0,17.0,5.0,5.0,2.0,7.0,2.0,6.0,13.0,0.0,0.0,0.0,0.0,1.9,3.39,4.75,H
2017-2018,13,2017-11-26,14:00,Sun,Burnley,Arsenal,0.0,1.0,21722.0,Turf Moor,L Mason,0.0,0.0,8.0,17.0,2.0,2.0,5.0,5.0,8.0,14.0,2.0,0.0,0.0,0.0,6.5,4.5,1.53,A
2017-2018,13,2017-11-26,16:00,Sun,Huddersfield,Manchester City,1.0,2.0,24121.0,The John Smith's Stadium,C Pawson,1.0,0.0,4.0,14.0,0.0,5.0,3.0,7.0,10.0,10.0,2.0,3.0,1.0,0.0,17.0,8.0,1.18,A
2017-2018,14,2017-11-28,19:45,Tue,Brighton,Crystal Palace,0.0,0.0,29889.0,The American Express Community Stadium,A Marriner,0.0,0.0,10.0,10.0,4.0,4.0,10.0,5.0,13.0,8.0,2.0,0.0,0.0,0.0,2.7,3.1,3.0,D
2017-2018,14,2017-11-28,19:45,Tue,Leicester City,Tottenham,2.0,1.0,31950.0,King Power Stadium,A Taylor,2.0,0.0,7.0,18.0,4.0,6.0,4.0,9.0,7.0,10.0,1.0,2.0,0.0,0.0,5.0,3.89,1.75,H
2017-2018,14,2017-11-28,20:00,Tue,Watford,Manchester United,2.0,4.0,20552.0,Vicarage Road Stadium,J Moss,0.0,3.0,12.0,15.0,3.0,7.0,5.0,5.0,12.0,10.0,2.0,1.0,0.0,0.0,5.25,3.89,1.72,A
2017-2018,14,2017-11-28,20:00,Tue,West Brom,Newcastle United,2.0,2.0,25534.0,The Hawthorns,L Probert,1.0,0.0,8.0,14.0,4.0,4.0,1.0,6.0,13.0,12.0,0.0,0.0,0.0,0.0,2.37,3.1,3.5,D
2017-2018,14,2017-11-29,19:45,Wed,Chelsea,Swansea City,1.0,0.0,41365.0,Stamford Bridge,N Swarbrick,0.0,0.0,21.0,2.0,10.0,0.0,15.0,1.0,10.0,7.0,1.0,0.0,0.0,0.0,1.18,8.0,17.0,H
2017-2018,14,2017-11-29,19:45,Wed,Bournemouth,Burnley,1.0,2.0,10302.0,Vitality Stadium,R East,0.0,1.0,10.0,10.0,2.0,4.0,4.0,6.0,9.0,11.0,0.0,1.0,0.0,0.0,2.0,3.39,4.33,A
2017-2018,14,2017-11-29,19:45,Wed,Arsenal,Huddersfield,5.0,0.0,59285.0,Emirates Stadium,G Scott,1.0,0.0,21.0,7.0,7.0,2.0,7.0,2.0,10.0,12.0,0.0,1.0,0.0,0.0,1.19,7.5,17.0,H
2017-2018,14,2017-11-29,20:00,Wed,Stoke City,Liverpool,0.0,3.0,29423.0,Bet365 Stadium,M Atkinson,0.0,1.0,10.0,14.0,1.0,7.0,5.0,9.0,8.0,10.0,1.0,5.0,0.0,0.0,6.5,4.5,1.55,A
2017-2018,14,2017-11-29,20:00,Wed,Everton,West Ham,4.0,0.0,38242.0,Goodison Park,M Oliver,2.0,0.0,8.0,7.0,5.0,3.0,2.0,6.0,16.0,6.0,2.0,1.0,0.0,0.0,2.37,3.29,3.29,H
2017-2018,14,2017-11-29,20:00,Wed,Manchester City,Southampton,2.0,1.0,53407.0,Etihad Stadium,P Tierney,0.0,0.0,26.0,7.0,12.0,2.0,6.0,5.0,12.0,11.0,1.0,1.0,0.0,0.0,1.19,8.0,15.0,H
2017-2018,15,2017-12-02,12:30,Sat,Chelsea,Newcastle United,3.0,1.0,41538.0,Stamford Bridge,K Friend,2.0,1.0,23.0,8.0,9.0,2.0,11.0,4.0,8.0,13.0,0.0,1.0,0.0,0.0,1.25,6.5,15.0,H
2017-2018,15,2017-12-02,15:00,Sat,Watford,Tottenham,1.0,1.0,20278.0,Vicarage Road Stadium,M Atkinson,1.0,1.0,6.0,8.0,2.0,2.0,7.0,2.0,16.0,8.0,4.0,1.0,0.0,1.0,5.0,4.0,1.72,D
2017-2018,15,2017-12-02,15:00,Sat,West Brom,Crystal Palace,0.0,0.0,23531.0,The Hawthorns,M Oliver,0.0,0.0,20.0,10.0,6.0,2.0,3.0,7.0,11.0,10.0,3.0,1.0,0.0,0.0,2.5,3.2,3.2,D
2017-2018,15,2017-12-02,15:00,Sat,Stoke City,Swansea City,2.0,1.0,28261.0,Bet365 Stadium,C Pawson,2.0,1.0,10.0,10.0,3.0,3.0,2.0,6.0,12.0,10.0,2.0,0.0,0.0,0.0,1.95,3.39,4.5,H
2017-2018,15,2017-12-02,15:00,Sat,Brighton,Liverpool,1.0,5.0,30634.0,The American Express Community Stadium,G Scott,0.0,2.0,6.0,12.0,2.0,6.0,2.0,2.0,8.0,7.0,1.0,0.0,0.0,0.0,7.5,4.5,1.5,A
2017-2018,15,2017-12-02,15:00,Sat,Everton,Huddersfield,2.0,0.0,39167.0,Goodison Park,C Kavanagh,0.0,0.0,6.0,5.0,4.0,3.0,2.0,5.0,12.0,9.0,2.0,1.0,0.0,0.0,1.72,3.79,5.5,H
2017-2018,15,2017-12-02,15:00,Sat,Leicester City,Burnley,1.0,0.0,30714.0,King Power Stadium,P Tierney,1.0,0.0,16.0,14.0,3.0,4.0,10.0,7.0,3.0,11.0,0.0,2.0,0.0,0.0,1.83,3.6,5.0,H
2017-2018,15,2017-12-02,17:30,Sat,Arsenal,Manchester United,1.0,3.0,59547.0,Emirates Stadium,A Marriner,0.0,2.0,33.0,8.0,15.0,4.0,12.0,1.0,11.0,10.0,3.0,2.0,0.0,1.0,2.5,3.39,3.0,A
2017-2018,15,2017-12-03,13:30,Sun,Bournemouth,Southampton,1.0,1.0,10764.0,Vitality Stadium,J Moss,1.0,0.0,16.0,15.0,5.0,4.0,5.0,4.0,6.0,12.0,2.0,1.0,0.0,0.0,2.89,3.25,2.39,D
2017-2018,15,2017-12-03,16:00,Sun,Manchester City,West Ham,2.0,1.0,54203.0,Etihad Stadium,M Dean,0.0,1.0,24.0,7.0,8.0,4.0,10.0,4.0,5.0,7.0,2.0,2.0,0.0,0.0,1.08,11.0,21.0,H
2017-2018,16,2017-12-09,12:30,Sat,West Ham,Chelsea,1.0,0.0,56953.0,London Stadium,A Taylor,1.0,0.0,5.0,19.0,2.0,2.0,4.0,3.0,10.0,10.0,6.0,1.0,0.0,0.0,7.5,4.5,1.5,H
2017-2018,16,2017-12-09,15:00,Sat,Huddersfield,Brighton,2.0,0.0,24018.0,The John Smith's Stadium,S Attwell,2.0,0.0,19.0,7.0,6.0,2.0,8.0,1.0,6.0,10.0,0.0,0.0,0.0,0.0,2.7,3.1,3.0,H
2017-2018,16,2017-12-09,15:00,Sat,Crystal Palace,Bournemouth,2.0,2.0,24823.0,Selhurst Park,K Friend,2.0,2.0,24.0,11.0,8.0,5.0,6.0,3.0,14.0,14.0,5.0,2.0,0.0,0.0,2.04,3.5,4.0,D
2017-2018,16,2017-12-09,15:00,Sat,Tottenham,Stoke City,5.0,1.0,62202.0,Wembley Stadium,R East,1.0,0.0,20.0,4.0,11.0,3.0,12.0,6.0,12.0,9.0,1.0,0.0,0.0,0.0,1.28,6.5,11.0,H
2017-2018,16,2017-12-09,15:00,Sat,Burnley,Watford,1.0,0.0,19479.0,Turf Moor,L Probert,1.0,0.0,8.0,11.0,5.0,2.0,3.0,5.0,10.0,12.0,1.0,0.0,0.0,1.0,2.6,3.25,3.0,H
2017-2018,16,2017-12-09,15:00,Sat,Swansea City,West Brom,1.0,0.0,19580.0,Liberty Stadium,M Dean,0.0,0.0,18.0,7.0,3.0,1.0,6.0,3.0,8.0,18.0,2.0,5.0,0.0,0.0,2.7,3.1,3.0,H
2017-2018,16,2017-12-09,17:30,Sat,Newcastle United,Leicester City,2.0,3.0,52117.0,St. James' Park,N Swarbrick,1.0,1.0,10.0,13.0,4.0,5.0,6.0,5.0,10.0,9.0,2.0,1.0,0.0,0.0,2.62,3.29,2.89,A
2017-2018,16,2017-12-10,12:00,Sun,Southampton,Arsenal,1.0,1.0,31643.0,St. Mary's Stadium,R Madley,1.0,0.0,6.0,11.0,3.0,6.0,4.0,5.0,12.0,10.0,2.0,2.0,0.0,0.0,4.0,3.75,1.95,D
2017-2018,16,2017-12-10,14:15,Sun,Liverpool,Everton,1.0,1.0,53082.0,Anfield,C Pawson,1.0,0.0,23.0,3.0,3.0,2.0,12.0,1.0,8.0,11.0,1.0,3.0,0.0,0.0,1.3,6.0,11.0,D
2017-2018,16,2017-12-10,16:30,Sun,Manchester United,Manchester City,1.0,2.0,74847.0,Old Trafford,M Oliver,1.0,1.0,8.0,14.0,5.0,7.0,2.0,8.0,16.0,10.0,4.0,2.0,0.0,0.0,3.39,3.5,2.25,A
2017-2018,17,2017-12-12,19:45,Tue,Burnley,Stoke City,1.0,0.0,19909.0,Turf Moor,M Jones,0.0,0.0,10.0,14.0,2.0,7.0,6.0,4.0,6.0,14.0,0.0,0.0,0.0,0.0,2.29,3.2,3.6,H
2017-2018,17,2017-12-12,20:00,Tue,Crystal Palace,Watford,2.0,1.0,23566.0,Selhurst Park,L Mason,0.0,1.0,14.0,7.0,4.0,2.0,4.0,6.0,14.0,18.0,2.0,1.0,0.0,1.0,2.29,3.5,3.25,H
2017-2018,17,2017-12-12,20:00,Tue,Huddersfield,Chelsea,1.0,3.0,24169.0,The John Smith's Stadium,A Marriner,0.0,2.0,7.0,12.0,2.0,5.0,1.0,3.0,11.0,4.0,0.0,0.0,0.0,0.0,9.0,4.5,1.44,A
2017-2018,17,2017-12-13,19:45,Wed,Newcastle United,Everton,0.0,1.0,51042.0,St. James' Park,M Atkinson,0.0,1.0,16.0,7.0,4.0,4.0,4.0,1.0,10.0,11.0,1.0,2.0,1.0,0.0,2.39,3.29,3.25,A
2017-2018,17,2017-12-13,19:45,Wed,Southampton,Leicester City,1.0,4.0,27714.0,St. Mary's Stadium,C Kavanagh,0.0,3.0,12.0,16.0,4.0,11.0,9.0,9.0,13.0,9.0,1.0,0.0,0.0,0.0,2.1,3.39,3.89,A
2017-2018,17,2017-12-13,19:45,Wed,Swansea City,Manchester City,0.0,4.0,20870.0,Liberty Stadium,A Taylor,0.0,2.0,7.0,23.0,3.0,10.0,2.0,5.0,12.0,6.0,0.0,0.0,0.0,0.0,15.0,6.5,1.25,A
2017-2018,17,2017-12-13,20:00,Wed,Liverpool,West Brom,0.0,0.0,53243.0,Anfield,P Tierney,0.0,0.0,14.0,6.0,5.0,1.0,5.0,7.0,16.0,6.0,1.0,0.0,0.0,0.0,1.22,7.0,15.0,D
2017-2018,17,2017-12-13,20:00,Wed,West Ham,Arsenal,0.0,0.0,56921.0,London Stadium,J Moss,0.0,0.0,6.0,22.0,0.0,3.0,1.0,7.0,9.0,9.0,1.0,0.0,0.0,0.0,5.25,4.2,1.66,D
2017-2018,17,2017-12-13,20:00,Wed,Tottenham,Brighton,2.0,0.0,46438.0,Wembley Stadium,R Madley,1.0,0.0,25.0,7.0,8.0,4.0,10.0,2.0,5.0,10.0,1.0,1.0,0.0,0.0,1.25,6.5,15.0,H
2017-2018,17,2017-12-13,20:00,Wed,Manchester United,Bournemouth,1.0,0.0,74798.0,Old Trafford,G Scott,1.0,0.0,9.0,14.0,2.0,7.0,4.0,9.0,14.0,12.0,1.0,2.0,0.0,0.0,1.28,6.0,12.0,H
2017-2018,18,2017-12-16,12:30,Sat,Leicester City,Crystal Palace,0.0,3.0,31081.0,King Power Stadium,M Atkinson,0.0,2.0,11.0,13.0,2.0,6.0,6.0,4.0,12.0,13.0,2.0,2.0,1.0,0.0,1.89,3.6,4.5,A
2017-2018,18,2017-12-16,15:00,Sat,Watford,Huddersfield,1.0,4.0,20026.0,Vicarage Road Stadium,M Oliver,0.0,2.0,13.0,15.0,3.0,9.0,8.0,7.0,12.0,17.0,2.0,1.0,1.0,1.0,1.8,3.75,5.0,A
2017-2018,18,2017-12-16,15:00,Sat,Arsenal,Newcastle United,1.0,0.0,59379.0,Emirates Stadium,S Attwell,1.0,0.0,23.0,10.0,5.0,2.0,7.0,5.0,13.0,9.0,2.0,1.0,0.0,0.0,1.25,6.5,14.0,H
2017-2018,18,2017-12-16,15:00,Sat,Brighton,Burnley,0.0,0.0,29921.0,The American Express Community Stadium,C Kavanagh,0.0,0.0,12.0,11.0,2.0,6.0,8.0,2.0,13.0,13.0,4.0,2.0,0.0,0.0,2.62,3.0,3.2,D
2017-2018,18,2017-12-16,15:00,Sat,Chelsea,Southampton,1.0,0.0,41562.0,Stamford Bridge,R East,1.0,0.0,24.0,6.0,8.0,2.0,8.0,4.0,8.0,16.0,1.0,3.0,0.0,0.0,1.39,5.0,9.0,H
2017-2018,18,2017-12-16,16:00,Sat,Stoke City,West Ham,0.0,3.0,29265.0,Bet365 Stadium,G Scott,0.0,1.0,17.0,14.0,0.0,7.0,7.0,9.0,12.0,13.0,2.0,1.0,0.0,0.0,2.29,3.29,3.5,A
2017-2018,18,2017-12-16,17:30,Sat,Manchester City,Tottenham,4.0,1.0,54214.0,Etihad Stadium,C Pawson,1.0,0.0,20.0,7.0,11.0,2.0,5.0,1.0,13.0,20.0,2.0,4.0,0.0,0.0,1.55,4.59,6.0,H
2017-2018,18,2017-12-17,14:15,Sun,West Brom,Manchester United,1.0,2.0,24782.0,The Hawthorns,A Taylor,0.0,2.0,12.0,8.0,5.0,3.0,6.0,3.0,14.0,7.0,1.0,3.0,0.0,0.0,6.5,4.0,1.6,A
2017-2018,18,2017-12-17,16:30,Sun,Bournemouth,Liverpool,0.0,4.0,10780.0,Vitality Stadium,A Marriner,0.0,3.0,6.0,21.0,2.0,7.0,2.0,3.0,5.0,10.0,1.0,1.0,0.0,0.0,6.5,4.5,1.53,A
2017-2018,18,2017-12-18,20:00,Mon,Everton,Swansea City,3.0,1.0,37580.0,Goodison Park,J Moss,1.0,1.0,12.0,8.0,7.0,3.0,6.0,3.0,12.0,12.0,2.0,3.0,0.0,0.0,1.72,3.75,5.5,H
2017-2018,19,2017-12-22,19:45,Fri,Arsenal,Liverpool,3.0,3.0,59409.0,Emirates Stadium,M Atkinson,0.0,1.0,11.0,14.0,4.0,9.0,7.0,8.0,9.0,11.0,1.0,0.0,0.0,0.0,2.54,3.6,2.79,D
2017-2018,19,2017-12-23,12:30,Sat,Everton,Chelsea,0.0,0.0,39191.0,Goodison Park,R Madley,0.0,0.0,5.0,25.0,0.0,8.0,2.0,7.0,8.0,4.0,3.0,0.0,0.0,0.0,6.0,3.89,1.66,D
2017-2018,19,2017-12-23,15:00,Sat,Stoke City,West Brom,3.0,1.0,29057.0,Bet365 Stadium,N Swarbrick,2.0,0.0,9.0,17.0,5.0,7.0,1.0,11.0,9.0,11.0,1.0,0.0,0.0,0.0,2.29,3.25,3.5,H
2017-2018,19,2017-12-23,15:00,Sat,Brighton,Watford,1.0,0.0,30473.0,The American Express Community Stadium,P Tierney,0.0,0.0,14.0,13.0,3.0,1.0,6.0,4.0,8.0,11.0,0.0,0.0,0.0,0.0,2.62,3.2,3.0,H
2017-2018,19,2017-12-23,15:00,Sat,Swansea City,Crystal Palace,1.0,1.0,20354.0,Liberty Stadium,C Pawson,0.0,0.0,7.0,13.0,2.0,5.0,6.0,3.0,13.0,11.0,2.0,3.0,0.0,0.0,3.29,3.2,2.45,D
2017-2018,19,2017-12-23,15:00,Sat,Southampton,Huddersfield,1.0,1.0,29675.0,St. Mary's Stadium,L Probert,1.0,0.0,12.0,10.0,6.0,3.0,9.0,1.0,16.0,9.0,2.0,1.0,0.0,0.0,1.61,3.89,6.5,D
2017-2018,19,2017-12-23,15:00,Sat,Manchester City,Bournemouth,4.0,0.0,54270.0,Etihad Stadium,M Jones,1.0,0.0,14.0,5.0,5.0,1.0,4.0,6.0,8.0,7.0,0.0,1.0,0.0,0.0,1.12,11.0,23.0,H
2017-2018,19,2017-12-23,15:00,Sat,West Ham,Newcastle United,2.0,3.0,56955.0,London Stadium,L Mason,1.0,1.0,19.0,11.0,6.0,4.0,6.0,3.0,9.0,12.0,1.0,1.0,0.0,0.0,2.1,3.39,3.89,A
2017-2018,19,2017-12-23,17:30,Sat,Burnley,Tottenham,0.0,3.0,21650.0,Turf Moor,M Oliver,0.0,1.0,5.0,18.0,2.0,8.0,4.0,4.0,10.0,10.0,1.0,2.0,0.0,0.0,7.0,4.2,1.55,A
2017-2018,19,2017-12-23,19:45,Sat,Leicester City,Manchester United,2.0,2.0,32202.0,King Power Stadium,J Moss,1.0,1.0,11.0,19.0,3.0,6.0,4.0,6.0,19.0,8.0,2.0,2.0,1.0,0.0,4.5,3.6,1.9,D
2017-2018,20,2017-12-26,12:30,Tue,Tottenham,Southampton,5.0,2.0,55412.0,Wembley Stadium,G Scott,2.0,0.0,16.0,16.0,7.0,6.0,3.0,8.0,8.0,15.0,0.0,2.0,0.0,0.0,1.36,5.25,10.0,H
2017-2018,20,2017-12-26,15:00,Tue,Bournemouth,West Ham,3.0,3.0,10596.0,Vitality Stadium,S Attwell,1.0,1.0,26.0,10.0,10.0,5.0,7.0,4.0,12.0,14.0,3.0,4.0,0.0,0.0,2.79,3.29,2.75,D
2017-2018,20,2017-12-26,15:00,Tue,Watford,Leicester City,2.0,1.0,20308.0,Vicarage Road Stadium,C Kavanagh,1.0,1.0,11.0,11.0,1.0,5.0,8.0,8.0,7.0,13.0,3.0,3.0,0.0,0.0,2.54,3.5,2.87,H
2017-2018,20,2017-12-26,15:00,Tue,West Brom,Everton,0.0,0.0,25364.0,The Hawthorns,R East,0.0,0.0,17.0,7.0,3.0,3.0,10.0,2.0,14.0,13.0,2.0,0.0,0.0,0.0,2.54,3.2,3.1,D
2017-2018,20,2017-12-26,15:00,Tue,Manchester United,Burnley,2.0,2.0,75046.0,Old Trafford,M Atkinson,0.0,2.0,23.0,3.0,6.0,2.0,12.0,2.0,10.0,14.0,3.0,7.0,0.0,0.0,1.25,6.5,15.0,D
2017-2018,20,2017-12-26,15:00,Tue,Huddersfield,Stoke City,1.0,1.0,24047.0,The John Smith's Stadium,A Taylor,1.0,0.0,18.0,15.0,8.0,7.0,8.0,5.0,9.0,12.0,2.0,4.0,0.0,0.0,2.5,3.2,3.2,D
2017-2018,20,2017-12-26,15:00,Tue,Chelsea,Brighton,2.0,0.0,41568.0,Stamford Bridge,M Dean,0.0,0.0,25.0,8.0,8.0,1.0,13.0,1.0,8.0,8.0,0.0,1.0,0.0,0.0,1.19,7.5,17.0,H
2017-2018,20,2017-12-26,17:30,Tue,Liverpool,Swansea City,5.0,0.0,52850.0,Anfield,K Friend,1.0,0.0,22.0,7.0,9.0,4.0,4.0,2.0,5.0,8.0,0.0,1.0,0.0,0.0,1.16,9.0,19.0,H
2017-2018,20,2017-12-27,19:45,Wed,Newcastle United,Manchester City,0.0,1.0,52311.0,St. James' Park,A Marriner,0.0,1.0,6.0,22.0,2.0,6.0,3.0,8.0,11.0,6.0,1.0,0.0,0.0,0.0,13.0,6.75,1.25,A
2017-2018,20,2017-12-28,20:00,Thu,Crystal Palace,Arsenal,2.0,3.0,25762.0,Selhurst Park,M Oliver,0.0,1.0,16.0,16.0,2.0,9.0,5.0,4.0,12.0,7.0,0.0,1.0,0.0,0.0,4.5,4.0,1.8,A
2017-2018,21,2017-12-30,15:00,Sat,Huddersfield,Burnley,0.0,0.0,24095.0,The John Smith's Stadium,P Tierney,0.0,0.0,3.0,11.0,1.0,4.0,5.0,4.0,14.0,14.0,2.0,1.0,0.0,0.0,2.37,3.1,3.5,D
2017-2018,21,2017-12-30,15:00,Sat,Chelsea,Stoke City,5.0,0.0,41433.0,Stamford Bridge,K Friend,3.0,0.0,21.0,1.0,12.0,1.0,7.0,0.0,5.0,10.0,1.0,1.0,0.0,0.0,1.16,8.5,19.0,H
2017-2018,21,2017-12-30,15:00,Sat,Bournemouth,Everton,2.0,1.0,10497.0,Vitality Stadium,L Probert,1.0,0.0,19.0,6.0,7.0,1.0,4.0,4.0,8.0,13.0,0.0,0.0,0.0,0.0,2.37,3.29,3.29,H
2017-2018,21,2017-12-30,15:00,Sat,Liverpool,Leicester City,2.0,1.0,53226.0,Anfield,N Swarbrick,0.0,1.0,17.0,7.0,6.0,1.0,7.0,1.0,7.0,3.0,3.0,2.0,0.0,0.0,1.3,6.0,11.0,H
2017-2018,21,2017-12-30,15:00,Sat,Watford,Swansea City,1.0,2.0,20002.0,Vicarage Road Stadium,M Atkinson,1.0,0.0,9.0,9.0,4.0,4.0,1.0,8.0,14.0,13.0,4.0,2.0,0.0,0.0,1.66,3.79,6.0,A
2017-2018,21,2017-12-30,15:00,Sat,Newcastle United,Brighton,0.0,0.0,52209.0,St. James' Park,A Taylor,0.0,0.0,11.0,10.0,2.0,3.0,3.0,6.0,11.0,10.0,2.0,2.0,0.0,0.0,2.14,3.2,4.0,D
2017-2018,21,2017-12-30,17:30,Sat,Manchester United,Southampton,0.0,0.0,75051.0,Old Trafford,C Pawson,0.0,0.0,15.0,8.0,3.0,3.0,10.0,7.0,12.0,13.0,2.0,4.0,0.0,0.0,1.36,5.5,9.0,D
2017-2018,21,2017-12-31,12:00,Sun,Crystal Palace,Manchester City,0.0,0.0,25804.0,Selhurst Park,J Moss,0.0,0.0,10.0,15.0,1.0,4.0,7.0,8.0,14.0,11.0,5.0,4.0,0.0,0.0,11.0,6.5,1.28,D
2017-2018,21,2017-12-31,16:30,Sun,West Brom,Arsenal,1.0,1.0,26223.0,The Hawthorns,M Dean,0.0,0.0,14.0,14.0,3.0,4.0,5.0,6.0,14.0,9.0,3.0,3.0,0.0,0.0,5.0,4.0,1.72,D
2017-2018,22,2018-01-01,12:30,Mon,Brighton,Bournemouth,2.0,2.0,30152.0,The American Express Community Stadium,M Oliver,1.0,1.0,15.0,26.0,6.0,8.0,5.0,12.0,13.0,9.0,2.0,1.0,0.0,0.0,2.37,3.2,3.39,D
2017-2018,22,2018-01-01,15:00,Mon,Leicester City,Huddersfield,3.0,0.0,31748.0,King Power Stadium,G Scott,0.0,0.0,11.0,6.0,5.0,1.0,4.0,1.0,7.0,9.0,1.0,1.0,0.0,0.0,1.66,3.79,6.0,H
2017-2018,22,2018-01-01,15:00,Mon,Burnley,Liverpool,1.0,2.0,21756.0,Turf Moor,R East,0.0,0.0,13.0,19.0,4.0,5.0,3.0,9.0,4.0,12.0,0.0,0.0,0.0,0.0,7.5,4.5,1.5,A
2017-2018,22,2018-01-01,15:00,Mon,Stoke City,Newcastle United,0.0,1.0,28471.0,Bet365 Stadium,C Kavanagh,0.0,0.0,11.0,14.0,4.0,6.0,10.0,5.0,10.0,11.0,3.0,1.0,0.0,0.0,2.29,3.29,3.5,A
2017-2018,22,2018-01-01,17:30,Mon,Everton,Manchester United,0.0,2.0,39188.0,Goodison Park,A Marriner,0.0,0.0,12.0,21.0,0.0,6.0,6.0,6.0,11.0,10.0,2.0,0.0,0.0,0.0,5.5,3.5,1.8,A
2017-2018,22,2018-01-02,19:45,Tue,West Ham,West Brom,2.0,1.0,56888.0,London Stadium,M Jones,0.0,1.0,13.0,10.0,5.0,3.0,3.0,4.0,12.0,12.0,3.0,2.0,0.0,0.0,1.9,3.39,4.09,H
2017-2018,22,2018-01-02,19:45,Tue,Swansea City,Tottenham,0.0,2.0,20615.0,Liberty Stadium,R Madley,0.0,1.0,8.0,12.0,1.0,5.0,6.0,5.0,12.0,9.0,2.0,2.0,0.0,0.0,12.0,4.75,1.3,A
2017-2018,22,2018-01-02,19:45,Tue,Southampton,Crystal Palace,1.0,2.0,28411.0,St. Mary's Stadium,S Attwell,1.0,0.0,10.0,11.0,3.0,4.0,4.0,7.0,8.0,11.0,0.0,1.0,0.0,0.0,1.9,3.39,4.0,A
2017-2018,22,2018-01-02,20:00,Tue,Manchester City,Watford,3.0,1.0,53556.0,Etihad Stadium,L Mason,2.0,0.0,17.0,7.0,7.0,4.0,9.0,1.0,8.0,12.0,1.0,1.0,0.0,0.0,1.12,8.5,19.0,H
2017-2018,22,2018-01-03,19:45,Wed,Arsenal,Chelsea,2.0,2.0,59379.0,Emirates Stadium,A Taylor,0.0,0.0,14.0,19.0,6.0,6.0,10.0,8.0,11.0,11.0,3.0,2.0,0.0,0.0,2.6,3.39,2.6,D
2017-2018,21,2018-01-04,20:00,Thu,Tottenham,West Ham,1.0,1.0,50034.0,Wembley Stadium,M Dean,0.0,0.0,31.0,3.0,8.0,1.0,7.0,1.0,10.0,6.0,0.0,2.0,0.0,0.0,1.25,6.0,10.0,D
2017-2018,23,2018-01-13,15:00,Sat,Newcastle United,Swansea City,1.0,1.0,51444.0,St. James' Park,G Scott,0.0,0.0,12.0,8.0,4.0,5.0,4.0,5.0,11.0,10.0,0.0,3.0,0.0,0.0,1.95,3.39,4.5,D
2017-2018,23,2018-01-13,15:00,Sat,Crystal Palace,Burnley,1.0,0.0,24696.0,Selhurst Park,M Oliver,1.0,0.0,17.0,8.0,2.0,2.0,3.0,2.0,16.0,10.0,0.0,3.0,0.0,0.0,2.0,3.29,4.5,H
2017-2018,23,2018-01-13,15:00,Sat,Chelsea,Leicester City,0.0,0.0,41552.0,Stamford Bridge,M Jones,0.0,0.0,17.0,14.0,7.0,1.0,6.0,3.0,14.0,13.0,2.0,2.0,0.0,1.0,1.3,5.75,12.0,D
2017-2018,23,2018-01-13,15:00,Sat,Huddersfield,West Ham,1.0,4.0,24105.0,The John Smith's Stadium,J Moss,1.0,1.0,8.0,8.0,2.0,6.0,7.0,3.0,7.0,9.0,1.0,1.0,0.0,0.0,2.62,3.1,3.1,A
2017-2018,23,2018-01-13,15:00,Sat,West Brom,Brighton,2.0,0.0,25240.0,The Hawthorns,M Atkinson,1.0,0.0,15.0,13.0,4.0,1.0,9.0,6.0,8.0,15.0,0.0,0.0,0.0,0.0,2.14,3.0,4.33,H
2017-2018,23,2018-01-13,15:00,Sat,Watford,Southampton,2.0,2.0,20018.0,Vicarage Road Stadium,R East,0.0,2.0,16.0,10.0,4.0,4.0,5.0,4.0,11.0,13.0,0.0,5.0,0.0,0.0,2.5,3.39,3.0,D
2017-2018,23,2018-01-13,17:30,Sat,Tottenham,Everton,4.0,0.0,76251.0,Wembley Stadium,C Pawson,1.0,0.0,20.0,7.0,10.0,0.0,3.0,3.0,11.0,15.0,0.0,2.0,0.0,0.0,1.28,6.0,13.0,H
2017-2018,23,2018-01-14,13:30,Sun,Bournemouth,Arsenal,2.0,1.0,10836.0,Vitality Stadium,K Friend,0.0,0.0,13.0,12.0,5.0,3.0,4.0,5.0,8.0,10.0,2.0,2.0,0.0,0.0,4.75,4.2,1.75,H
2017-2018,23,2018-01-14,16:00,Sun,Liverpool,Manchester City,4.0,3.0,53285.0,Anfield,A Marriner,1.0,1.0,16.0,11.0,7.0,4.0,5.0,6.0,10.0,7.0,2.0,3.0,0.0,0.0,3.1,3.75,2.29,H
2017-2018,23,2018-01-15,20:00,Mon,Manchester United,Stoke City,3.0,0.0,74726.0,Old Trafford,A Taylor,2.0,0.0,20.0,11.0,9.0,5.0,6.0,1.0,14.0,10.0,2.0,1.0,0.0,0.0,1.22,7.0,15.0,H
2017-2018,24,2018-01-20,12:30,Sat,Brighton,Chelsea,0.0,4.0,30600.0,The American Express Community Stadium,J Moss,0.0,2.0,10.0,14.0,3.0,10.0,5.0,3.0,12.0,5.0,3.0,0.0,0.0,0.0,6.5,3.89,1.61,A
2017-2018,24,2018-01-20,15:00,Sat,Everton,West Brom,1.0,1.0,39061.0,Goodison Park,S Attwell,0.0,1.0,9.0,15.0,4.0,5.0,0.0,3.0,15.0,10.0,2.0,1.0,0.0,0.0,2.14,3.2,4.0,D
2017-2018,24,2018-01-20,15:00,Sat,Leicester City,Watford,2.0,0.0,31891.0,King Power Stadium,L Probert,1.0,0.0,9.0,11.0,5.0,3.0,4.0,5.0,11.0,10.0,0.0,0.0,0.0,0.0,1.85,3.89,4.33,H
2017-2018,24,2018-01-20,15:00,Sat,Stoke City,Huddersfield,2.0,0.0,29785.0,Bet365 Stadium,M Oliver,0.0,0.0,11.0,6.0,6.0,3.0,3.0,2.0,18.0,13.0,1.0,1.0,0.0,0.0,2.04,3.39,4.09,H
2017-2018,24,2018-01-20,15:00,Sat,Arsenal,Crystal Palace,4.0,1.0,59386.0,Emirates Stadium,C Kavanagh,4.0,0.0,16.0,9.0,10.0,5.0,5.0,10.0,6.0,8.0,0.0,0.0,0.0,0.0,1.5,4.75,7.0,H
2017-2018,24,2018-01-20,15:00,Sat,West Ham,Bournemouth,1.0,1.0,56948.0,London Stadium,M Atkinson,0.0,0.0,12.0,8.0,4.0,3.0,6.0,3.0,8.0,7.0,3.0,1.0,0.0,0.0,2.0,3.6,4.0,D
2017-2018,24,2018-01-20,15:00,Sat,Burnley,Manchester United,0.0,1.0,21841.0,Turf Moor,M Dean,0.0,0.0,13.0,12.0,2.0,2.0,5.0,4.0,7.0,12.0,3.0,3.0,0.0,0.0,7.5,3.89,1.57,A
2017-2018,24,2018-01-20,17:30,Sat,Manchester City,Newcastle United,3.0,1.0,54452.0,Etihad Stadium,P Tierney,1.0,0.0,21.0,6.0,9.0,4.0,18.0,0.0,5.0,10.0,0.0,1.0,0.0,0.0,1.12,10.0,26.0,H
2017-2018,24,2018-01-21,16:00,Sun,Southampton,Tottenham,1.0,1.0,31361.0,St. Mary's Stadium,K Friend,1.0,1.0,10.0,17.0,4.0,2.0,2.0,9.0,8.0,15.0,2.0,3.0,0.0,0.0,5.75,4.09,1.64,D
2017-2018,24,2018-01-22,20:00,Mon,Swansea City,Liverpool,1.0,0.0,20886.0,Liberty Stadium,N Swarbrick,1.0,0.0,3.0,21.0,2.0,4.0,3.0,9.0,5.0,9.0,0.0,2.0,0.0,0.0,12.0,5.75,1.3,H
2017-2018,25,2018-01-30,19:45,Tue,West Ham,Crystal Palace,1.0,1.0,56911.0,London Stadium,N Swarbrick,1.0,1.0,8.0,9.0,3.0,3.0,5.0,3.0,11.0,15.0,1.0,3.0,0.0,0.0,3.1,3.25,2.54,D
2017-2018,25,2018-01-30,19:45,Tue,Swansea City,Arsenal,3.0,1.0,20819.0,Liberty Stadium,L Mason,1.0,1.0,12.0,9.0,4.0,4.0,4.0,3.0,4.0,8.0,0.0,3.0,0.0,0.0,7.0,4.59,1.5,H
2017-2018,25,2018-01-30,20:00,Tue,Huddersfield,Liverpool,0.0,3.0,24121.0,The John Smith's Stadium,K Friend,0.0,2.0,5.0,14.0,1.0,7.0,1.0,4.0,8.0,8.0,0.0,0.0,0.0,0.0,12.0,5.75,1.3,A
2017-2018,25,2018-01-31,19:45,Wed,Southampton,Brighton,1.0,1.0,30034.0,St. Mary's Stadium,M Dean,0.0,1.0,18.0,9.0,3.0,2.0,7.0,2.0,8.0,10.0,3.0,1.0,0.0,0.0,1.75,3.5,6.0,D
2017-2018,25,2018-01-31,19:45,Wed,Chelsea,Bournemouth,0.0,3.0,41464.0,Stamford Bridge,L Probert,0.0,0.0,21.0,11.0,5.0,5.0,8.0,5.0,5.0,12.0,1.0,0.0,0.0,0.0,1.28,6.5,11.0,A
2017-2018,25,2018-01-31,19:45,Wed,Everton,Leicester City,2.0,1.0,38390.0,Goodison Park,C Kavanagh,2.0,0.0,9.0,8.0,4.0,1.0,5.0,5.0,9.0,10.0,0.0,2.0,0.0,0.0,3.0,3.2,2.62,H
2017-2018,25,2018-01-31,19:45,Wed,Newcastle United,Burnley,1.0,1.0,50174.0,St. James' Park,S Hooper,0.0,0.0,14.0,11.0,4.0,2.0,7.0,4.0,15.0,15.0,1.0,2.0,0.0,0.0,2.2,3.2,3.89,D
2017-2018,25,2018-01-31,20:00,Wed,Stoke City,Watford,0.0,0.0,27458.0,Bet365 Stadium,J Moss,0.0,0.0,11.0,12.0,4.0,2.0,2.0,6.0,12.0,12.0,4.0,3.0,0.0,0.0,2.25,3.5,3.39,D
2017-2018,25,2018-01-31,20:00,Wed,Manchester City,West Brom,3.0,0.0,53241.0,Etihad Stadium,R Madley,1.0,0.0,19.0,3.0,10.0,1.0,9.0,1.0,10.0,10.0,1.0,3.0,0.0,0.0,1.14,10.0,21.0,H
2017-2018,25,2018-01-31,20:00,Wed,Tottenham,Manchester United,2.0,0.0,81978.0,Wembley Stadium,A Marriner,2.0,0.0,22.0,6.0,6.0,3.0,6.0,3.0,10.0,13.0,2.0,2.0,0.0,0.0,2.35,3.29,3.39,H
2017-2018,26,2018-02-03,12:30,Sat,Burnley,Manchester City,1.0,1.0,21658.0,Turf Moor,M Atkinson,0.0,1.0,8.0,20.0,3.0,7.0,3.0,13.0,9.0,6.0,4.0,1.0,0.0,0.0,13.0,6.0,1.28,D
2017-2018,26,2018-02-03,15:00,Sat,West Brom,Southampton,2.0,3.0,25911.0,The Hawthorns,M Oliver,1.0,2.0,9.0,13.0,3.0,5.0,5.0,7.0,12.0,10.0,2.0,1.0,0.0,0.0,2.54,3.2,3.1,A
2017-2018,26,2018-02-03,15:00,Sat,Bournemouth,Stoke City,2.0,1.0,10614.0,Vitality Stadium,P Tierney,0.0,1.0,15.0,13.0,8.0,4.0,8.0,1.0,14.0,19.0,2.0,3.0,0.0,0.0,1.9,3.7,4.33,H
2017-2018,26,2018-02-03,15:00,Sat,Manchester United,Huddersfield,2.0,0.0,74742.0,Old Trafford,S Attwell,0.0,0.0,16.0,4.0,7.0,0.0,5.0,2.0,5.0,19.0,2.0,4.0,0.0,0.0,1.16,8.5,19.0,H
2017-2018,26,2018-02-03,15:00,Sat,Brighton,West Ham,3.0,1.0,30589.0,The American Express Community Stadium,R East,1.0,1.0,21.0,4.0,5.0,1.0,4.0,1.0,11.0,7.0,3.0,1.0,0.0,0.0,2.35,3.0,3.7,H
2017-2018,26,2018-02-03,15:00,Sat,Leicester City,Swansea City,1.0,1.0,31179.0,King Power Stadium,A Taylor,1.0,0.0,13.0,3.0,5.0,1.0,3.0,3.0,9.0,8.0,1.0,0.0,0.0,0.0,1.8,3.6,5.25,D
2017-2018,26,2018-02-03,17:30,Sat,Arsenal,Everton,5.0,1.0,59306.0,Emirates Stadium,N Swarbrick,4.0,0.0,15.0,11.0,7.0,2.0,4.0,6.0,8.0,8.0,2.0,0.0,0.0,0.0,1.3,5.75,12.0,H
2017-2018,26,2018-02-04,14:15,Sun,Crystal Palace,Newcastle United,1.0,1.0,25746.0,Selhurst Park,A Marriner,0.0,1.0,21.0,11.0,6.0,8.0,5.0,6.0,11.0,8.0,1.0,1.0,0.0,0.0,2.04,3.39,4.2,D
2017-2018,26,2018-02-04,16:30,Sun,Liverpool,Tottenham,2.0,2.0,53213.0,Anfield,J Moss,1.0,0.0,9.0,13.0,3.0,6.0,3.0,7.0,15.0,9.0,3.0,1.0,0.0,0.0,2.1,3.75,3.6,D
2017-2018,26,2018-02-05,20:00,Mon,Watford,Chelsea,4.0,1.0,20157.0,Vicarage Road Stadium,M Dean,1.0,0.0,21.0,7.0,8.0,3.0,6.0,2.0,11.0,8.0,2.0,2.0,0.0,1.0,6.25,4.0,1.61,H
2017-2018,27,2018-02-10,12:30,Sat,Tottenham,Arsenal,1.0,0.0,83222.0,Wembley Stadium,A Taylor,0.0,0.0,18.0,6.0,6.0,1.0,10.0,2.0,13.0,9.0,2.0,1.0,0.0,0.0,2.0,3.6,3.5,H
2017-2018,27,2018-02-10,15:00,Sat,Everton,Crystal Palace,3.0,1.0,39139.0,Goodison Park,J Moss,0.0,0.0,11.0,16.0,5.0,4.0,8.0,7.0,14.0,15.0,1.0,1.0,0.0,0.0,2.25,3.25,3.2,H
2017-2018,27,2018-02-10,15:00,Sat,Swansea City,Burnley,1.0,0.0,20179.0,Liberty Stadium,A Marriner,0.0,0.0,12.0,13.0,4.0,1.0,5.0,2.0,10.0,9.0,2.0,1.0,0.0,0.0,2.37,3.0,3.25,H
2017-2018,27,2018-02-10,15:00,Sat,Stoke City,Brighton,1.0,1.0,29876.0,Bet365 Stadium,R Madley,0.0,1.0,15.0,14.0,3.0,6.0,7.0,4.0,6.0,10.0,0.0,0.0,0.0,0.0,2.2,3.2,3.39,D
2017-2018,27,2018-02-10,15:00,Sat,West Ham,Watford,2.0,0.0,56197.0,London Stadium,G Scott,1.0,0.0,8.0,11.0,4.0,4.0,8.0,7.0,11.0,7.0,1.0,1.0,0.0,0.0,2.5,3.29,2.79,H
2017-2018,27,2018-02-10,17:30,Sat,Manchester City,Leicester City,5.0,1.0,54416.0,Etihad Stadium,M Jones,1.0,1.0,19.0,2.0,11.0,2.0,8.0,2.0,10.0,12.0,2.0,3.0,0.0,0.0,1.19,6.5,13.0,H
2017-2018,27,2018-02-11,12:00,Sun,Huddersfield,Bournemouth,4.0,1.0,23823.0,The John Smith's Stadium,M Oliver,2.0,1.0,15.0,7.0,4.0,2.0,2.0,6.0,12.0,12.0,0.0,3.0,0.0,0.0,3.25,3.2,2.25,H
2017-2018,27,2018-02-11,14:15,Sun,Newcastle United,Manchester United,1.0,0.0,52309.0,St. James' Park,C Pawson,0.0,0.0,10.0,13.0,3.0,6.0,0.0,10.0,12.0,15.0,0.0,2.0,0.0,0.0,5.5,3.75,1.61,H
2017-2018,27,2018-02-11,16:30,Sun,Southampton,Liverpool,0.0,2.0,31915.0,St. Mary's Stadium,M Atkinson,0.0,2.0,6.0,16.0,4.0,4.0,3.0,1.0,5.0,8.0,1.0,2.0,0.0,0.0,4.2,3.79,1.8,A
2017-2018,27,2018-02-12,20:00,Mon,Chelsea,West Brom,3.0,0.0,41071.0,Stamford Bridge,L Mason,1.0,0.0,20.0,8.0,8.0,1.0,8.0,7.0,11.0,11.0,0.0,2.0,0.0,0.0,1.36,4.75,8.0,H
2017-2018,28,2018-02-24,12:30,Sat,Leicester City,Stoke City,1.0,1.0,31769.0,King Power Stadium,M Oliver,0.0,1.0,19.0,6.0,9.0,2.0,13.0,1.0,10.0,16.0,1.0,3.0,0.0,0.0,1.72,3.89,5.25,D
2017-2018,28,2018-02-24,15:00,Sat,West Brom,Huddersfield,1.0,2.0,25920.0,The Hawthorns,J Moss,0.0,0.0,10.0,16.0,3.0,7.0,6.0,3.0,11.0,9.0,1.0,1.0,0.0,0.0,1.95,3.29,4.75,A
2017-2018,28,2018-02-24,15:00,Sat,Bournemouth,Newcastle United,2.0,2.0,10808.0,Vitality Stadium,R East,0.0,2.0,18.0,15.0,5.0,4.0,8.0,1.0,12.0,10.0,1.0,4.0,0.0,0.0,2.1,3.5,3.79,D
2017-2018,28,2018-02-24,15:00,Sat,Liverpool,West Ham,4.0,1.0,53256.0,Anfield,S Attwell,1.0,0.0,21.0,7.0,12.0,4.0,8.0,2.0,7.0,7.0,0.0,2.0,0.0,0.0,1.22,7.5,13.0,H
2017-2018,28,2018-02-24,15:00,Sat,Burnley,Southampton,1.0,1.0,20982.0,Turf Moor,R Madley,0.0,0.0,9.0,13.0,3.0,6.0,7.0,5.0,8.0,14.0,1.0,0.0,0.0,0.0,2.89,3.1,2.79,D
2017-2018,28,2018-02-24,15:00,Sat,Brighton,Swansea City,4.0,1.0,30523.0,The American Express Community Stadium,M Dean,1.0,0.0,16.0,11.0,5.0,1.0,3.0,5.0,17.0,6.0,1.0,0.0,0.0,0.0,2.14,3.25,4.0,H
2017-2018,28,2018-02-24,17:30,Sat,Watford,Everton,1.0,0.0,20430.0,Vicarage Road Stadium,A Taylor,0.0,0.0,13.0,7.0,5.0,2.0,6.0,5.0,10.0,9.0,3.0,1.0,0.0,0.0,2.25,3.39,3.5,H
2017-2018,28,2018-02-25,12:00,Sun,Crystal Palace,Tottenham,0.0,1.0,25287.0,Selhurst Park,K Friend,0.0,0.0,5.0,14.0,3.0,4.0,2.0,13.0,12.0,5.0,0.0,1.0,0.0,0.0,7.5,4.5,1.5,A
2017-2018,28,2018-02-25,14:05,Sun,Manchester United,Chelsea,2.0,1.0,75060.0,Old Trafford,M Atkinson,1.0,1.0,10.0,14.0,5.0,7.0,3.0,4.0,13.0,12.0,2.0,2.0,0.0,0.0,2.29,3.25,3.5,H
2017-2018,28,2018-03-01,19:45,Thu,Arsenal,Manchester City,0.0,3.0,58420.0,Emirates Stadium,A Marriner,0.0,3.0,10.0,9.0,5.0,5.0,6.0,1.0,11.0,11.0,1.0,1.0,0.0,0.0,4.5,4.0,1.72,A
2017-2018,29,2018-03-03,12:30,Sat,Burnley,Everton,2.0,1.0,20802.0,Turf Moor,C Kavanagh,0.0,1.0,21.0,10.0,8.0,4.0,10.0,4.0,9.0,12.0,1.0,1.0,0.0,1.0,2.5,3.1,3.29,H
2017-2018,29,2018-03-03,15:00,Sat,Watford,West Brom,1.0,0.0,20022.0,Vicarage Road Stadium,P Tierney,0.0,0.0,15.0,9.0,4.0,2.0,4.0,6.0,11.0,12.0,2.0,0.0,0.0,0.0,2.14,3.29,3.89,H
2017-2018,29,2018-03-03,15:00,Sat,Swansea City,West Ham,4.0,1.0,20829.0,Liberty Stadium,M Atkinson,2.0,0.0,9.0,7.0,8.0,2.0,4.0,5.0,9.0,14.0,0.0,3.0,0.0,0.0,2.6,3.25,3.0,H
2017-2018,29,2018-03-03,15:00,Sat,Leicester City,Bournemouth,1.0,1.0,31384.0,King Power Stadium,L Probert,0.0,1.0,23.0,8.0,4.0,3.0,13.0,1.0,11.0,7.0,2.0,1.0,0.0,0.0,1.85,3.75,4.5,D
2017-2018,29,2018-03-03,15:00,Sat,Southampton,Stoke City,0.0,0.0,30335.0,St. Mary's Stadium,A Taylor,0.0,0.0,18.0,12.0,6.0,3.0,15.0,4.0,8.0,13.0,0.0,1.0,0.0,0.0,1.75,3.75,5.25,D
2017-2018,29,2018-03-03,15:00,Sat,Tottenham,Huddersfield,2.0,0.0,68311.0,Wembley Stadium,K Friend,1.0,0.0,15.0,3.0,7.0,3.0,8.0,1.0,6.0,8.0,1.0,1.0,0.0,0.0,1.19,7.5,17.0,H
2017-2018,29,2018-03-03,17:30,Sat,Liverpool,Newcastle United,2.0,0.0,53287.0,Anfield,G Scott,1.0,0.0,14.0,7.0,3.0,2.0,8.0,3.0,7.0,9.0,0.0,0.0,0.0,0.0,1.22,7.0,15.0,H
2017-2018,29,2018-03-04,13:30,Sun,Brighton,Arsenal,2.0,1.0,30620.0,The American Express Community Stadium,S Attwell,2.0,1.0,13.0,15.0,6.0,7.0,6.0,11.0,13.0,12.0,3.0,3.0,0.0,0.0,4.2,3.79,1.9,H
2017-2018,29,2018-03-04,16:00,Sun,Manchester City,Chelsea,1.0,0.0,54328.0,Etihad Stadium,M Oliver,0.0,0.0,13.0,3.0,3.0,0.0,5.0,2.0,8.0,9.0,2.0,1.0,0.0,0.0,1.61,4.2,6.0,H
2017-2018,29,2018-03-05,20:00,Mon,Crystal Palace,Manchester United,2.0,3.0,25840.0,Selhurst Park,N Swarbrick,1.0,0.0,10.0,17.0,4.0,8.0,3.0,7.0,10.0,8.0,1.0,3.0,0.0,0.0,7.0,4.0,1.57,A
2017-2018,30,2018-03-10,12:30,Sat,Manchester United,Liverpool,2.0,1.0,74855.0,Old Trafford,C Pawson,2.0,0.0,5.0,14.0,2.0,2.0,1.0,13.0,10.0,16.0,2.0,1.0,0.0,0.0,2.75,3.39,2.75,H
2017-2018,30,2018-03-10,15:00,Sat,West Ham,Burnley,0.0,3.0,56904.0,London Stadium,L Mason,0.0,0.0,13.0,7.0,4.0,4.0,5.0,1.0,13.0,7.0,2.0,2.0,0.0,0.0,2.29,3.2,3.6,A
2017-2018,30,2018-03-10,15:00,Sat,Newcastle United,Southampton,3.0,0.0,52246.0,St. James' Park,A Marriner,2.0,0.0,7.0,6.0,5.0,2.0,2.0,6.0,10.0,10.0,0.0,2.0,0.0,0.0,2.79,3.2,2.79,H
2017-2018,30,2018-03-10,15:00,Sat,West Brom,Leicester City,1.0,4.0,23558.0,The Hawthorns,R Madley,1.0,1.0,6.0,14.0,2.0,6.0,7.0,6.0,6.0,7.0,1.0,3.0,0.0,0.0,3.0,3.25,2.6,A
2017-2018,30,2018-03-10,15:00,Sat,Everton,Brighton,2.0,0.0,39199.0,Goodison Park,R East,0.0,0.0,13.0,10.0,3.0,4.0,10.0,3.0,10.0,14.0,0.0,1.0,0.0,1.0,2.2,3.2,3.89,H
2017-2018,30,2018-03-10,15:00,Sat,Huddersfield,Swansea City,0.0,0.0,23567.0,The John Smith's Stadium,M Oliver,0.0,0.0,30.0,0.0,4.0,0.0,12.0,0.0,9.0,9.0,2.0,3.0,0.0,1.0,2.54,3.1,3.2,D
2017-2018,30,2018-03-10,17:30,Sat,Chelsea,Crystal Palace,2.0,1.0,40800.0,Stamford Bridge,A Taylor,2.0,0.0,27.0,9.0,11.0,2.0,12.0,3.0,8.0,9.0,1.0,2.0,0.0,0.0,1.3,5.75,12.0,H
2017-2018,30,2018-03-11,13:30,Sun,Arsenal,Watford,3.0,0.0,59131.0,Emirates Stadium,M Atkinson,1.0,0.0,11.0,11.0,7.0,4.0,4.0,9.0,12.0,9.0,2.0,1.0,0.0,0.0,1.44,5.0,7.5,H
2017-2018,30,2018-03-11,16:00,Sun,Bournemouth,Tottenham,1.0,4.0,10623.0,Vitality Stadium,M Dean,1.0,1.0,14.0,12.0,3.0,8.0,4.0,5.0,10.0,7.0,1.0,1.0,0.0,0.0,6.5,4.5,1.55,A
2017-2018,30,2018-03-12,20:00,Mon,Stoke City,Manchester City,0.0,2.0,29138.0,Bet365 Stadium,J Moss,0.0,1.0,3.0,17.0,0.0,6.0,3.0,10.0,6.0,8.0,1.0,0.0,0.0,0.0,15.0,6.5,1.25,A
2017-2018,31,2018-03-17,15:00,Sat,Stoke City,Everton,1.0,2.0,30022.0,Bet365 Stadium,M Atkinson,0.0,0.0,9.0,17.0,4.0,9.0,1.0,9.0,13.0,12.0,1.0,1.0,1.0,0.0,2.5,3.29,3.1,A
2017-2018,31,2018-03-17,15:00,Sat,Bournemouth,West Brom,2.0,1.0,10242.0,Vitality Stadium,G Scott,0.0,0.0,17.0,11.0,5.0,6.0,3.0,2.0,6.0,9.0,1.0,2.0,0.0,0.0,1.83,3.6,5.0,H
2017-2018,31,2018-03-17,15:00,Sat,Huddersfield,Crystal Palace,0.0,2.0,23918.0,The John Smith's Stadium,M Dean,0.0,1.0,6.0,17.0,2.0,6.0,4.0,7.0,11.0,12.0,3.0,2.0,0.0,0.0,3.0,3.1,2.7,A
2017-2018,31,2018-03-17,17:30,Sat,Liverpool,Watford,5.0,0.0,53287.0,Anfield,A Taylor,2.0,0.0,13.0,4.0,10.0,1.0,6.0,1.0,5.0,4.0,1.0,0.0,0.0,0.0,1.19,8.0,15.0,H
2017-2018,32,2018-03-31,12:30,Sat,Crystal Palace,Liverpool,1.0,2.0,25807.0,Selhurst Park,N Swarbrick,1.0,0.0,6.0,16.0,3.0,6.0,4.0,6.0,6.0,8.0,2.0,2.0,0.0,0.0,7.0,4.33,1.44,A
2017-2018,32,2018-03-31,15:00,Sat,Manchester United,Swansea City,2.0,0.0,75038.0,Old Trafford,R Madley,2.0,0.0,11.0,3.0,5.0,2.0,3.0,3.0,5.0,13.0,0.0,0.0,0.0,0.0,1.25,6.0,10.0,H
2017-2018,32,2018-03-31,15:00,Sat,Brighton,Leicester City,0.0,2.0,30629.0,The American Express Community Stadium,C Kavanagh,0.0,0.0,15.0,6.0,3.0,4.0,6.0,1.0,11.0,13.0,2.0,4.0,0.0,1.0,2.7,3.2,2.62,A
2017-2018,32,2018-03-31,15:00,Sat,West Brom,Burnley,1.0,2.0,23455.0,The Hawthorns,L Probert,0.0,1.0,8.0,11.0,3.0,4.0,1.0,6.0,12.0,9.0,1.0,3.0,0.0,0.0,2.5,3.0,3.1,A
2017-2018,32,2018-03-31,15:00,Sat,West Ham,Southampton,3.0,0.0,56882.0,London Stadium,J Moss,3.0,0.0,13.0,9.0,5.0,0.0,5.0,9.0,9.0,16.0,0.0,3.0,0.0,0.0,2.7,3.25,2.6,H
2017-2018,32,2018-03-31,15:00,Sat,Newcastle United,Huddersfield,1.0,0.0,52261.0,St. James' Park,M Atkinson,0.0,0.0,18.0,4.0,3.0,0.0,3.0,3.0,9.0,10.0,1.0,4.0,0.0,0.0,1.75,3.39,5.0,H
2017-2018,32,2018-03-31,15:00,Sat,Watford,Bournemouth,2.0,2.0,20393.0,Vicarage Road Stadium,A Marriner,1.0,1.0,16.0,13.0,5.0,6.0,7.0,4.0,16.0,6.0,4.0,0.0,0.0,0.0,2.29,3.29,3.1,D
2017-2018,32,2018-03-31,17:30,Sat,Everton,Manchester City,1.0,3.0,39221.0,Goodison Park,P Tierney,0.0,3.0,6.0,18.0,2.0,4.0,2.0,11.0,10.0,8.0,0.0,0.0,0.0,0.0,9.0,5.0,1.33,A
2017-2018,32,2018-04-01,13:30,Sun,Arsenal,Stoke City,3.0,0.0,59371.0,Emirates Stadium,C Pawson,0.0,0.0,24.0,8.0,11.0,2.0,6.0,5.0,9.0,13.0,1.0,2.0,0.0,0.0,1.28,5.5,10.0,H
2017-2018,32,2018-04-01,16:00,Sun,Chelsea,Tottenham,1.0,3.0,41364.0,Stamford Bridge,A Marriner,1.0,1.0,14.0,12.0,4.0,7.0,5.0,5.0,4.0,11.0,0.0,1.0,0.0,0.0,2.29,3.29,3.1,A
2017-2018,33,2018-04-07,12:30,Sat,Everton,Liverpool,0.0,0.0,39220.0,Goodison Park,M Oliver,0.0,0.0,6.0,10.0,1.0,3.0,3.0,2.0,12.0,7.0,0.0,0.0,0.0,0.0,4.2,3.75,1.9,D
2017-2018,33,2018-04-07,15:00,Sat,Stoke City,Tottenham,1.0,2.0,29515.0,Bet365 Stadium,G Scott,0.0,0.0,10.0,15.0,4.0,4.0,6.0,3.0,19.0,8.0,4.0,3.0,0.0,0.0,11.0,5.5,1.33,A
2017-2018,33,2018-04-07,15:00,Sat,Leicester City,Newcastle United,1.0,2.0,32066.0,King Power Stadium,S Attwell,0.0,1.0,8.0,8.0,1.0,4.0,7.0,5.0,7.0,14.0,1.0,3.0,0.0,0.0,1.95,3.6,4.2,A
2017-2018,33,2018-04-07,15:00,Sat,Watford,Burnley,1.0,2.0,20044.0,Vicarage Road Stadium,P Tierney,0.0,0.0,14.0,7.0,5.0,4.0,11.0,1.0,18.0,12.0,2.0,2.0,0.0,0.0,2.39,3.2,3.39,A
2017-2018,33,2018-04-07,15:00,Sat,Brighton,Huddersfield,1.0,1.0,30501.0,The American Express Community Stadium,A Taylor,1.0,1.0,13.0,14.0,4.0,5.0,5.0,3.0,13.0,7.0,1.0,0.0,1.0,0.0,1.85,3.5,5.0,D
2017-2018,33,2018-04-07,15:00,Sat,Bournemouth,Crystal Palace,2.0,2.0,10730.0,Vitality Stadium,J Moss,0.0,0.0,20.0,13.0,5.0,6.0,11.0,3.0,8.0,9.0,2.0,2.0,0.0,0.0,2.5,3.39,3.0,D
2017-2018,33,2018-04-07,15:00,Sat,West Brom,Swansea City,1.0,1.0,23297.0,The Hawthorns,R East,0.0,0.0,15.0,7.0,3.0,1.0,5.0,1.0,15.0,5.0,3.0,2.0,0.0,0.0,2.37,3.2,3.39,D
2017-2018,33,2018-04-07,17:30,Sat,Manchester City,Manchester United,2.0,3.0,54259.0,Etihad Stadium,M Atkinson,2.0,0.0,20.0,5.0,6.0,4.0,8.0,4.0,17.0,9.0,6.0,3.0,0.0,0.0,1.89,3.79,4.2,A
2017-2018,33,2018-04-08,14:15,Sun,Arsenal,Southampton,3.0,2.0,59374.0,Emirates Stadium,A Marriner,2.0,1.0,13.0,15.0,7.0,8.0,8.0,6.0,11.0,7.0,2.0,1.0,1.0,1.0,1.57,4.5,6.0,H
2017-2018,33,2018-04-08,16:30,Sun,Chelsea,West Ham,1.0,1.0,41324.0,Stamford Bridge,K Friend,1.0,0.0,23.0,5.0,6.0,2.0,10.0,6.0,7.0,11.0,0.0,1.0,0.0,0.0,1.28,6.0,12.0,D
2017-2018,34,2018-04-14,12:30,Sat,Southampton,Chelsea,2.0,3.0,31764.0,St. Mary's Stadium,M Dean,1.0,0.0,10.0,17.0,7.0,5.0,4.0,7.0,13.0,14.0,5.0,3.0,0.0,0.0,4.5,3.75,1.85,A
2017-2018,34,2018-04-14,15:00,Sat,Crystal Palace,Brighton,3.0,2.0,24656.0,Selhurst Park,A Marriner,3.0,2.0,15.0,12.0,8.0,3.0,5.0,6.0,12.0,16.0,3.0,2.0,0.0,0.0,1.9,3.5,4.75,H
2017-2018,34,2018-04-14,15:00,Sat,Huddersfield,Watford,1.0,0.0,23961.0,The John Smith's Stadium,C Pawson,0.0,0.0,9.0,4.0,1.0,2.0,9.0,6.0,9.0,8.0,2.0,2.0,0.0,0.0,2.62,3.25,3.0,H
2017-2018,34,2018-04-14,15:00,Sat,Burnley,Leicester City,2.0,1.0,21727.0,Turf Moor,M Atkinson,2.0,0.0,8.0,15.0,3.0,6.0,4.0,8.0,9.0,10.0,2.0,1.0,0.0,0.0,2.62,3.2,3.0,H
2017-2018,34,2018-04-14,15:00,Sat,Swansea City,Everton,1.0,1.0,20933.0,Liberty Stadium,L Mason,0.0,1.0,17.0,12.0,7.0,3.0,6.0,3.0,10.0,11.0,1.0,1.0,0.0,0.0,2.54,3.25,3.1,D
2017-2018,34,2018-04-14,17:30,Sat,Liverpool,Bournemouth,3.0,0.0,52959.0,Anfield,C Kavanagh,1.0,0.0,20.0,6.0,7.0,1.0,7.0,5.0,9.0,9.0,1.0,1.0,0.0,0.0,1.25,7.0,12.0,H
2017-2018,34,2018-04-14,19:45,Sat,Tottenham,Manchester City,1.0,3.0,80811.0,Wembley Stadium,J Moss,1.0,2.0,8.0,17.0,3.0,6.0,5.0,7.0,11.0,12.0,3.0,4.0,0.0,0.0,2.62,3.6,2.7,A
2017-2018,34,2018-04-15,13:30,Sun,Newcastle United,Arsenal,2.0,1.0,52210.0,St. James' Park,A Taylor,1.0,1.0,8.0,15.0,4.0,3.0,2.0,5.0,11.0,9.0,1.0,0.0,0.0,0.0,3.29,3.6,2.25,H
2017-2018,34,2018-04-15,16:00,Sun,Manchester United,West Brom,0.0,1.0,75095.0,Old Trafford,P Tierney,0.0,0.0,14.0,10.0,4.0,4.0,4.0,4.0,8.0,13.0,1.0,1.0,0.0,0.0,1.18,8.0,19.0,A
2017-2018,34,2018-04-16,20:00,Mon,West Ham,Stoke City,1.0,1.0,56795.0,London Stadium,M Oliver,0.0,0.0,18.0,11.0,6.0,7.0,10.0,1.0,15.0,21.0,2.0,3.0,0.0,0.0,2.0,3.6,4.0,D
2017-2018,35,2018-04-17,19:45,Tue,Brighton,Tottenham,1.0,1.0,30440.0,The American Express Community Stadium,K Friend,0.0,0.0,8.0,16.0,5.0,6.0,3.0,4.0,6.0,5.0,1.0,0.0,0.0,0.0,6.5,4.33,1.55,D
2017-2018,35,2018-04-18,19:45,Wed,Bournemouth,Manchester United,0.0,2.0,10952.0,Vitality Stadium,G Scott,0.0,1.0,13.0,13.0,2.0,4.0,8.0,5.0,9.0,8.0,3.0,1.0,0.0,0.0,5.0,3.89,1.75,A
2017-2018,31,2018-04-19,19:45,Thu,Burnley,Chelsea,1.0,2.0,21264.0,Turf Moor,R Madley,0.0,1.0,5.0,16.0,2.0,5.0,3.0,2.0,9.0,11.0,1.0,0.0,0.0,0.0,4.0,3.39,1.9,A
2017-2018,35,2018-04-19,19:45,Thu,Leicester City,Southampton,0.0,0.0,31160.0,King Power Stadium,R East,0.0,0.0,11.0,6.0,3.0,2.0,11.0,3.0,10.0,10.0,0.0,0.0,0.0,0.0,2.25,3.29,3.2,D
2017-2018,35,2018-04-21,12:30,Sat,West Brom,Liverpool,2.0,2.0,24520.0,The Hawthorns,S Attwell,0.0,1.0,13.0,9.0,6.0,3.0,7.0,4.0,12.0,5.0,0.0,1.0,0.0,0.0,7.5,4.5,1.5,D
2017-2018,35,2018-04-21,15:00,Sat,Watford,Crystal Palace,0.0,0.0,20401.0,Vicarage Road Stadium,C Kavanagh,0.0,0.0,14.0,6.0,4.0,1.0,4.0,3.0,17.0,13.0,3.0,5.0,0.0,0.0,2.89,3.39,2.54,D
2017-2018,35,2018-04-22,13:30,Sun,Arsenal,West Ham,4.0,1.0,59422.0,Emirates Stadium,L Mason,0.0,0.0,20.0,11.0,8.0,4.0,8.0,6.0,11.0,9.0,3.0,2.0,0.0,0.0,1.55,4.59,6.0,H
2017-2018,35,2018-04-22,13:30,Sun,Stoke City,Burnley,1.0,1.0,29532.0,Bet365 Stadium,M Dean,1.0,0.0,8.0,16.0,3.0,7.0,3.0,8.0,15.0,5.0,2.0,1.0,0.0,0.0,2.29,3.29,3.5,D
2017-2018,35,2018-04-22,16:30,Sun,Manchester City,Swansea City,5.0,0.0,54387.0,Etihad Stadium,C Pawson,2.0,0.0,19.0,4.0,12.0,1.0,5.0,1.0,6.0,8.0,0.0,1.0,0.0,0.0,1.14,9.0,23.0,H
2017-2018,35,2018-04-23,20:00,Mon,Everton,Newcastle United,1.0,0.0,39061.0,Goodison Park,R Madley,0.0,0.0,9.0,9.0,1.0,2.0,4.0,6.0,10.0,11.0,2.0,1.0,0.0,0.0,2.29,3.39,3.39,H
2017-2018,36,2018-04-28,12:30,Sat,Liverpool,Stoke City,0.0,0.0,53255.0,Anfield,A Marriner,0.0,0.0,20.0,5.0,2.0,1.0,9.0,2.0,7.0,14.0,1.0,2.0,0.0,0.0,1.33,5.75,10.0,D
2017-2018,36,2018-04-28,15:00,Sat,Newcastle United,West Brom,0.0,1.0,52283.0,St. James' Park,D Coote,0.0,1.0,17.0,9.0,2.0,2.0,5.0,1.0,8.0,13.0,1.0,3.0,0.0,0.0,1.85,3.6,4.75,A
2017-2018,36,2018-04-28,15:00,Sat,Southampton,Bournemouth,2.0,1.0,31778.0,St. Mary's Stadium,A Taylor,1.0,1.0,14.0,14.0,6.0,7.0,5.0,8.0,12.0,11.0,5.0,1.0,0.0,0.0,1.72,4.0,5.0,H
2017-2018,36,2018-04-28,15:00,Sat,Huddersfield,Everton,0.0,2.0,24121.0,The John Smith's Stadium,L Probert,0.0,1.0,9.0,7.0,2.0,5.0,4.0,3.0,9.0,8.0,1.0,0.0,0.0,0.0,2.62,3.1,3.1,A
2017-2018,36,2018-04-28,15:00,Sat,Crystal Palace,Leicester City,5.0,0.0,25750.0,Selhurst Park,M Dean,2.0,0.0,15.0,6.0,9.0,1.0,8.0,2.0,11.0,9.0,1.0,1.0,0.0,1.0,2.04,3.6,3.79,H
2017-2018,36,2018-04-28,15:00,Sat,Burnley,Brighton,0.0,0.0,19459.0,Turf Moor,R East,0.0,0.0,10.0,9.0,4.0,1.0,3.0,4.0,5.0,17.0,0.0,2.0,0.0,0.0,2.25,3.2,3.7,D
2017-2018,36,2018-04-28,17:30,Sat,Swansea City,Chelsea,0.0,1.0,20900.0,Liberty Stadium,J Moss,0.0,1.0,10.0,11.0,3.0,3.0,1.0,2.0,13.0,9.0,1.0,1.0,0.0,0.0,7.0,4.33,1.53,A
2017-2018,36,2018-04-29,14:15,Sun,West Ham,Manchester City,1.0,4.0,56904.0,London Stadium,N Swarbrick,1.0,2.0,4.0,19.0,1.0,7.0,0.0,7.0,5.0,11.0,0.0,1.0,0.0,0.0,10.0,5.75,1.33,A
2017-2018,36,2018-04-29,16:30,Sun,Manchester United,Arsenal,2.0,1.0,75035.0,Old Trafford,K Friend,1.0,0.0,17.0,8.0,3.0,3.0,9.0,0.0,12.0,7.0,0.0,1.0,0.0,0.0,1.44,4.75,8.0,H
2017-2018,36,2018-04-30,20:00,Mon,Tottenham,Watford,2.0,0.0,52675.0,Wembley Stadium,M Oliver,1.0,0.0,13.0,13.0,3.0,5.0,4.0,0.0,11.0,10.0,1.0,0.0,0.0,0.0,1.16,8.5,21.0,H
2017-2018,37,2018-05-04,20:00,Fri,Brighton,Manchester United,1.0,0.0,30611.0,The American Express Community Stadium,C Pawson,0.0,0.0,11.0,16.0,4.0,3.0,5.0,6.0,5.0,3.0,2.0,0.0,0.0,0.0,4.75,3.6,1.85,H
2017-2018,37,2018-05-05,12:30,Sat,Stoke City,Crystal Palace,1.0,2.0,29687.0,Bet365 Stadium,M Atkinson,1.0,0.0,7.0,13.0,2.0,2.0,1.0,7.0,18.0,12.0,5.0,2.0,0.0,0.0,2.7,3.39,2.79,A
2017-2018,37,2018-05-05,15:00,Sat,Leicester City,West Ham,0.0,2.0,32013.0,King Power Stadium,C Kavanagh,0.0,1.0,13.0,13.0,2.0,3.0,8.0,3.0,8.0,9.0,1.0,2.0,0.0,0.0,2.25,3.5,3.39,A
2017-2018,37,2018-05-05,15:00,Sat,West Brom,Tottenham,1.0,0.0,23685.0,The Hawthorns,M Jones,0.0,0.0,9.0,18.0,1.0,5.0,5.0,9.0,13.0,12.0,4.0,1.0,0.0,0.0,8.0,4.75,1.44,H
2017-2018,37,2018-05-05,15:00,Sat,Bournemouth,Swansea City,1.0,0.0,10820.0,Vitality Stadium,K Friend,1.0,0.0,13.0,12.0,5.0,3.0,11.0,6.0,10.0,10.0,1.0,4.0,0.0,0.0,2.1,3.6,3.7,H
2017-2018,37,2018-05-05,15:00,Sat,Watford,Newcastle United,2.0,1.0,20375.0,Vicarage Road Stadium,R East,2.0,0.0,11.0,9.0,8.0,1.0,2.0,5.0,9.0,11.0,2.0,1.0,0.0,0.0,2.37,3.39,3.2,H
2017-2018,37,2018-05-05,17:30,Sat,Everton,Southampton,1.0,1.0,38225.0,Goodison Park,J Moss,0.0,0.0,9.0,11.0,3.0,5.0,3.0,4.0,14.0,12.0,2.0,4.0,0.0,1.0,2.89,3.29,2.62,D
2017-2018,37,2018-05-06,13:30,Sun,Manchester City,Huddersfield,0.0,0.0,54350.0,Etihad Stadium,M Dean,0.0,0.0,15.0,5.0,2.0,3.0,10.0,1.0,9.0,4.0,0.0,3.0,0.0,0.0,1.08,13.0,34.0,D
2017-2018,37,2018-05-06,16:30,Sun,Chelsea,Liverpool,1.0,0.0,41314.0,Stamford Bridge,A Taylor,1.0,0.0,12.0,10.0,4.0,5.0,3.0,1.0,12.0,9.0,3.0,2.0,0.0,0.0,2.25,3.6,3.29,H
2017-2018,37,2018-05-06,16:30,Sun,Arsenal,Burnley,5.0,0.0,59540.0,Emirates Stadium,A Marriner,2.0,0.0,16.0,6.0,8.0,2.0,4.0,5.0,6.0,7.0,0.0,1.0,0.0,0.0,1.57,4.2,6.5,H
2017-2018,31,2018-05-08,19:45,Tue,Swansea City,Southampton,0.0,1.0,20858.0,Liberty Stadium,M Oliver,0.0,0.0,11.0,13.0,3.0,8.0,7.0,6.0,7.0,15.0,2.0,1.0,0.0,0.0,3.1,3.25,2.54,A
2017-2018,31,2018-05-09,19:45,Wed,Leicester City,Arsenal,3.0,1.0,32095.0,King Power Stadium,G Scott,1.0,0.0,19.0,14.0,10.0,7.0,6.0,6.0,7.0,12.0,2.0,2.0,0.0,1.0,3.75,3.79,2.0,H
2017-2018,35,2018-05-09,19:45,Wed,Chelsea,Huddersfield,1.0,1.0,38910.0,Stamford Bridge,L Mason,0.0,0.0,22.0,3.0,5.0,2.0,9.0,0.0,7.0,10.0,0.0,1.0,0.0,0.0,1.16,8.5,19.0,D
2017-2018,31,2018-05-09,20:00,Wed,Tottenham,Newcastle United,1.0,0.0,54923.0,Wembley Stadium,N Swarbrick,0.0,0.0,11.0,14.0,7.0,3.0,6.0,4.0,10.0,8.0,2.0,3.0,0.0,0.0,1.18,8.5,17.0,H
2017-2018,31,2018-05-09,20:00,Wed,Manchester City,Brighton,3.0,1.0,54013.0,Etihad Stadium,P Tierney,2.0,1.0,19.0,6.0,7.0,3.0,4.0,3.0,5.0,7.0,0.0,1.0,0.0,0.0,1.12,10.0,27.0,H
2017-2018,31,2018-05-10,19:45,Thu,West Ham,Manchester United,0.0,0.0,56902.0,London Stadium,J Moss,0.0,0.0,9.0,16.0,2.0,6.0,1.0,6.0,12.0,12.0,1.0,1.0,0.0,0.0,4.75,3.79,1.8,D
2017-2018,38,2018-05-13,15:00,Sun,Swansea City,Stoke City,1.0,2.0,20673.0,Liberty Stadium,A Taylor,1.0,2.0,26.0,8.0,11.0,5.0,6.0,0.0,12.0,9.0,1.0,2.0,0.0,0.0,1.9,3.79,4.2,A
2017-2018,38,2018-05-13,15:00,Sun,Liverpool,Brighton,4.0,0.0,50752.0,Anfield,K Friend,2.0,0.0,22.0,2.0,11.0,1.0,7.0,3.0,3.0,6.0,0.0,0.0,0.0,0.0,1.19,8.0,15.0,H
2017-2018,38,2018-05-13,15:00,Sun,Burnley,Bournemouth,1.0,2.0,20720.0,Turf Moor,P Tierney,1.0,0.0,12.0,16.0,4.0,5.0,7.0,8.0,14.0,9.0,0.0,0.0,0.0,0.0,2.14,3.5,3.6,A
2017-2018,38,2018-05-13,15:00,Sun,Crystal Palace,West Brom,2.0,0.0,25357.0,Selhurst Park,J Moss,0.0,0.0,11.0,7.0,5.0,1.0,4.0,2.0,10.0,11.0,2.0,3.0,0.0,0.0,1.8,3.79,4.75,H
2017-2018,38,2018-05-13,15:00,Sun,West Ham,Everton,3.0,1.0,56926.0,London Stadium,G Scott,1.0,0.0,15.0,14.0,4.0,7.0,6.0,6.0,10.0,13.0,0.0,1.0,0.0,0.0,2.45,3.5,3.0,H
2017-2018,38,2018-05-13,15:00,Sun,Huddersfield,Arsenal,0.0,1.0,24122.0,The John Smith's Stadium,M Oliver,0.0,1.0,18.0,9.0,3.0,4.0,7.0,4.0,11.0,7.0,1.0,0.0,0.0,0.0,6.0,4.33,1.6,A
2017-2018,38,2018-05-13,15:00,Sun,Newcastle United,Chelsea,3.0,0.0,52294.0,St. James' Park,M Atkinson,1.0,0.0,16.0,6.0,6.0,2.0,4.0,2.0,11.0,10.0,0.0,1.0,0.0,0.0,6.5,4.2,1.6,H
2017-2018,38,2018-05-13,15:00,Sun,Manchester United,Watford,1.0,0.0,75049.0,Old Trafford,L Mason,1.0,0.0,7.0,7.0,1.0,3.0,6.0,5.0,6.0,11.0,4.0,0.0,0.0,0.0,1.39,5.25,8.5,H
2017-2018,38,2018-05-13,15:00,Sun,Southampton,Manchester City,0.0,1.0,31882.0,St. Mary's Stadium,A Marriner,0.0,0.0,8.0,13.0,3.0,2.0,1.0,12.0,8.0,10.0,3.0,1.0,0.0,0.0,9.0,5.0,1.39,A
2017-2018,38,2018-05-13,15:00,Sun,Tottenham,Leicester City,5.0,4.0,77841.0,Wembley Stadium,C Pawson,1.0,2.0,14.0,16.0,6.0,9.0,4.0,4.0,9.0,13.0,1.0,2.0,0.0,0.0,1.33,6.0,9.0,H
2018-2019,1,2018-08-10,20:00,Fri,Manchester United,Leicester City,2.0,1.0,74439.0,Old Trafford,A Marriner,1.0,0.0,8.0,13.0,6.0,4.0,2.0,5.0,11.0,8.0,2.0,1.0,0.0,0.0,1.57,3.9,7.5,H
2018-2019,1,2018-08-11,12:30,Sat,Newcastle United,Tottenham,1.0,2.0,51749.0,St. James' Park,M Atkinson,1.0,2.0,15.0,15.0,2.0,5.0,3.0,5.0,11.0,12.0,2.0,2.0,0.0,0.0,3.9,3.5,2.04,A
2018-2019,1,2018-08-11,15:00,Sat,Fulham,Crystal Palace,0.0,2.0,24821.0,Craven Cottage,M Dean,0.0,1.0,15.0,10.0,6.0,9.0,5.0,5.0,9.0,11.0,1.0,2.0,0.0,0.0,2.5,3.4,3.0,A
2018-2019,1,2018-08-11,15:00,Sat,Bournemouth,Cardiff City,2.0,0.0,10353.0,Vitality Stadium,K Friend,1.0,0.0,12.0,10.0,4.0,1.0,7.0,4.0,11.0,9.0,1.0,1.0,0.0,0.0,1.9,3.6,4.5,H
2018-2019,1,2018-08-11,15:00,Sat,Watford,Brighton,2.0,0.0,20051.0,Vicarage Road Stadium,J Moss,1.0,0.0,19.0,6.0,5.0,0.0,8.0,2.0,10.0,16.0,2.0,2.0,0.0,0.0,2.37,3.2,3.4,H
2018-2019,1,2018-08-11,15:00,Sat,Huddersfield,Chelsea,0.0,3.0,24121.0,The John Smith's Stadium,C Kavanagh,0.0,2.0,6.0,13.0,1.0,4.0,2.0,5.0,9.0,8.0,2.0,1.0,0.0,0.0,6.5,4.0,1.61,A
2018-2019,1,2018-08-11,17:30,Sat,Wolves,Everton,2.0,2.0,31231.0,Molineux Stadium,C Pawson,1.0,1.0,11.0,6.0,4.0,5.0,3.0,6.0,8.0,7.0,0.0,1.0,0.0,1.0,2.37,3.3,3.3,D
2018-2019,1,2018-08-12,13:30,Sun,Southampton,Burnley,0.0,0.0,30784.0,St. Mary's Stadium,G Scott,0.0,0.0,18.0,16.0,3.0,6.0,8.0,5.0,10.0,9.0,0.0,1.0,0.0,0.0,1.85,3.5,5.0,D
2018-2019,1,2018-08-12,13:30,Sun,Liverpool,West Ham,4.0,0.0,53235.0,Anfield,A Taylor,2.0,0.0,18.0,5.0,8.0,2.0,5.0,4.0,14.0,9.0,1.0,2.0,0.0,0.0,1.25,6.5,14.0,H
2018-2019,1,2018-08-12,16:00,Sun,Arsenal,Manchester City,0.0,2.0,59934.0,Emirates Stadium,M Oliver,0.0,1.0,9.0,17.0,3.0,8.0,2.0,9.0,11.0,14.0,2.0,2.0,0.0,0.0,4.0,3.8,1.95,A
2018-2019,2,2018-08-18,12:30,Sat,Cardiff City,Newcastle United,0.0,0.0,30720.0,Cardiff City Stadium,C Pawson,0.0,0.0,12.0,12.0,1.0,6.0,5.0,5.0,14.0,16.0,2.0,2.0,0.0,1.0,3.25,3.1,2.54,D
2018-2019,2,2018-08-18,15:00,Sat,West Ham,Bournemouth,1.0,2.0,56888.0,London Stadium,S Attwell,1.0,0.0,11.0,12.0,5.0,5.0,6.0,4.0,14.0,10.0,6.0,2.0,0.0,0.0,2.1,3.6,3.7,A
2018-2019,2,2018-08-18,15:00,Sat,Everton,Southampton,2.0,1.0,38601.0,Goodison Park,L Mason,2.0,0.0,13.0,15.0,7.0,4.0,2.0,5.0,8.0,20.0,0.0,5.0,0.0,0.0,1.9,3.5,4.75,H
2018-2019,2,2018-08-18,15:00,Sat,Leicester City,Wolves,2.0,0.0,32043.0,King Power Stadium,M Dean,2.0,0.0,6.0,11.0,2.0,3.0,1.0,9.0,10.0,8.0,2.0,1.0,1.0,0.0,2.04,3.5,3.9,H
2018-2019,2,2018-08-18,15:00,Sat,Tottenham,Fulham,3.0,1.0,58297.0,Wembley Stadium,A Taylor,1.0,0.0,25.0,10.0,11.0,3.0,5.0,2.0,9.0,5.0,0.0,0.0,0.0,0.0,1.28,6.0,12.0,H
2018-2019,2,2018-08-18,17:30,Sat,Chelsea,Arsenal,3.0,2.0,40491.0,Stamford Bridge,M Atkinson,2.0,2.0,24.0,15.0,11.0,6.0,5.0,1.0,12.0,9.0,0.0,2.0,0.0,0.0,1.8,4.0,4.5,H
2018-2019,2,2018-08-19,13:30,Sun,Burnley,Watford,1.0,3.0,18822.0,Turf Moor,P Tierney,1.0,1.0,8.0,9.0,3.0,6.0,5.0,2.0,8.0,19.0,1.0,2.0,0.0,0.0,2.45,3.1,3.4,A
2018-2019,2,2018-08-19,13:30,Sun,Manchester City,Huddersfield,6.0,1.0,54021.0,Etihad Stadium,A Marriner,3.0,1.0,32.0,5.0,14.0,1.0,10.0,3.0,9.0,4.0,0.0,2.0,0.0,0.0,1.1,13.0,26.0,H
2018-2019,2,2018-08-19,16:00,Sun,Brighton,Manchester United,3.0,2.0,30592.0,The American Express Community Stadium,K Friend,3.0,1.0,6.0,9.0,3.0,3.0,3.0,5.0,16.0,13.0,1.0,1.0,0.0,0.0,5.5,3.6,1.75,H
2018-2019,2,2018-08-20,20:00,Mon,Crystal Palace,Liverpool,0.0,2.0,25750.0,Selhurst Park,M Oliver,0.0,1.0,8.0,16.0,2.0,6.0,6.0,7.0,6.0,13.0,1.0,1.0,1.0,0.0,7.0,5.0,1.44,A
2018-2019,3,2018-08-25,12:30,Sat,Wolves,Manchester City,1.0,1.0,31322.0,Molineux Stadium,M Atkinson,0.0,0.0,11.0,18.0,2.0,6.0,5.0,9.0,13.0,8.0,1.0,2.0,0.0,0.0,11.0,6.5,1.28,D
2018-2019,3,2018-08-25,15:00,Sat,Arsenal,West Ham,3.0,1.0,59830.0,Emirates Stadium,G Scott,1.0,1.0,17.0,13.0,10.0,5.0,10.0,2.0,16.0,13.0,1.0,3.0,0.0,0.0,1.36,5.5,9.0,H
2018-2019,3,2018-08-25,15:00,Sat,Southampton,Leicester City,1.0,2.0,29925.0,St. Mary's Stadium,J Moss,0.0,0.0,11.0,8.0,5.0,5.0,10.0,3.0,13.0,11.0,1.0,1.0,1.0,0.0,2.45,3.2,3.25,A
2018-2019,3,2018-08-25,15:00,Sat,Huddersfield,Cardiff City,0.0,0.0,21193.0,The John Smith's Stadium,M Oliver,0.0,0.0,5.0,14.0,1.0,4.0,7.0,7.0,8.0,10.0,0.0,1.0,1.0,0.0,2.37,3.0,3.7,D
2018-2019,3,2018-08-25,15:00,Sat,Bournemouth,Everton,2.0,2.0,10654.0,Vitality Stadium,L Probert,0.0,0.0,17.0,11.0,5.0,3.0,6.0,2.0,12.0,10.0,0.0,3.0,1.0,1.0,2.62,3.6,2.75,D
2018-2019,3,2018-08-25,17:30,Sat,Liverpool,Brighton,1.0,0.0,53294.0,Anfield,C Kavanagh,1.0,0.0,22.0,6.0,8.0,2.0,8.0,5.0,8.0,14.0,1.0,1.0,0.0,0.0,1.16,8.5,19.0,H
2018-2019,3,2018-08-26,13:30,Sun,Watford,Crystal Palace,2.0,1.0,20014.0,Vicarage Road Stadium,A Taylor,0.0,0.0,13.0,9.0,5.0,3.0,6.0,3.0,14.0,11.0,4.0,2.0,0.0,0.0,2.6,3.25,3.0,H
2018-2019,3,2018-08-26,16:00,Sun,Fulham,Burnley,4.0,2.0,23438.0,Craven Cottage,D Coote,3.0,2.0,25.0,12.0,12.0,2.0,6.0,4.0,11.0,8.0,2.0,1.0,0.0,0.0,2.0,3.4,4.33,H
2018-2019,3,2018-08-26,16:00,Sun,Newcastle United,Chelsea,1.0,2.0,51791.0,St. James' Park,P Tierney,0.0,0.0,6.0,15.0,2.0,3.0,4.0,5.0,16.0,8.0,3.0,1.0,0.0,0.0,5.75,4.0,1.66,A
2018-2019,3,2018-08-27,20:00,Mon,Manchester United,Tottenham,0.0,3.0,74400.0,Old Trafford,C Pawson,0.0,0.0,23.0,9.0,5.0,5.0,5.0,2.0,11.0,16.0,2.0,4.0,0.0,0.0,2.62,3.3,2.9,A
2018-2019,4,2018-09-01,12:30,Sat,Leicester City,Liverpool,1.0,2.0,32149.0,King Power Stadium,P Tierney,0.0,2.0,12.0,10.0,5.0,4.0,4.0,4.0,9.0,12.0,3.0,2.0,0.0,0.0,7.5,5.0,1.44,A
2018-2019,4,2018-09-01,15:00,Sat,Crystal Palace,Southampton,0.0,2.0,25495.0,Selhurst Park,M Atkinson,0.0,0.0,20.0,19.0,6.0,6.0,7.0,4.0,11.0,12.0,1.0,1.0,0.0,0.0,2.0,3.5,4.2,A
2018-2019,4,2018-09-01,15:00,Sat,Brighton,Fulham,2.0,2.0,30526.0,The American Express Community Stadium,L Probert,0.0,1.0,15.0,10.0,5.0,5.0,7.0,1.0,12.0,14.0,3.0,3.0,0.0,0.0,2.3,3.4,3.4,D
2018-2019,4,2018-09-01,15:00,Sat,Chelsea,Bournemouth,2.0,0.0,40178.0,Stamford Bridge,L Mason,0.0,0.0,24.0,8.0,6.0,1.0,7.0,6.0,10.0,7.0,2.0,2.0,0.0,0.0,1.3,6.0,11.0,H
2018-2019,4,2018-09-01,15:00,Sat,Everton,Huddersfield,1.0,1.0,38767.0,Goodison Park,S Attwell,1.0,1.0,11.0,9.0,1.0,6.0,4.0,3.0,13.0,14.0,3.0,3.0,0.0,0.0,1.53,4.2,7.5,D
2018-2019,4,2018-09-01,15:00,Sat,West Ham,Wolves,0.0,1.0,56947.0,London Stadium,C Kavanagh,0.0,0.0,13.0,15.0,3.0,6.0,4.0,4.0,10.0,11.0,2.0,1.0,0.0,0.0,2.6,3.4,2.87,A
2018-2019,4,2018-09-01,17:30,Sat,Manchester City,Newcastle United,2.0,1.0,53946.0,Etihad Stadium,K Friend,1.0,1.0,24.0,3.0,8.0,2.0,4.0,0.0,5.0,13.0,0.0,0.0,0.0,0.0,1.11,11.0,26.0,H
2018-2019,4,2018-09-02,13:30,Sun,Cardiff City,Arsenal,2.0,3.0,32316.0,Cardiff City Stadium,A Taylor,1.0,1.0,14.0,17.0,3.0,11.0,3.0,9.0,12.0,14.0,3.0,4.0,0.0,0.0,6.5,4.33,1.57,A
2018-2019,4,2018-09-02,16:00,Sun,Watford,Tottenham,2.0,1.0,20141.0,Vicarage Road Stadium,A Marriner,0.0,0.0,7.0,11.0,3.0,2.0,3.0,10.0,9.0,8.0,2.0,1.0,0.0,0.0,5.5,4.2,1.64,H
2018-2019,4,2018-09-02,16:00,Sun,Burnley,Manchester United,0.0,2.0,21525.0,Turf Moor,J Moss,0.0,2.0,9.0,21.0,2.0,9.0,2.0,5.0,7.0,13.0,2.0,3.0,0.0,1.0,6.0,3.75,1.7,A
2018-2019,5,2018-09-15,12:30,Sat,Tottenham,Liverpool,1.0,2.0,80188.0,Wembley Stadium,M Oliver,0.0,1.0,11.0,17.0,3.0,10.0,5.0,4.0,17.0,16.0,0.0,0.0,0.0,0.0,3.0,3.6,2.4,A
2018-2019,5,2018-09-15,15:00,Sat,Manchester City,Fulham,3.0,0.0,53307.0,Etihad Stadium,S Attwell,2.0,0.0,28.0,9.0,9.0,3.0,10.0,4.0,7.0,7.0,0.0,0.0,0.0,0.0,1.12,10.0,26.0,H
2018-2019,5,2018-09-15,15:00,Sat,Huddersfield,Crystal Palace,0.0,1.0,23696.0,The John Smith's Stadium,L Mason,0.0,1.0,15.0,7.0,2.0,2.0,5.0,3.0,11.0,17.0,1.0,2.0,0.0,0.0,3.3,3.1,2.5,A
2018-2019,5,2018-09-15,15:00,Sat,Newcastle United,Arsenal,1.0,2.0,52165.0,St. James' Park,L Probert,0.0,0.0,4.0,12.0,2.0,2.0,10.0,4.0,13.0,11.0,0.0,0.0,0.0,0.0,4.2,3.8,1.9,A
2018-2019,5,2018-09-15,15:00,Sat,Bournemouth,Leicester City,4.0,2.0,10543.0,Vitality Stadium,C Pawson,3.0,0.0,10.0,14.0,5.0,8.0,4.0,6.0,13.0,15.0,3.0,2.0,0.0,1.0,2.45,3.5,3.0,H
2018-2019,5,2018-09-15,15:00,Sat,Chelsea,Cardiff City,4.0,1.0,40499.0,Stamford Bridge,J Moss,2.0,1.0,18.0,6.0,7.0,2.0,5.0,4.0,8.0,10.0,0.0,0.0,0.0,0.0,1.18,8.0,19.0,H
2018-2019,5,2018-09-15,17:30,Sat,Watford,Manchester United,1.0,2.0,20537.0,Vicarage Road Stadium,M Dean,0.0,2.0,14.0,9.0,5.0,6.0,6.0,8.0,9.0,11.0,2.0,1.0,0.0,1.0,4.33,3.6,1.95,A
2018-2019,5,2018-09-16,13:30,Sun,Wolves,Burnley,1.0,0.0,30406.0,Molineux Stadium,A Marriner,0.0,0.0,30.0,7.0,7.0,2.0,8.0,2.0,10.0,9.0,2.0,4.0,0.0,0.0,1.75,3.6,5.75,H
2018-2019,5,2018-09-16,16:00,Sun,Everton,West Ham,1.0,3.0,39161.0,Goodison Park,M Atkinson,1.0,2.0,16.0,9.0,4.0,4.0,4.0,2.0,15.0,12.0,2.0,5.0,0.0,0.0,2.0,3.75,3.9,A
2018-2019,5,2018-09-17,20:00,Mon,Southampton,Brighton,2.0,2.0,28811.0,St. Mary's Stadium,A Taylor,1.0,0.0,14.0,12.0,5.0,4.0,1.0,4.0,10.0,13.0,2.0,3.0,0.0,0.0,2.1,3.4,3.9,D
2018-2019,6,2018-09-22,12:30,Sat,Fulham,Watford,1.0,1.0,23418.0,Craven Cottage,M Atkinson,0.0,1.0,15.0,11.0,3.0,6.0,8.0,8.0,11.0,9.0,2.0,1.0,0.0,0.0,2.54,3.5,2.9,D
2018-2019,6,2018-09-22,15:00,Sat,Crystal Palace,Newcastle United,0.0,0.0,25679.0,Selhurst Park,A Marriner,0.0,0.0,16.0,6.0,4.0,3.0,9.0,5.0,8.0,11.0,1.0,1.0,0.0,0.0,2.14,3.4,3.75,D
2018-2019,6,2018-09-22,15:00,Sat,Cardiff City,Manchester City,0.0,5.0,32321.0,Cardiff City Stadium,M Oliver,0.0,3.0,2.0,21.0,2.0,10.0,1.0,9.0,6.0,4.0,1.0,1.0,0.0,0.0,23.0,8.0,1.16,A
2018-2019,6,2018-09-22,15:00,Sat,Liverpool,Southampton,3.0,0.0,50965.0,Anfield,P Tierney,3.0,0.0,12.0,7.0,4.0,1.0,5.0,4.0,7.0,10.0,0.0,2.0,0.0,0.0,1.2,7.5,17.0,H
2018-2019,6,2018-09-22,15:00,Sat,Burnley,Bournemouth,4.0,0.0,18636.0,Turf Moor,A Taylor,2.0,0.0,12.0,19.0,5.0,5.0,3.0,8.0,17.0,6.0,2.0,0.0,0.0,0.0,3.0,3.4,2.5,H
2018-2019,6,2018-09-22,15:00,Sat,Manchester United,Wolves,1.0,1.0,74489.0,Old Trafford,K Friend,1.0,0.0,15.0,11.0,6.0,8.0,5.0,4.0,5.0,17.0,1.0,1.0,0.0,0.0,1.57,4.33,6.5,D
2018-2019,6,2018-09-22,15:00,Sat,Leicester City,Huddersfield,3.0,1.0,31676.0,King Power Stadium,D Coote,1.0,1.0,18.0,9.0,8.0,2.0,3.0,1.0,10.0,16.0,2.0,1.0,0.0,0.0,1.61,4.0,6.5,H
2018-2019,6,2018-09-22,17:30,Sat,Brighton,Tottenham,1.0,2.0,30531.0,The American Express Community Stadium,C Kavanagh,0.0,1.0,8.0,16.0,4.0,7.0,5.0,7.0,15.0,9.0,2.0,1.0,0.0,0.0,5.0,4.0,1.75,A
2018-2019,6,2018-09-23,13:30,Sun,West Ham,Chelsea,0.0,0.0,56875.0,London Stadium,M Dean,0.0,0.0,6.0,17.0,1.0,6.0,1.0,8.0,11.0,9.0,2.0,1.0,0.0,0.0,6.0,4.5,1.57,D
2018-2019,6,2018-09-23,16:00,Sun,Arsenal,Everton,2.0,0.0,59964.0,Emirates Stadium,J Moss,0.0,0.0,9.0,9.0,5.0,6.0,5.0,9.0,17.0,12.0,2.0,1.0,0.0,0.0,1.44,5.0,7.5,H
2018-2019,7,2018-09-29,12:30,Sat,West Ham,Manchester United,3.0,1.0,56938.0,London Stadium,M Oliver,2.0,0.0,8.0,9.0,3.0,4.0,4.0,9.0,12.0,12.0,0.0,1.0,0.0,0.0,4.5,3.8,1.85,H
2018-2019,7,2018-09-29,15:00,Sat,Newcastle United,Leicester City,0.0,2.0,51523.0,St. James' Park,S Hooper,0.0,1.0,6.0,12.0,1.0,5.0,5.0,9.0,11.0,5.0,0.0,0.0,0.0,0.0,2.6,3.3,3.0,A
2018-2019,7,2018-09-29,15:00,Sat,Everton,Fulham,3.0,0.0,38788.0,Goodison Park,R East,0.0,0.0,19.0,6.0,6.0,0.0,12.0,1.0,13.0,13.0,0.0,3.0,0.0,0.0,1.75,4.2,4.75,H
2018-2019,7,2018-09-29,15:00,Sat,Wolves,Southampton,2.0,0.0,31147.0,Molineux Stadium,S Attwell,0.0,0.0,14.0,17.0,6.0,6.0,8.0,6.0,11.0,7.0,3.0,1.0,0.0,0.0,1.8,3.6,5.25,H
2018-2019,7,2018-09-29,15:00,Sat,Arsenal,Watford,2.0,0.0,60019.0,Emirates Stadium,A Taylor,0.0,0.0,9.0,13.0,2.0,4.0,6.0,6.0,11.0,17.0,2.0,2.0,0.0,0.0,1.44,5.1,7.0,H
2018-2019,7,2018-09-29,15:00,Sat,Manchester City,Brighton,2.0,0.0,54152.0,Etihad Stadium,L Mason,1.0,0.0,28.0,4.0,8.0,1.0,10.0,3.0,4.0,10.0,0.0,3.0,0.0,0.0,1.1,12.0,34.0,H
2018-2019,7,2018-09-29,15:00,Sat,Huddersfield,Tottenham,0.0,2.0,23885.0,The John Smith's Stadium,C Pawson,0.0,2.0,9.0,10.0,5.0,6.0,3.0,0.0,17.0,16.0,2.0,2.0,0.0,0.0,8.5,4.5,1.44,A
2018-2019,7,2018-09-29,17:30,Sat,Chelsea,Liverpool,1.0,1.0,40625.0,Stamford Bridge,A Marriner,1.0,0.0,10.0,13.0,4.0,6.0,4.0,4.0,7.0,9.0,0.0,2.0,0.0,0.0,2.8,3.6,2.54,D
2018-2019,7,2018-09-30,16:00,Sun,Cardiff City,Burnley,1.0,2.0,30411.0,Cardiff City Stadium,M Atkinson,0.0,0.0,19.0,3.0,5.0,2.0,10.0,2.0,11.0,15.0,1.0,3.0,0.0,0.0,2.62,3.0,3.2,A
2018-2019,7,2018-10-01,20:00,Mon,Bournemouth,Crystal Palace,2.0,1.0,10199.0,Vitality Stadium,M Dean,1.0,0.0,11.0,10.0,5.0,2.0,3.0,3.0,9.0,12.0,3.0,4.0,0.0,0.0,2.25,3.5,3.4,H
2018-2019,8,2018-10-05,20:00,Fri,Brighton,West Ham,1.0,0.0,30544.0,The American Express Community Stadium,K Friend,1.0,0.0,9.0,17.0,4.0,4.0,2.0,9.0,12.0,8.0,3.0,2.0,0.0,0.0,2.7,3.3,2.87,H
2018-2019,8,2018-10-06,15:00,Sat,Leicester City,Everton,1.0,2.0,32007.0,King Power Stadium,A Marriner,1.0,1.0,8.0,17.0,2.0,8.0,2.0,10.0,10.0,11.0,2.0,1.0,1.0,0.0,2.2,3.4,3.6,A
2018-2019,8,2018-10-06,15:00,Sat,Burnley,Huddersfield,1.0,1.0,20533.0,Turf Moor,C Kavanagh,1.0,0.0,6.0,19.0,3.0,2.0,1.0,10.0,8.0,11.0,2.0,2.0,0.0,0.0,2.14,3.1,4.2,D
2018-2019,8,2018-10-06,15:00,Sat,Tottenham,Cardiff City,1.0,0.0,43268.0,Wembley Stadium,M Dean,1.0,0.0,19.0,8.0,7.0,6.0,6.0,2.0,7.0,11.0,2.0,1.0,0.0,1.0,1.22,7.0,15.0,H
2018-2019,8,2018-10-06,15:00,Sat,Watford,Bournemouth,0.0,4.0,20139.0,Vicarage Road Stadium,J Moss,0.0,3.0,14.0,10.0,2.0,7.0,10.0,7.0,11.0,9.0,3.0,1.0,1.0,0.0,2.14,3.6,3.5,A
2018-2019,8,2018-10-06,15:00,Sat,Crystal Palace,Wolves,0.0,1.0,25715.0,Selhurst Park,M Oliver,0.0,0.0,11.0,7.0,4.0,2.0,6.0,3.0,11.0,13.0,3.0,4.0,0.0,0.0,3.0,3.2,2.62,A
2018-2019,8,2018-10-06,17:30,Sat,Manchester United,Newcastle United,3.0,2.0,74519.0,Old Trafford,A Taylor,0.0,2.0,18.0,13.0,10.0,8.0,10.0,6.0,16.0,8.0,2.0,2.0,0.0,0.0,1.44,4.5,9.0,H
2018-2019,8,2018-10-07,12:00,Sun,Fulham,Arsenal,1.0,5.0,25401.0,Craven Cottage,P Tierney,1.0,1.0,21.0,9.0,4.0,7.0,4.0,2.0,11.0,12.0,2.0,0.0,0.0,0.0,5.25,4.33,1.66,A
2018-2019,8,2018-10-07,14:15,Sun,Southampton,Chelsea,0.0,3.0,27077.0,St. Mary's Stadium,C Pawson,0.0,1.0,15.0,21.0,6.0,6.0,4.0,12.0,13.0,11.0,6.0,0.0,0.0,0.0,6.0,4.1,1.61,A
2018-2019,8,2018-10-07,16:30,Sun,Liverpool,Manchester City,0.0,0.0,52117.0,Anfield,M Atkinson,0.0,0.0,7.0,6.0,2.0,2.0,2.0,6.0,10.0,10.0,1.0,3.0,0.0,0.0,2.54,3.6,2.8,D
2018-2019,9,2018-10-20,12:30,Sat,Chelsea,Manchester United,2.0,2.0,40721.0,Stamford Bridge,M Dean,1.0,0.0,21.0,7.0,6.0,4.0,5.0,3.0,9.0,17.0,2.0,5.0,0.0,0.0,1.75,3.8,5.25,D
2018-2019,9,2018-10-20,15:00,Sat,Bournemouth,Southampton,0.0,0.0,10986.0,Vitality Stadium,L Probert,0.0,0.0,10.0,8.0,2.0,4.0,6.0,4.0,10.0,14.0,1.0,2.0,0.0,0.0,2.04,3.7,3.75,D
2018-2019,9,2018-10-20,15:00,Sat,Manchester City,Burnley,5.0,0.0,54094.0,Etihad Stadium,J Moss,1.0,0.0,24.0,5.0,10.0,0.0,10.0,1.0,11.0,5.0,2.0,2.0,0.0,0.0,1.08,13.0,34.0,H
2018-2019,9,2018-10-20,15:00,Sat,West Ham,Tottenham,0.0,1.0,56921.0,London Stadium,M Atkinson,0.0,1.0,13.0,10.0,4.0,2.0,10.0,6.0,8.0,10.0,3.0,0.0,0.0,0.0,4.1,3.9,1.9,A
2018-2019,9,2018-10-20,15:00,Sat,Newcastle United,Brighton,0.0,1.0,50329.0,St. James' Park,A Marriner,0.0,1.0,27.0,8.0,6.0,2.0,10.0,2.0,13.0,17.0,0.0,2.0,0.0,0.0,2.2,3.25,3.8,A
2018-2019,9,2018-10-20,15:00,Sat,Wolves,Watford,0.0,2.0,31144.0,Molineux Stadium,L Mason,0.0,2.0,10.0,9.0,1.0,3.0,8.0,2.0,23.0,13.0,3.0,1.0,0.0,0.0,1.75,3.75,5.25,A
2018-2019,9,2018-10-20,15:00,Sat,Cardiff City,Fulham,4.0,2.0,29681.0,Cardiff City Stadium,K Friend,2.0,2.0,22.0,9.0,5.0,4.0,4.0,4.0,15.0,16.0,3.0,3.0,0.0,0.0,2.5,3.5,2.95,H
2018-2019,9,2018-10-20,17:30,Sat,Huddersfield,Liverpool,0.0,1.0,24263.0,The John Smith's Stadium,M Oliver,0.0,1.0,13.0,11.0,1.0,2.0,2.0,4.0,9.0,6.0,0.0,2.0,0.0,0.0,11.0,5.5,1.33,A
2018-2019,9,2018-10-21,16:00,Sun,Everton,Crystal Palace,2.0,0.0,38668.0,Goodison Park,A Taylor,0.0,0.0,20.0,7.0,4.0,3.0,10.0,5.0,13.0,17.0,2.0,1.0,0.0,0.0,1.85,3.6,4.75,H
2018-2019,9,2018-10-22,20:00,Mon,Arsenal,Leicester City,3.0,1.0,59886.0,Emirates Stadium,C Kavanagh,1.0,1.0,19.0,8.0,6.0,2.0,6.0,4.0,10.0,10.0,2.0,2.0,0.0,0.0,1.53,4.5,6.5,H
2018-2019,10,2018-10-27,15:00,Sat,Brighton,Wolves,1.0,0.0,30654.0,The American Express Community Stadium,A Taylor,0.0,0.0,2.0,25.0,1.0,7.0,1.0,10.0,11.0,8.0,3.0,0.0,0.0,0.0,3.2,3.2,2.5,H
2018-2019,10,2018-10-27,15:00,Sat,Southampton,Newcastle United,0.0,0.0,30736.0,St. Mary's Stadium,C Kavanagh,0.0,0.0,22.0,6.0,4.0,0.0,7.0,2.0,9.0,12.0,0.0,1.0,0.0,0.0,2.1,3.4,3.9,D
2018-2019,10,2018-10-27,15:00,Sat,Fulham,Bournemouth,0.0,3.0,25071.0,Craven Cottage,A Marriner,0.0,1.0,11.0,12.0,1.0,5.0,5.0,5.0,16.0,3.0,2.0,1.0,1.0,0.0,2.9,3.75,2.4,A
2018-2019,10,2018-10-27,15:00,Sat,Liverpool,Cardiff City,4.0,1.0,53373.0,Anfield,S Attwell,1.0,0.0,19.0,2.0,7.0,1.0,8.0,0.0,6.0,4.0,0.0,0.0,0.0,0.0,1.11,11.0,26.0,H
2018-2019,10,2018-10-27,15:00,Sat,Watford,Huddersfield,3.0,0.0,20457.0,Vicarage Road Stadium,M Dean,2.0,0.0,12.0,13.0,6.0,7.0,3.0,3.0,9.0,13.0,1.0,2.0,0.0,0.0,1.75,3.75,5.25,H
2018-2019,10,2018-10-27,17:30,Sat,Leicester City,West Ham,1.0,1.0,31848.0,King Power Stadium,M Oliver,0.0,1.0,21.0,11.0,7.0,3.0,8.0,0.0,17.0,5.0,1.0,1.0,0.0,1.0,2.1,3.5,3.8,D
2018-2019,10,2018-10-28,13:30,Sun,Burnley,Chelsea,0.0,4.0,21430.0,Turf Moor,C Pawson,0.0,1.0,7.0,24.0,1.0,8.0,4.0,4.0,14.0,10.0,4.0,2.0,0.0,0.0,11.0,5.0,1.36,A
2018-2019,10,2018-10-28,13:30,Sun,Crystal Palace,Arsenal,2.0,2.0,25718.0,Selhurst Park,M Atkinson,1.0,0.0,16.0,7.0,3.0,2.0,6.0,4.0,10.0,16.0,1.0,2.0,0.0,0.0,4.75,4.1,1.75,D
2018-2019,10,2018-10-28,16:00,Sun,Manchester United,Everton,2.0,1.0,74525.0,Old Trafford,J Moss,1.0,0.0,14.0,14.0,10.0,6.0,8.0,4.0,15.0,12.0,2.0,1.0,0.0,0.0,1.72,3.9,5.25,H
2018-2019,10,2018-10-29,20:00,Mon,Tottenham,Manchester City,0.0,1.0,56854.0,Wembley Stadium,K Friend,0.0,1.0,4.0,13.0,1.0,6.0,3.0,6.0,13.0,13.0,2.0,2.0,0.0,0.0,4.75,4.1,1.75,A
2018-2019,11,2018-11-03,12:30,Sat,Bournemouth,Manchester United,1.0,2.0,10792.0,Vitality Stadium,P Tierney,1.0,1.0,18.0,18.0,7.0,8.0,9.0,5.0,12.0,12.0,4.0,3.0,0.0,0.0,3.6,3.7,2.1,A
2018-2019,11,2018-11-03,15:00,Sat,Cardiff City,Leicester City,0.0,1.0,30877.0,Cardiff City Stadium,L Probert,0.0,0.0,11.0,13.0,2.0,5.0,6.0,12.0,13.0,12.0,2.0,2.0,0.0,0.0,3.8,3.4,2.14,A
2018-2019,11,2018-11-03,15:00,Sat,Everton,Brighton,3.0,1.0,38966.0,Goodison Park,D Coote,1.0,1.0,14.0,5.0,3.0,3.0,6.0,4.0,9.0,17.0,0.0,1.0,0.0,0.0,1.61,4.0,6.5,H
2018-2019,11,2018-11-03,15:00,Sat,Newcastle United,Watford,1.0,0.0,49157.0,St. James' Park,C Pawson,0.0,0.0,10.0,16.0,2.0,1.0,8.0,9.0,12.0,11.0,1.0,5.0,0.0,0.0,2.75,3.25,2.8,H
2018-2019,11,2018-11-03,15:00,Sat,West Ham,Burnley,4.0,2.0,56862.0,London Stadium,R East,1.0,1.0,22.0,6.0,10.0,3.0,10.0,4.0,7.0,9.0,1.0,4.0,0.0,0.0,1.75,3.75,5.25,H
2018-2019,11,2018-11-03,17:30,Sat,Arsenal,Liverpool,1.0,1.0,59993.0,Emirates Stadium,A Marriner,0.0,0.0,12.0,13.0,4.0,4.0,5.0,8.0,7.0,7.0,1.0,1.0,0.0,0.0,3.9,3.9,1.95,D
2018-2019,11,2018-11-03,19:45,Sat,Wolves,Tottenham,2.0,3.0,31185.0,Molineux Stadium,M Dean,0.0,2.0,16.0,10.0,7.0,8.0,5.0,1.0,11.0,8.0,1.0,2.0,0.0,0.0,3.1,3.4,2.45,A
2018-2019,11,2018-11-04,15:00,Sun,Manchester City,Southampton,6.0,1.0,53916.0,Etihad Stadium,L Mason,4.0,1.0,18.0,12.0,8.0,6.0,4.0,4.0,14.0,9.0,1.0,1.0,0.0,0.0,1.11,11.0,29.0,H
2018-2019,11,2018-11-04,16:00,Sun,Chelsea,Crystal Palace,3.0,1.0,40407.0,Stamford Bridge,M Oliver,1.0,0.0,15.0,7.0,6.0,2.0,4.0,2.0,6.0,13.0,0.0,1.0,0.0,0.0,1.25,6.75,13.0,H
2018-2019,11,2018-11-05,20:00,Mon,Huddersfield,Fulham,1.0,0.0,17082.0,The John Smith's Stadium,A Taylor,1.0,0.0,10.0,7.0,2.0,1.0,5.0,4.0,11.0,8.0,1.0,2.0,0.0,0.0,2.3,3.5,3.3,H
2018-2019,12,2018-11-10,12:30,Sat,Cardiff City,Brighton,2.0,1.0,29402.0,Cardiff City Stadium,M Atkinson,1.0,1.0,20.0,7.0,6.0,3.0,4.0,1.0,7.0,21.0,2.0,1.0,0.0,1.0,2.6,3.1,3.1,H
2018-2019,12,2018-11-10,15:00,Sat,Newcastle United,Bournemouth,2.0,1.0,49266.0,St. James' Park,L Probert,2.0,1.0,18.0,14.0,6.0,4.0,7.0,10.0,9.0,11.0,2.0,1.0,0.0,0.0,2.9,3.4,2.6,H
2018-2019,12,2018-11-10,15:00,Sat,Huddersfield,West Ham,1.0,1.0,24069.0,The John Smith's Stadium,C Kavanagh,1.0,0.0,15.0,12.0,7.0,5.0,5.0,6.0,9.0,8.0,1.0,1.0,0.0,0.0,3.4,3.25,2.35,D
2018-2019,12,2018-11-10,15:00,Sat,Leicester City,Burnley,0.0,0.0,32184.0,King Power Stadium,M Dean,0.0,0.0,22.0,6.0,5.0,1.0,12.0,1.0,13.0,10.0,2.0,0.0,0.0,0.0,1.5,4.33,8.0,D
2018-2019,12,2018-11-10,15:00,Sat,Southampton,Watford,1.0,1.0,28153.0,St. Mary's Stadium,S Hooper,1.0,0.0,14.0,12.0,4.0,6.0,7.0,6.0,13.0,13.0,3.0,2.0,0.0,0.0,2.5,3.3,3.1,D
2018-2019,12,2018-11-10,17:30,Sat,Crystal Palace,Tottenham,0.0,1.0,25685.0,Selhurst Park,J Moss,0.0,0.0,11.0,11.0,4.0,2.0,10.0,6.0,12.0,9.0,1.0,1.0,0.0,0.0,4.5,3.75,1.85,A
2018-2019,12,2018-11-11,12:00,Sun,Liverpool,Fulham,2.0,0.0,53128.0,Anfield,P Tierney,1.0,0.0,20.0,8.0,7.0,3.0,6.0,3.0,11.0,9.0,1.0,1.0,0.0,0.0,1.11,11.0,26.0,H
2018-2019,12,2018-11-11,14:15,Sun,Chelsea,Everton,0.0,0.0,40345.0,Stamford Bridge,K Friend,0.0,0.0,15.0,6.0,4.0,1.0,5.0,5.0,7.0,11.0,4.0,3.0,0.0,0.0,1.4,5.25,8.5,D
2018-2019,12,2018-11-11,16:30,Sun,Arsenal,Wolves,1.0,1.0,60030.0,Emirates Stadium,S Attwell,0.0,1.0,10.0,12.0,3.0,5.0,11.0,2.0,9.0,16.0,2.0,2.0,0.0,0.0,1.66,4.2,5.25,D
2018-2019,12,2018-11-11,16:30,Sun,Manchester City,Manchester United,3.0,1.0,54316.0,Etihad Stadium,A Taylor,1.0,0.0,17.0,6.0,5.0,1.0,5.0,1.0,12.0,12.0,1.0,1.0,0.0,0.0,1.4,5.25,8.5,H
2018-2019,13,2018-11-24,15:00,Sat,Manchester United,Crystal Palace,0.0,0.0,74516.0,Old Trafford,L Mason,0.0,0.0,12.0,13.0,5.0,2.0,10.0,3.0,13.0,12.0,1.0,2.0,0.0,0.0,1.4,5.25,8.0,D
2018-2019,13,2018-11-24,15:00,Sat,Fulham,Southampton,3.0,2.0,24603.0,Craven Cottage,M Oliver,2.0,1.0,10.0,19.0,5.0,8.0,2.0,5.0,10.0,6.0,2.0,3.0,0.0,0.0,2.62,3.5,2.8,H
2018-2019,13,2018-11-24,15:00,Sat,West Ham,Manchester City,0.0,4.0,56886.0,London Stadium,A Marriner,0.0,3.0,9.0,9.0,1.0,6.0,8.0,1.0,6.0,3.0,0.0,0.0,0.0,0.0,13.0,6.5,1.25,A
2018-2019,13,2018-11-24,15:00,Sat,Brighton,Leicester City,1.0,1.0,30553.0,The American Express Community Stadium,C Kavanagh,1.0,0.0,14.0,8.0,3.0,3.0,6.0,1.0,10.0,7.0,3.0,1.0,0.0,1.0,2.9,3.4,2.6,D
2018-2019,13,2018-11-24,15:00,Sat,Everton,Cardiff City,1.0,0.0,39139.0,Goodison Park,P Tierney,0.0,0.0,16.0,7.0,8.0,1.0,7.0,3.0,12.0,13.0,0.0,3.0,0.0,0.0,1.4,5.0,9.0,H
2018-2019,13,2018-11-24,15:00,Sat,Watford,Liverpool,0.0,3.0,20540.0,Vicarage Road Stadium,J Moss,0.0,0.0,5.0,10.0,1.0,7.0,5.0,5.0,12.0,13.0,0.0,0.0,0.0,1.0,6.5,4.33,1.55,A
2018-2019,13,2018-11-24,17:30,Sat,Tottenham,Chelsea,3.0,1.0,55465.0,Wembley Stadium,M Atkinson,2.0,0.0,18.0,13.0,9.0,2.0,4.0,4.0,19.0,12.0,0.0,3.0,0.0,0.0,2.8,3.5,2.6,H
2018-2019,13,2018-11-25,13:30,Sun,Bournemouth,Arsenal,1.0,2.0,10792.0,Vitality Stadium,C Pawson,1.0,1.0,11.0,20.0,5.0,4.0,5.0,8.0,6.0,9.0,2.0,1.0,0.0,0.0,3.5,3.75,1.95,A
2018-2019,13,2018-11-25,16:00,Sun,Wolves,Huddersfield,0.0,2.0,30130.0,Molineux Stadium,K Friend,0.0,1.0,12.0,14.0,3.0,6.0,3.0,5.0,9.0,8.0,1.0,2.0,0.0,0.0,1.5,4.33,8.0,A
2018-2019,13,2018-11-26,20:30,Mon,Burnley,Newcastle United,1.0,2.0,20628.0,Turf Moor,A Taylor,1.0,2.0,14.0,17.0,4.0,3.0,5.0,5.0,6.0,11.0,0.0,1.0,0.0,0.0,2.9,3.2,2.75,A
2018-2019,14,2018-11-30,20:00,Fri,Cardiff City,Wolves,2.0,1.0,30213.0,Cardiff City Stadium,A Marriner,0.0,1.0,17.0,15.0,3.0,4.0,7.0,6.0,3.0,12.0,1.0,2.0,0.0,0.0,3.8,3.25,2.2,H
2018-2019,14,2018-12-01,15:00,Sat,Newcastle United,West Ham,0.0,3.0,51853.0,St. James' Park,P Tierney,0.0,1.0,16.0,7.0,4.0,4.0,7.0,3.0,10.0,10.0,3.0,3.0,0.0,0.0,2.5,3.3,3.1,A
2018-2019,14,2018-12-01,15:00,Sat,Crystal Palace,Burnley,2.0,0.0,25098.0,Selhurst Park,L Probert,1.0,0.0,29.0,4.0,9.0,0.0,10.0,2.0,9.0,10.0,1.0,1.0,0.0,0.0,1.61,3.9,6.5,H
2018-2019,14,2018-12-01,15:00,Sat,Huddersfield,Brighton,1.0,2.0,22973.0,The John Smith's Stadium,M Oliver,1.0,1.0,7.0,14.0,2.0,6.0,2.0,6.0,10.0,12.0,0.0,2.0,1.0,0.0,2.5,3.0,3.4,A
2018-2019,14,2018-12-01,15:00,Sat,Leicester City,Watford,2.0,0.0,31353.0,King Power Stadium,G Scott,2.0,0.0,7.0,8.0,3.0,0.0,4.0,8.0,7.0,6.0,2.0,1.0,0.0,1.0,2.25,3.3,3.6,H
2018-2019,14,2018-12-01,15:00,Sat,Manchester City,Bournemouth,3.0,1.0,54409.0,Etihad Stadium,S Attwell,1.0,1.0,16.0,4.0,6.0,1.0,8.0,4.0,9.0,3.0,0.0,0.0,0.0,0.0,1.11,11.0,26.0,H
2018-2019,14,2018-12-01,17:30,Sat,Southampton,Manchester United,2.0,2.0,30187.0,St. Mary's Stadium,K Friend,2.0,2.0,16.0,11.0,6.0,5.0,3.0,5.0,12.0,13.0,4.0,4.0,0.0,0.0,4.33,3.6,1.95,D
2018-2019,14,2018-12-02,12:00,Sun,Chelsea,Fulham,2.0,0.0,40551.0,Stamford Bridge,C Pawson,1.0,0.0,16.0,9.0,9.0,4.0,4.0,6.0,8.0,17.0,2.0,1.0,0.0,0.0,1.18,8.0,17.0,H
2018-2019,14,2018-12-02,14:05,Sun,Arsenal,Tottenham,4.0,2.0,59973.0,Emirates Stadium,M Dean,1.0,2.0,22.0,11.0,7.0,6.0,8.0,5.0,15.0,17.0,3.0,3.0,0.0,1.0,2.62,3.6,2.75,H
2018-2019,14,2018-12-02,16:15,Sun,Liverpool,Everton,1.0,0.0,51756.0,Anfield,C Kavanagh,0.0,0.0,16.0,9.0,3.0,3.0,8.0,1.0,12.0,7.0,3.0,2.0,0.0,0.0,1.4,5.0,9.0,H
2018-2019,15,2018-12-04,19:45,Tue,West Ham,Cardiff City,3.0,1.0,56811.0,London Stadium,G Scott,0.0,0.0,17.0,9.0,11.0,5.0,10.0,4.0,10.0,10.0,1.0,2.0,0.0,0.0,1.66,4.0,5.75,H
2018-2019,15,2018-12-04,19:45,Tue,Brighton,Crystal Palace,3.0,1.0,29663.0,The American Express Community Stadium,K Friend,3.0,0.0,9.0,18.0,3.0,5.0,4.0,5.0,14.0,12.0,2.0,3.0,1.0,0.0,3.0,3.1,2.7,H
2018-2019,15,2018-12-04,19:45,Tue,Bournemouth,Huddersfield,2.0,1.0,9980.0,Vitality Stadium,R East,2.0,1.0,6.0,23.0,2.0,6.0,4.0,8.0,14.0,11.0,4.0,2.0,0.0,0.0,1.66,3.8,6.0,H
2018-2019,15,2018-12-04,20:00,Tue,Watford,Manchester City,1.0,2.0,20389.0,Vicarage Road Stadium,P Tierney,0.0,1.0,11.0,15.0,7.0,7.0,3.0,11.0,4.0,8.0,0.0,1.0,0.0,0.0,11.0,6.0,1.3,A
2018-2019,15,2018-12-05,19:45,Wed,Wolves,Chelsea,2.0,1.0,31300.0,Molineux Stadium,J Moss,0.0,1.0,6.0,17.0,2.0,3.0,1.0,5.0,18.0,10.0,4.0,4.0,0.0,0.0,5.0,3.75,1.8,H
2018-2019,15,2018-12-05,19:45,Wed,Fulham,Leicester City,1.0,1.0,22881.0,Craven Cottage,D Coote,1.0,0.0,25.0,13.0,7.0,5.0,10.0,8.0,12.0,7.0,0.0,0.0,0.0,0.0,3.0,3.5,2.45,D
2018-2019,15,2018-12-05,19:45,Wed,Burnley,Liverpool,1.0,3.0,21741.0,Turf Moor,S Attwell,0.0,0.0,10.0,18.0,6.0,12.0,5.0,9.0,10.0,3.0,1.0,0.0,0.0,0.0,14.0,5.75,1.28,A
2018-2019,15,2018-12-05,19:45,Wed,Everton,Newcastle United,1.0,1.0,39350.0,Goodison Park,L Mason,1.0,1.0,19.0,8.0,3.0,5.0,14.0,2.0,7.0,18.0,0.0,5.0,0.0,0.0,1.6,4.0,6.5,D
2018-2019,15,2018-12-05,20:00,Wed,Manchester United,Arsenal,2.0,2.0,74507.0,Old Trafford,A Marriner,1.0,1.0,10.0,9.0,7.0,4.0,4.0,4.0,13.0,10.0,3.0,3.0,0.0,0.0,2.45,3.5,3.0,D
2018-2019,15,2018-12-05,20:00,Wed,Tottenham,Southampton,3.0,1.0,33012.0,Wembley Stadium,A Taylor,1.0,0.0,13.0,18.0,8.0,5.0,8.0,6.0,7.0,5.0,0.0,0.0,0.0,0.0,1.36,5.25,9.5,H
2018-2019,16,2018-12-08,12:30,Sat,Bournemouth,Liverpool,0.0,4.0,10752.0,Vitality Stadium,L Mason,0.0,1.0,8.0,10.0,2.0,4.0,6.0,6.0,9.0,11.0,2.0,1.0,0.0,0.0,5.75,4.5,1.6,A
2018-2019,16,2018-12-08,15:00,Sat,West Ham,Crystal Palace,3.0,2.0,56995.0,London Stadium,A Taylor,0.0,1.0,13.0,8.0,6.0,4.0,5.0,3.0,10.0,8.0,1.0,2.0,0.0,0.0,2.3,3.4,3.4,H
2018-2019,16,2018-12-08,15:00,Sat,Manchester United,Fulham,4.0,1.0,74523.0,Old Trafford,L Probert,3.0,0.0,20.0,10.0,11.0,4.0,10.0,3.0,11.0,15.0,1.0,1.0,0.0,1.0,1.33,5.75,10.0,H
2018-2019,16,2018-12-08,15:00,Sat,Burnley,Brighton,1.0,0.0,18497.0,Turf Moor,M Atkinson,1.0,0.0,14.0,14.0,4.0,1.0,2.0,7.0,11.0,11.0,2.0,0.0,0.0,0.0,2.9,3.2,2.75,H
2018-2019,16,2018-12-08,15:00,Sat,Cardiff City,Southampton,1.0,0.0,30067.0,Cardiff City Stadium,J Moss,0.0,0.0,13.0,12.0,4.0,1.0,7.0,7.0,9.0,10.0,2.0,2.0,0.0,0.0,2.9,3.25,2.7,H
2018-2019,16,2018-12-08,15:00,Sat,Arsenal,Huddersfield,1.0,0.0,59893.0,Emirates Stadium,P Tierney,0.0,0.0,14.0,6.0,2.0,0.0,7.0,1.0,13.0,20.0,5.0,4.0,0.0,0.0,1.28,6.0,12.0,H
2018-2019,16,2018-12-08,17:30,Sat,Chelsea,Manchester City,2.0,0.0,40571.0,Stamford Bridge,M Oliver,1.0,0.0,8.0,14.0,5.0,4.0,1.0,13.0,12.0,11.0,2.0,0.0,0.0,0.0,4.0,3.8,1.95,H
2018-2019,16,2018-12-08,19:45,Sat,Leicester City,Tottenham,0.0,2.0,31957.0,King Power Stadium,C Pawson,0.0,1.0,11.0,7.0,3.0,2.0,6.0,5.0,12.0,7.0,3.0,1.0,0.0,0.0,3.8,3.75,2.0,A
2018-2019,16,2018-12-09,16:00,Sun,Newcastle United,Wolves,1.0,2.0,50223.0,St. James' Park,M Dean,1.0,1.0,12.0,13.0,4.0,6.0,4.0,6.0,10.0,17.0,2.0,5.0,1.0,0.0,2.9,3.2,2.7,A
2018-2019,16,2018-12-10,20:00,Mon,Everton,Watford,2.0,2.0,38400.0,Goodison Park,K Friend,1.0,0.0,12.0,15.0,5.0,3.0,6.0,6.0,13.0,13.0,1.0,1.0,0.0,0.0,1.8,3.75,5.0,D
2018-2019,17,2018-12-15,12:30,Sat,Manchester City,Everton,3.0,1.0,54173.0,Etihad Stadium,C Pawson,1.0,0.0,13.0,9.0,5.0,2.0,6.0,2.0,7.0,9.0,1.0,2.0,0.0,0.0,1.22,7.5,13.0,H
2018-2019,17,2018-12-15,15:00,Sat,Watford,Cardiff City,3.0,2.0,20032.0,Vicarage Road Stadium,A Madley,1.0,0.0,17.0,10.0,8.0,3.0,5.0,0.0,7.0,5.0,0.0,0.0,0.0,0.0,1.64,3.9,6.0,H
2018-2019,17,2018-12-15,15:00,Sat,Tottenham,Burnley,1.0,0.0,41645.0,Wembley Stadium,G Scott,0.0,0.0,15.0,4.0,3.0,0.0,8.0,3.0,7.0,8.0,0.0,2.0,0.0,0.0,1.18,8.0,19.0,H
2018-2019,17,2018-12-15,15:00,Sat,Huddersfield,Newcastle United,0.0,1.0,24036.0,The John Smith's Stadium,A Taylor,0.0,0.0,15.0,8.0,5.0,5.0,10.0,1.0,5.0,13.0,1.0,1.0,0.0,0.0,2.6,3.1,3.1,A
2018-2019,17,2018-12-15,15:00,Sat,Crystal Palace,Leicester City,1.0,0.0,24738.0,Selhurst Park,M Oliver,1.0,0.0,8.0,12.0,1.0,2.0,4.0,4.0,10.0,8.0,2.0,1.0,0.0,0.0,2.62,3.2,3.0,H
2018-2019,17,2018-12-15,15:00,Sat,Wolves,Bournemouth,2.0,0.0,30997.0,Molineux Stadium,S Hooper,1.0,0.0,9.0,13.0,3.0,3.0,5.0,3.0,15.0,7.0,1.0,2.0,0.0,0.0,1.95,3.6,4.33,H
2018-2019,17,2018-12-15,17:30,Sat,Fulham,West Ham,0.0,2.0,24081.0,Craven Cottage,M Dean,0.0,2.0,16.0,6.0,4.0,3.0,6.0,4.0,14.0,10.0,2.0,1.0,0.0,0.0,2.9,3.6,2.5,A
2018-2019,17,2018-12-16,13:30,Sun,Southampton,Arsenal,3.0,2.0,29497.0,St. Mary's Stadium,C Kavanagh,2.0,1.0,12.0,13.0,7.0,4.0,4.0,5.0,12.0,10.0,3.0,1.0,0.0,0.0,4.1,3.9,1.9,H
2018-2019,17,2018-12-16,13:30,Sun,Brighton,Chelsea,1.0,2.0,30645.0,The American Express Community Stadium,S Attwell,0.0,2.0,6.0,10.0,2.0,3.0,4.0,1.0,14.0,6.0,2.0,2.0,0.0,0.0,7.5,4.5,1.5,A
2018-2019,17,2018-12-16,16:00,Sun,Liverpool,Manchester United,3.0,1.0,52908.0,Anfield,M Atkinson,1.0,1.0,36.0,6.0,11.0,2.0,13.0,2.0,6.0,14.0,0.0,2.0,0.0,0.0,1.57,4.5,6.0,H
2018-2019,18,2018-12-21,20:00,Fri,Wolves,Liverpool,0.0,2.0,31358.0,Molineux Stadium,C Pawson,0.0,1.0,11.0,15.0,5.0,6.0,1.0,10.0,7.0,3.0,0.0,0.0,0.0,0.0,7.0,4.0,1.57,A
2018-2019,18,2018-12-22,12:30,Sat,Arsenal,Burnley,3.0,1.0,59493.0,Emirates Stadium,K Friend,1.0,0.0,10.0,7.0,6.0,2.0,1.0,3.0,10.0,14.0,2.0,5.0,0.0,0.0,1.25,6.5,15.0,H
2018-2019,18,2018-12-22,15:00,Sat,Bournemouth,Brighton,2.0,0.0,10491.0,Vitality Stadium,M Dean,1.0,0.0,14.0,10.0,3.0,5.0,6.0,5.0,8.0,18.0,2.0,0.0,0.0,1.0,1.9,3.7,4.33,H
2018-2019,18,2018-12-22,15:00,Sat,Manchester City,Crystal Palace,2.0,3.0,54340.0,Etihad Stadium,A Marriner,1.0,2.0,19.0,5.0,5.0,3.0,13.0,0.0,7.0,6.0,0.0,4.0,0.0,0.0,1.14,10.0,21.0,A
2018-2019,18,2018-12-22,15:00,Sat,West Ham,Watford,0.0,2.0,56833.0,London Stadium,L Mason,0.0,1.0,18.0,11.0,7.0,5.0,10.0,4.0,9.0,11.0,3.0,2.0,0.0,0.0,2.37,3.5,3.1,A
2018-2019,18,2018-12-22,15:00,Sat,Huddersfield,Southampton,1.0,3.0,22384.0,The John Smith's Stadium,S Attwell,0.0,2.0,16.0,13.0,5.0,6.0,8.0,2.0,12.0,9.0,2.0,3.0,0.0,0.0,3.1,3.1,2.6,A
2018-2019,18,2018-12-22,15:00,Sat,Chelsea,Leicester City,0.0,1.0,40558.0,Stamford Bridge,L Probert,0.0,0.0,17.0,8.0,5.0,3.0,9.0,5.0,10.0,9.0,0.0,2.0,0.0,0.0,1.33,5.5,11.0,A
2018-2019,18,2018-12-22,15:00,Sat,Newcastle United,Fulham,0.0,0.0,51237.0,St. James' Park,M Atkinson,0.0,0.0,9.0,4.0,0.0,2.0,6.0,0.0,9.0,12.0,1.0,2.0,0.0,0.0,2.0,3.6,4.0,D
2018-2019,18,2018-12-22,17:30,Sat,Cardiff City,Manchester United,1.0,5.0,33028.0,Cardiff City Stadium,M Oliver,1.0,3.0,9.0,17.0,3.0,9.0,4.0,7.0,13.0,13.0,2.0,1.0,0.0,0.0,6.5,4.2,1.57,A
2018-2019,18,2018-12-23,16:00,Sun,Everton,Tottenham,2.0,6.0,39319.0,Goodison Park,P Tierney,1.0,3.0,10.0,17.0,3.0,8.0,2.0,1.0,13.0,9.0,0.0,2.0,0.0,0.0,3.25,3.5,2.3,A
2018-2019,19,2018-12-26,12:30,Wed,Fulham,Wolves,1.0,1.0,24382.0,Craven Cottage,A Marriner,0.0,0.0,11.0,14.0,9.0,5.0,2.0,0.0,9.0,6.0,2.0,1.0,0.0,0.0,3.25,3.4,2.37,D
2018-2019,19,2018-12-26,15:00,Wed,Burnley,Everton,1.0,5.0,21484.0,Turf Moor,M Oliver,1.0,3.0,11.0,13.0,4.0,6.0,5.0,7.0,11.0,19.0,2.0,4.0,0.0,0.0,4.33,3.5,1.95,A
2018-2019,19,2018-12-26,15:00,Wed,Manchester United,Huddersfield,3.0,1.0,74523.0,Old Trafford,J Moss,1.0,0.0,16.0,10.0,10.0,2.0,5.0,3.0,9.0,13.0,1.0,1.0,0.0,0.0,1.25,6.5,15.0,H
2018-2019,19,2018-12-26,15:00,Wed,Liverpool,Newcastle United,4.0,0.0,53318.0,Anfield,G Scott,1.0,0.0,16.0,6.0,8.0,2.0,10.0,2.0,7.0,9.0,0.0,0.0,0.0,0.0,1.16,8.5,19.0,H
2018-2019,19,2018-12-26,15:00,Wed,Leicester City,Manchester City,2.0,1.0,32090.0,King Power Stadium,M Dean,1.0,1.0,10.0,11.0,5.0,4.0,3.0,7.0,5.0,8.0,2.0,2.0,0.0,1.0,9.5,5.25,1.36,H
2018-2019,19,2018-12-26,15:00,Wed,Tottenham,Bournemouth,5.0,0.0,45154.0,Wembley Stadium,C Kavanagh,3.0,0.0,10.0,14.0,7.0,4.0,3.0,4.0,4.0,8.0,2.0,1.0,0.0,0.0,1.36,5.5,9.0,H
2018-2019,19,2018-12-26,15:00,Wed,Crystal Palace,Cardiff City,0.0,0.0,25206.0,Selhurst Park,L Probert,0.0,0.0,31.0,9.0,5.0,4.0,12.0,1.0,9.0,11.0,0.0,3.0,0.0,0.0,1.66,4.0,5.75,D
2018-2019,19,2018-12-26,17:15,Wed,Brighton,Arsenal,1.0,1.0,30608.0,The American Express Community Stadium,A Taylor,1.0,1.0,12.0,7.0,3.0,4.0,4.0,9.0,10.0,4.0,2.0,1.0,0.0,0.0,5.25,3.9,1.72,D
2018-2019,19,2018-12-26,19:30,Wed,Watford,Chelsea,1.0,2.0,20415.0,Vicarage Road Stadium,M Atkinson,1.0,1.0,10.0,10.0,2.0,4.0,3.0,4.0,15.0,5.0,1.0,0.0,0.0,0.0,5.25,3.8,1.75,A
2018-2019,19,2018-12-27,19:45,Thu,Southampton,West Ham,1.0,2.0,31654.0,St. Mary's Stadium,C Pawson,0.0,0.0,11.0,16.0,5.0,5.0,4.0,5.0,10.0,3.0,2.0,0.0,0.0,0.0,2.3,3.5,3.3,A
2018-2019,20,2018-12-29,15:00,Sat,Watford,Newcastle United,1.0,1.0,20336.0,Vicarage Road Stadium,R East,0.0,1.0,12.0,8.0,5.0,2.0,3.0,6.0,17.0,16.0,1.0,2.0,0.0,0.0,1.85,3.6,4.0,D
2018-2019,20,2018-12-29,15:00,Sat,Fulham,Huddersfield,1.0,0.0,24423.0,Craven Cottage,K Friend,0.0,0.0,14.0,9.0,5.0,5.0,4.0,3.0,12.0,10.0,3.0,1.0,0.0,0.0,2.0,3.4,3.75,H
2018-2019,20,2018-12-29,15:00,Sat,Brighton,Everton,1.0,0.0,30597.0,The American Express Community Stadium,A Madley,0.0,0.0,11.0,13.0,3.0,4.0,6.0,6.0,10.0,11.0,0.0,2.0,0.0,0.0,3.25,3.4,2.14,H
2018-2019,20,2018-12-29,15:00,Sat,Leicester City,Cardiff City,0.0,1.0,32047.0,King Power Stadium,S Hooper,0.0,0.0,16.0,12.0,7.0,3.0,10.0,4.0,14.0,16.0,0.0,2.0,0.0,0.0,1.55,4.0,6.0,A
2018-2019,20,2018-12-29,15:00,Sat,Tottenham,Wolves,1.0,3.0,46356.0,Wembley Stadium,S Attwell,1.0,0.0,10.0,11.0,3.0,4.0,6.0,7.0,7.0,7.0,3.0,2.0,0.0,0.0,1.33,5.0,8.5,A
2018-2019,20,2018-12-29,17:30,Sat,Liverpool,Arsenal,5.0,1.0,53326.0,Anfield,M Oliver,4.0,1.0,15.0,8.0,10.0,2.0,5.0,3.0,8.0,13.0,1.0,2.0,0.0,0.0,1.5,4.5,5.75,H
2018-2019,20,2018-12-30,12:00,Sun,Crystal Palace,Chelsea,0.0,1.0,25781.0,Selhurst Park,C Pawson,0.0,0.0,4.0,12.0,0.0,4.0,3.0,4.0,11.0,8.0,0.0,1.0,0.0,0.0,4.75,4.0,1.66,A
2018-2019,20,2018-12-30,14:15,Sun,Southampton,Manchester City,1.0,3.0,31381.0,St. Mary's Stadium,P Tierney,1.0,3.0,5.0,14.0,4.0,6.0,3.0,8.0,11.0,10.0,2.0,3.0,1.0,0.0,10.0,5.25,1.3,A
2018-2019,20,2018-12-30,14:15,Sun,Burnley,West Ham,2.0,0.0,20933.0,Turf Moor,D Coote,2.0,0.0,17.0,11.0,5.0,4.0,5.0,5.0,15.0,11.0,1.0,4.0,0.0,0.0,3.3,3.2,2.25,H
2018-2019,20,2018-12-30,16:30,Sun,Manchester United,Bournemouth,4.0,1.0,74556.0,Old Trafford,L Mason,3.0,1.0,11.0,7.0,8.0,3.0,4.0,5.0,10.0,7.0,2.0,0.0,1.0,0.0,1.33,4.75,10.0,H
2018-2019,21,2019-01-01,12:30,Tue,Everton,Leicester City,0.0,1.0,39052.0,Goodison Park,M Atkinson,0.0,0.0,17.0,8.0,2.0,4.0,6.0,5.0,5.0,8.0,3.0,1.0,0.0,0.0,2.0,3.5,4.2,A
2018-2019,21,2019-01-01,15:00,Tue,Arsenal,Fulham,4.0,1.0,59887.0,Emirates Stadium,G Scott,1.0,0.0,16.0,9.0,9.0,4.0,8.0,3.0,7.0,12.0,0.0,1.0,0.0,0.0,1.33,5.75,9.5,H
2018-2019,21,2019-01-01,17:30,Tue,Cardiff City,Tottenham,0.0,3.0,32485.0,Cardiff City Stadium,K Friend,0.0,3.0,6.0,13.0,3.0,4.0,5.0,3.0,6.0,6.0,1.0,0.0,0.0,0.0,7.5,4.5,1.5,A
2018-2019,21,2019-01-02,19:45,Wed,Wolves,Crystal Palace,0.0,2.0,30666.0,Molineux Stadium,R East,0.0,0.0,9.0,17.0,1.0,4.0,3.0,10.0,9.0,7.0,4.0,1.0,0.0,0.0,2.0,3.4,4.33,A
2018-2019,21,2019-01-02,19:45,Wed,West Ham,Brighton,2.0,2.0,59870.0,London Stadium,C Kavanagh,0.0,0.0,13.0,13.0,6.0,6.0,1.0,5.0,9.0,11.0,0.0,1.0,0.0,0.0,1.95,3.75,4.0,D
2018-2019,21,2019-01-02,19:45,Wed,Bournemouth,Watford,3.0,3.0,10261.0,Vitality Stadium,D Coote,3.0,3.0,25.0,11.0,12.0,3.0,4.0,2.0,9.0,15.0,1.0,4.0,0.0,0.0,2.6,3.6,2.75,D
2018-2019,21,2019-01-02,19:45,Wed,Chelsea,Southampton,0.0,0.0,40668.0,Stamford Bridge,J Moss,0.0,0.0,17.0,6.0,6.0,2.0,7.0,2.0,8.0,11.0,1.0,2.0,0.0,0.0,1.28,6.5,11.0,D
2018-2019,21,2019-01-02,19:45,Wed,Huddersfield,Burnley,1.0,2.0,23715.0,The John Smith's Stadium,M Dean,1.0,1.0,9.0,16.0,2.0,8.0,5.0,2.0,11.0,9.0,0.0,4.0,1.0,1.0,2.14,3.1,4.2,A
2018-2019,21,2019-01-02,20:00,Wed,Newcastle United,Manchester United,0.0,2.0,52217.0,St. James' Park,A Marriner,0.0,0.0,14.0,16.0,3.0,7.0,1.0,2.0,10.0,9.0,1.0,2.0,0.0,0.0,6.0,4.2,1.61,A
2018-2019,21,2019-01-03,20:00,Thu,Manchester City,Liverpool,2.0,1.0,54511.0,Etihad Stadium,A Taylor,1.0,0.0,9.0,7.0,4.0,5.0,2.0,1.0,12.0,7.0,4.0,2.0,0.0,0.0,2.04,3.8,3.6,H
2018-2019,22,2019-01-12,12:30,Sat,West Ham,Arsenal,1.0,0.0,59946.0,London Stadium,J Moss,0.0,0.0,11.0,11.0,3.0,2.0,7.0,3.0,7.0,10.0,0.0,2.0,0.0,0.0,3.5,4.0,2.05,H
2018-2019,22,2019-01-12,15:00,Sat,Burnley,Fulham,2.0,1.0,19316.0,Turf Moor,M Atkinson,2.0,1.0,11.0,12.0,0.0,4.0,2.0,6.0,5.0,9.0,1.0,2.0,0.0,0.0,2.4,3.3,3.25,H
2018-2019,22,2019-01-12,15:00,Sat,Brighton,Liverpool,0.0,1.0,30682.0,The American Express Community Stadium,K Friend,0.0,0.0,7.0,10.0,0.0,3.0,2.0,7.0,15.0,5.0,0.0,0.0,0.0,0.0,11.0,6.0,1.3,A
2018-2019,22,2019-01-12,15:00,Sat,Crystal Palace,Watford,1.0,2.0,25010.0,Selhurst Park,P Tierney,1.0,0.0,15.0,16.0,6.0,2.0,7.0,7.0,11.0,11.0,1.0,4.0,0.0,0.0,2.25,3.4,3.5,A
2018-2019,22,2019-01-12,15:00,Sat,Cardiff City,Huddersfield,0.0,0.0,30725.0,Cardiff City Stadium,L Mason,0.0,0.0,3.0,14.0,0.0,2.0,3.0,10.0,12.0,14.0,3.0,1.0,0.0,0.0,2.25,3.25,3.6,D
2018-2019,22,2019-01-12,15:00,Sat,Leicester City,Southampton,1.0,2.0,31491.0,King Power Stadium,M Oliver,0.0,2.0,23.0,8.0,6.0,3.0,10.0,3.0,7.0,9.0,2.0,1.0,0.0,1.0,1.95,3.5,4.33,A
2018-2019,22,2019-01-12,17:30,Sat,Chelsea,Newcastle United,2.0,1.0,40491.0,Stamford Bridge,C Kavanagh,1.0,1.0,10.0,9.0,6.0,2.0,8.0,5.0,6.0,13.0,1.0,1.0,0.0,0.0,1.22,7.0,15.0,H
2018-2019,22,2019-01-13,14:15,Sun,Everton,Bournemouth,2.0,0.0,38113.0,Goodison Park,A Taylor,0.0,0.0,15.0,16.0,3.0,7.0,5.0,9.0,17.0,8.0,5.0,0.0,0.0,0.0,1.75,4.0,4.8,H
2018-2019,22,2019-01-13,16:30,Sun,Tottenham,Manchester United,0.0,1.0,80062.0,Wembley Stadium,M Dean,0.0,1.0,21.0,13.0,11.0,8.0,7.0,4.0,8.0,8.0,1.0,2.0,0.0,0.0,2.05,3.7,3.75,A
2018-2019,22,2019-01-14,20:00,Mon,Manchester City,Wolves,3.0,0.0,54171.0,Etihad Stadium,C Pawson,2.0,0.0,24.0,3.0,9.0,0.0,12.0,1.0,6.0,3.0,1.0,0.0,0.0,1.0,1.18,8.0,17.0,H
2018-2019,23,2019-01-19,12:30,Sat,Wolves,Leicester City,4.0,3.0,31278.0,Molineux Stadium,C Kavanagh,2.0,0.0,12.0,16.0,7.0,6.0,5.0,9.0,11.0,10.0,3.0,3.0,0.0,0.0,2.37,3.2,3.4,H
2018-2019,23,2019-01-19,15:00,Sat,Bournemouth,West Ham,2.0,0.0,10495.0,Vitality Stadium,S Hooper,0.0,0.0,10.0,9.0,4.0,1.0,2.0,3.0,6.0,10.0,0.0,1.0,0.0,0.0,2.37,3.7,3.0,H
2018-2019,23,2019-01-19,15:00,Sat,Newcastle United,Cardiff City,3.0,0.0,49864.0,St. James' Park,S Attwell,1.0,0.0,16.0,9.0,6.0,1.0,7.0,10.0,11.0,6.0,0.0,1.0,0.0,0.0,1.95,3.4,4.5,H
2018-2019,23,2019-01-19,15:00,Sat,Manchester United,Brighton,2.0,1.0,74532.0,Old Trafford,P Tierney,2.0,0.0,20.0,7.0,5.0,3.0,6.0,5.0,11.0,11.0,1.0,0.0,0.0,0.0,1.3,5.75,12.0,H
2018-2019,23,2019-01-19,15:00,Sat,Southampton,Everton,2.0,1.0,29989.0,St. Mary's Stadium,G Scott,0.0,0.0,11.0,7.0,4.0,2.0,7.0,6.0,12.0,11.0,2.0,1.0,0.0,0.0,2.75,3.4,2.7,H
2018-2019,23,2019-01-19,15:00,Sat,Liverpool,Crystal Palace,4.0,3.0,53171.0,Anfield,J Moss,0.0,1.0,19.0,9.0,9.0,3.0,8.0,3.0,6.0,8.0,0.0,1.0,1.0,0.0,1.2,7.5,17.0,H
2018-2019,23,2019-01-19,15:00,Sat,Watford,Burnley,0.0,0.0,19510.0,Vicarage Road Stadium,M Oliver,0.0,0.0,9.0,11.0,4.0,3.0,1.0,7.0,14.0,9.0,1.0,2.0,0.0,0.0,1.65,4.0,5.75,D
2018-2019,23,2019-01-19,17:30,Sat,Arsenal,Chelsea,2.0,0.0,59979.0,Emirates Stadium,A Taylor,2.0,0.0,13.0,13.0,5.0,1.0,5.0,6.0,13.0,15.0,0.0,2.0,0.0,0.0,3.1,3.6,2.37,H
2018-2019,23,2019-01-20,13:30,Sun,Huddersfield,Manchester City,0.0,3.0,24190.0,The John Smith's Stadium,A Marriner,0.0,1.0,5.0,12.0,2.0,4.0,1.0,4.0,10.0,9.0,2.0,2.0,0.0,0.0,21.0,8.5,1.16,A
2018-2019,23,2019-01-20,16:00,Sun,Fulham,Tottenham,1.0,2.0,24807.0,Craven Cottage,C Pawson,1.0,0.0,12.0,14.0,4.0,5.0,7.0,10.0,10.0,8.0,2.0,3.0,0.0,0.0,5.25,3.8,1.75,A
2018-2019,24,2019-01-29,19:45,Tue,Fulham,Brighton,4.0,2.0,22008.0,Craven Cottage,L Probert,0.0,2.0,24.0,15.0,7.0,6.0,10.0,1.0,10.0,5.0,2.0,3.0,0.0,0.0,2.37,3.3,3.3,H
2018-2019,24,2019-01-29,19:45,Tue,Huddersfield,Everton,0.0,1.0,23699.0,The John Smith's Stadium,S Attwell,0.0,1.0,10.0,10.0,2.0,5.0,3.0,4.0,13.0,10.0,1.0,4.0,0.0,1.0,4.0,3.3,2.1,A
2018-2019,24,2019-01-29,19:45,Tue,Wolves,West Ham,3.0,0.0,31122.0,Molineux Stadium,D Coote,0.0,0.0,20.0,4.0,9.0,0.0,5.0,1.0,8.0,10.0,4.0,1.0,0.0,0.0,2.1,3.5,3.75,H
2018-2019,24,2019-01-29,19:45,Tue,Arsenal,Cardiff City,2.0,1.0,59933.0,Emirates Stadium,M Dean,0.0,0.0,15.0,19.0,4.0,2.0,4.0,7.0,14.0,12.0,3.0,3.0,0.0,0.0,1.22,7.0,15.0,H
2018-2019,24,2019-01-29,20:00,Tue,Newcastle United,Manchester City,2.0,1.0,50861.0,St. James' Park,P Tierney,0.0,1.0,6.0,12.0,2.0,4.0,1.0,8.0,9.0,7.0,2.0,3.0,0.0,0.0,19.0,8.0,1.18,H
2018-2019,24,2019-01-29,20:00,Tue,Manchester United,Burnley,2.0,2.0,74529.0,Old Trafford,J Moss,0.0,0.0,28.0,6.0,9.0,4.0,11.0,3.0,10.0,9.0,1.0,3.0,0.0,0.0,1.28,6.0,12.0,D
2018-2019,24,2019-01-30,19:45,Wed,Bournemouth,Chelsea,4.0,0.0,10227.0,Vitality Stadium,R East,0.0,0.0,12.0,11.0,7.0,7.0,3.0,7.0,8.0,6.0,1.0,0.0,0.0,0.0,5.25,4.2,1.66,H
2018-2019,24,2019-01-30,19:45,Wed,Southampton,Crystal Palace,1.0,1.0,28339.0,St. Mary's Stadium,A Marriner,0.0,1.0,13.0,15.0,4.0,3.0,3.0,8.0,11.0,8.0,2.0,2.0,0.0,1.0,2.4,3.4,3.2,D
2018-2019,24,2019-01-30,20:00,Wed,Tottenham,Watford,2.0,1.0,29164.0,Wembley Stadium,G Scott,0.0,1.0,17.0,9.0,3.0,1.0,9.0,5.0,6.0,9.0,0.0,4.0,0.0,0.0,1.66,4.0,5.75,H
2018-2019,24,2019-01-30,20:00,Wed,Liverpool,Leicester City,1.0,1.0,53092.0,Anfield,M Atkinson,1.0,1.0,10.0,5.0,3.0,2.0,7.0,1.0,13.0,6.0,1.0,3.0,0.0,0.0,1.22,7.0,15.0,D
2018-2019,25,2019-02-02,12:30,Sat,Tottenham,Newcastle United,1.0,0.0,41219.0,Wembley Stadium,A Marriner,0.0,0.0,21.0,8.0,4.0,2.0,6.0,3.0,6.0,6.0,0.0,1.0,0.0,0.0,1.44,4.5,9.0,H
2018-2019,25,2019-02-02,15:00,Sat,Brighton,Watford,0.0,0.0,30414.0,The American Express Community Stadium,S Hooper,0.0,0.0,21.0,5.0,4.0,0.0,7.0,0.0,15.0,10.0,1.0,0.0,0.0,0.0,2.55,3.3,3.0,D
2018-2019,25,2019-02-02,15:00,Sat,Chelsea,Huddersfield,5.0,0.0,40626.0,Stamford Bridge,P Tierney,2.0,0.0,23.0,5.0,7.0,2.0,11.0,2.0,8.0,5.0,0.0,0.0,0.0,0.0,1.2,7.5,19.0,H
2018-2019,25,2019-02-02,15:00,Sat,Everton,Wolves,1.0,3.0,39380.0,Goodison Park,L Mason,1.0,2.0,13.0,8.0,4.0,4.0,3.0,1.0,12.0,14.0,3.0,1.0,0.0,0.0,2.37,3.4,3.25,A
2018-2019,25,2019-02-02,15:00,Sat,Burnley,Southampton,1.0,1.0,19787.0,Turf Moor,A Taylor,0.0,0.0,15.0,10.0,6.0,4.0,4.0,2.0,10.0,9.0,3.0,1.0,0.0,0.0,2.55,3.5,2.87,D
2018-2019,25,2019-02-02,15:00,Sat,Crystal Palace,Fulham,2.0,0.0,25355.0,Selhurst Park,M Oliver,1.0,0.0,17.0,8.0,6.0,0.0,11.0,1.0,9.0,12.0,2.0,3.0,0.0,0.0,2.05,3.5,4.0,H
2018-2019,25,2019-02-02,17:30,Sat,Cardiff City,Bournemouth,2.0,0.0,31939.0,Cardiff City Stadium,J Moss,1.0,0.0,12.0,9.0,5.0,2.0,6.0,7.0,17.0,14.0,1.0,2.0,0.0,0.0,3.25,3.5,2.3,H
2018-2019,25,2019-02-03,14:05,Sun,Leicester City,Manchester United,0.0,1.0,32148.0,King Power Stadium,M Dean,0.0,1.0,17.0,10.0,6.0,6.0,7.0,2.0,14.0,9.0,4.0,4.0,0.0,0.0,3.6,3.5,2.15,A
2018-2019,25,2019-02-03,16:30,Sun,Manchester City,Arsenal,3.0,1.0,54483.0,Etihad Stadium,M Atkinson,2.0,1.0,19.0,4.0,12.0,2.0,4.0,2.0,11.0,8.0,1.0,1.0,0.0,0.0,1.33,6.0,9.0,H
2018-2019,25,2019-02-04,20:00,Mon,West Ham,Liverpool,1.0,1.0,59903.0,London Stadium,K Friend,1.0,1.0,13.0,11.0,2.0,6.0,2.0,5.0,9.0,11.0,1.0,1.0,0.0,0.0,8.0,5.25,1.4,D
2018-2019,27,2019-02-06,19:45,Wed,Everton,Manchester City,0.0,2.0,39322.0,Goodison Park,C Pawson,0.0,1.0,4.0,15.0,1.0,4.0,5.0,6.0,12.0,6.0,1.0,1.0,0.0,0.0,10.0,6.25,1.3,A
2018-2019,26,2019-02-09,12:30,Sat,Fulham,Manchester United,0.0,3.0,25001.0,Craven Cottage,P Tierney,0.0,2.0,15.0,15.0,3.0,7.0,5.0,4.0,14.0,9.0,3.0,2.0,0.0,0.0,5.5,4.4,1.61,A
2018-2019,26,2019-02-09,15:00,Sat,Crystal Palace,West Ham,1.0,1.0,25552.0,Selhurst Park,C Pawson,0.0,1.0,25.0,6.0,5.0,4.0,10.0,4.0,12.0,9.0,3.0,0.0,0.0,0.0,2.1,3.5,3.75,D
2018-2019,26,2019-02-09,15:00,Sat,Liverpool,Bournemouth,3.0,0.0,53178.0,Anfield,A Taylor,2.0,0.0,20.0,12.0,9.0,2.0,8.0,5.0,14.0,6.0,2.0,2.0,0.0,0.0,1.22,7.5,14.0,H
2018-2019,26,2019-02-09,15:00,Sat,Southampton,Cardiff City,1.0,2.0,31438.0,St. Mary's Stadium,M Atkinson,0.0,0.0,14.0,6.0,7.0,3.0,8.0,2.0,15.0,12.0,3.0,3.0,0.0,0.0,1.75,3.9,5.0,A
2018-2019,26,2019-02-09,15:00,Sat,Watford,Everton,1.0,0.0,20333.0,Vicarage Road Stadium,L Probert,0.0,0.0,7.0,9.0,2.0,4.0,8.0,2.0,21.0,10.0,2.0,0.0,0.0,1.0,2.35,3.5,3.2,H
2018-2019,26,2019-02-09,15:00,Sat,Huddersfield,Arsenal,1.0,2.0,24182.0,The John Smith's Stadium,J Moss,0.0,2.0,15.0,9.0,6.0,4.0,5.0,0.0,17.0,12.0,3.0,2.0,0.0,0.0,5.75,4.4,1.6,A
2018-2019,26,2019-02-09,17:30,Sat,Brighton,Burnley,1.0,3.0,29323.0,The American Express Community Stadium,S Attwell,0.0,1.0,16.0,9.0,6.0,5.0,9.0,3.0,8.0,7.0,1.0,1.0,0.0,0.0,2.05,3.3,4.2,A
2018-2019,26,2019-02-10,13:30,Sun,Tottenham,Leicester City,3.0,1.0,44154.0,Wembley Stadium,M Oliver,1.0,0.0,12.0,20.0,5.0,9.0,2.0,9.0,11.0,4.0,3.0,1.0,0.0,0.0,1.7,3.9,5.5,H
2018-2019,26,2019-02-10,16:00,Sun,Manchester City,Chelsea,6.0,0.0,54452.0,Etihad Stadium,M Dean,4.0,0.0,15.0,12.0,9.0,4.0,2.0,2.0,9.0,13.0,1.0,2.0,0.0,0.0,1.5,4.75,7.0,H
2018-2019,26,2019-02-11,20:00,Mon,Wolves,Newcastle United,1.0,1.0,30687.0,Molineux Stadium,G Scott,0.0,0.0,22.0,9.0,6.0,3.0,13.0,1.0,7.0,9.0,1.0,3.0,0.0,0.0,1.7,3.75,5.75,D
2018-2019,27,2019-02-22,19:45,Fri,West Ham,Fulham,3.0,1.0,59950.0,London Stadium,L Mason,2.0,1.0,21.0,8.0,7.0,5.0,12.0,0.0,11.0,11.0,1.0,1.0,0.0,0.0,1.95,3.8,4.0,H
2018-2019,27,2019-02-22,19:45,Fri,Cardiff City,Watford,1.0,5.0,30387.0,Cardiff City Stadium,S Hooper,0.0,1.0,15.0,12.0,6.0,7.0,3.0,3.0,10.0,11.0,1.0,2.0,0.0,0.0,3.1,3.4,2.45,A
2018-2019,27,2019-02-23,12:30,Sat,Burnley,Tottenham,2.0,1.0,21338.0,Turf Moor,M Dean,0.0,0.0,10.0,17.0,4.0,6.0,7.0,6.0,9.0,12.0,1.0,3.0,0.0,0.0,5.75,3.8,1.7,H
2018-2019,27,2019-02-23,15:00,Sat,Bournemouth,Wolves,1.0,1.0,10671.0,Vitality Stadium,R East,1.0,0.0,10.0,10.0,3.0,2.0,9.0,8.0,10.0,15.0,4.0,5.0,0.0,0.0,2.87,3.4,2.62,D
2018-2019,27,2019-02-23,15:00,Sat,Newcastle United,Huddersfield,2.0,0.0,52174.0,St. James' Park,K Friend,0.0,0.0,29.0,3.0,12.0,1.0,12.0,0.0,11.0,7.0,2.0,0.0,0.0,1.0,1.83,3.5,5.25,H
2018-2019,27,2019-02-23,17:30,Sat,Leicester City,Crystal Palace,1.0,4.0,31778.0,King Power Stadium,A Taylor,0.0,1.0,27.0,7.0,5.0,5.0,8.0,3.0,7.0,14.0,2.0,1.0,0.0,0.0,2.25,3.4,3.5,A
2018-2019,27,2019-02-24,14:05,Sun,Arsenal,Southampton,2.0,0.0,59877.0,Emirates Stadium,G Scott,2.0,0.0,12.0,10.0,4.0,4.0,6.0,4.0,7.0,14.0,0.0,0.0,0.0,0.0,1.5,4.75,7.0,H
2018-2019,27,2019-02-24,14:05,Sun,Manchester United,Liverpool,0.0,0.0,74519.0,Old Trafford,M Oliver,0.0,0.0,6.0,7.0,3.0,1.0,3.0,7.0,15.0,17.0,1.0,3.0,0.0,0.0,3.1,3.5,2.37,D
2018-2019,28,2019-02-26,19:45,Tue,Cardiff City,Everton,0.0,3.0,31849.0,Cardiff City Stadium,K Friend,0.0,1.0,6.0,12.0,0.0,4.0,3.0,4.0,12.0,12.0,3.0,1.0,0.0,0.0,3.75,3.4,2.15,A
2018-2019,28,2019-02-26,19:45,Tue,Huddersfield,Wolves,1.0,0.0,22714.0,The John Smith's Stadium,D Coote,0.0,0.0,15.0,7.0,3.0,0.0,3.0,5.0,10.0,10.0,2.0,2.0,0.0,0.0,5.0,3.5,1.85,H
2018-2019,28,2019-02-26,19:45,Tue,Leicester City,Brighton,2.0,1.0,30558.0,King Power Stadium,L Probert,1.0,0.0,19.0,15.0,3.0,3.0,4.0,8.0,6.0,4.0,1.0,1.0,0.0,0.0,1.9,3.5,4.6,H
2018-2019,28,2019-02-26,20:00,Tue,Newcastle United,Burnley,2.0,0.0,48323.0,St. James' Park,C Pawson,2.0,0.0,12.0,12.0,3.0,2.0,4.0,7.0,8.0,8.0,1.0,3.0,0.0,0.0,2.15,3.3,3.9,H
2018-2019,28,2019-02-27,19:45,Wed,Arsenal,Bournemouth,5.0,1.0,59618.0,Emirates Stadium,C Kavanagh,2.0,1.0,16.0,13.0,6.0,5.0,9.0,4.0,11.0,9.0,2.0,2.0,0.0,0.0,1.44,5.0,7.5,H
2018-2019,28,2019-02-27,19:45,Wed,Southampton,Fulham,2.0,0.0,27597.0,St. Mary's Stadium,A Taylor,2.0,0.0,14.0,14.0,4.0,4.0,7.0,4.0,15.0,13.0,0.0,1.0,0.0,0.0,1.9,3.7,4.33,H
2018-2019,28,2019-02-27,20:00,Wed,Crystal Palace,Manchester United,1.0,3.0,25754.0,Selhurst Park,M Atkinson,0.0,1.0,17.0,13.0,2.0,4.0,5.0,6.0,8.0,9.0,2.0,3.0,0.0,0.0,3.25,3.5,2.3,A
2018-2019,28,2019-02-27,20:00,Wed,Chelsea,Tottenham,2.0,0.0,40542.0,Stamford Bridge,A Marriner,0.0,0.0,11.0,9.0,1.0,0.0,2.0,2.0,7.0,14.0,1.0,1.0,0.0,0.0,2.3,3.5,3.25,H
2018-2019,28,2019-02-27,20:00,Wed,Liverpool,Watford,5.0,0.0,53316.0,Anfield,G Scott,2.0,0.0,19.0,5.0,10.0,3.0,6.0,4.0,5.0,7.0,0.0,2.0,0.0,0.0,1.28,6.0,12.0,H
2018-2019,28,2019-02-27,20:00,Wed,Manchester City,West Ham,1.0,0.0,53528.0,Etihad Stadium,S Attwell,0.0,0.0,20.0,2.0,7.0,1.0,12.0,2.0,2.0,6.0,0.0,2.0,0.0,0.0,1.16,9.0,19.0,H
2018-2019,29,2019-03-02,12:30,Sat,Tottenham,Arsenal,1.0,1.0,81332.0,Wembley Stadium,A Taylor,0.0,1.0,10.0,9.0,3.0,4.0,3.0,4.0,15.0,14.0,3.0,2.0,0.0,1.0,2.05,3.7,3.75,D
2018-2019,29,2019-03-02,15:00,Sat,Manchester United,Southampton,3.0,2.0,74459.0,Old Trafford,S Attwell,0.0,1.0,16.0,6.0,6.0,3.0,9.0,7.0,7.0,10.0,2.0,1.0,0.0,0.0,1.45,4.5,8.5,H
2018-2019,29,2019-03-02,15:00,Sat,Wolves,Cardiff City,2.0,0.0,31309.0,Molineux Stadium,A Marriner,2.0,0.0,13.0,12.0,6.0,4.0,7.0,8.0,11.0,6.0,1.0,2.0,0.0,0.0,1.5,4.33,8.0,H
2018-2019,29,2019-03-02,15:00,Sat,Bournemouth,Manchester City,0.0,1.0,10699.0,Vitality Stadium,K Friend,0.0,0.0,0.0,23.0,0.0,7.0,0.0,14.0,7.0,7.0,1.0,2.0,0.0,0.0,13.0,7.5,1.22,A
2018-2019,29,2019-03-02,15:00,Sat,Brighton,Huddersfield,1.0,0.0,30182.0,The American Express Community Stadium,M Dean,0.0,0.0,13.0,6.0,4.0,4.0,6.0,3.0,11.0,6.0,2.0,2.0,0.0,0.0,1.85,3.4,5.25,H
2018-2019,29,2019-03-02,15:00,Sat,Burnley,Crystal Palace,1.0,3.0,19223.0,Turf Moor,L Probert,0.0,1.0,18.0,10.0,4.0,4.0,8.0,5.0,9.0,9.0,1.0,2.0,0.0,0.0,2.8,3.3,2.75,A
2018-2019,29,2019-03-02,17:30,Sat,West Ham,Newcastle United,2.0,0.0,59910.0,London Stadium,C Kavanagh,2.0,0.0,10.0,17.0,4.0,2.0,1.0,6.0,8.0,14.0,3.0,4.0,0.0,0.0,2.15,3.5,3.6,H
2018-2019,29,2019-03-03,12:00,Sun,Watford,Leicester City,2.0,1.0,20062.0,Vicarage Road Stadium,J Moss,1.0,0.0,6.0,14.0,5.0,2.0,1.0,5.0,15.0,12.0,5.0,1.0,0.0,0.0,2.55,3.3,3.0,H
2018-2019,29,2019-03-03,14:05,Sun,Fulham,Chelsea,1.0,2.0,24900.0,Craven Cottage,G Scott,1.0,2.0,12.0,20.0,5.0,7.0,5.0,4.0,11.0,10.0,2.0,1.0,0.0,0.0,6.5,4.5,1.53,A
2018-2019,29,2019-03-03,16:15,Sun,Everton,Liverpool,0.0,0.0,39335.0,Goodison Park,M Atkinson,0.0,0.0,7.0,10.0,3.0,3.0,3.0,7.0,12.0,10.0,1.0,2.0,0.0,0.0,6.0,4.2,1.61,D
2018-2019,30,2019-03-09,12:30,Sat,Crystal Palace,Brighton,1.0,2.0,24972.0,Selhurst Park,C Pawson,0.0,1.0,15.0,4.0,3.0,3.0,8.0,0.0,8.0,18.0,1.0,5.0,0.0,0.0,1.83,3.6,5.0,A
2018-2019,30,2019-03-09,15:00,Sat,Newcastle United,Everton,3.0,2.0,52242.0,St. James' Park,L Mason,0.0,2.0,19.0,7.0,7.0,3.0,8.0,2.0,13.0,10.0,3.0,1.0,0.0,0.0,2.8,3.25,2.8,H
2018-2019,30,2019-03-09,15:00,Sat,Cardiff City,West Ham,2.0,0.0,32458.0,Cardiff City Stadium,G Scott,1.0,0.0,16.0,9.0,7.0,2.0,7.0,5.0,7.0,12.0,2.0,1.0,0.0,0.0,3.6,3.5,2.15,H
2018-2019,30,2019-03-09,15:00,Sat,Huddersfield,Bournemouth,0.0,2.0,22304.0,The John Smith's Stadium,A Taylor,0.0,1.0,8.0,8.0,1.0,5.0,6.0,5.0,14.0,9.0,3.0,1.0,0.0,0.0,3.4,3.3,2.35,A
2018-2019,30,2019-03-09,15:00,Sat,Leicester City,Fulham,3.0,1.0,32017.0,King Power Stadium,D Coote,1.0,0.0,18.0,6.0,8.0,3.0,6.0,5.0,9.0,13.0,0.0,2.0,0.0,0.0,1.57,4.5,6.0,H
2018-2019,30,2019-03-09,15:00,Sat,Southampton,Tottenham,2.0,1.0,31890.0,St. Mary's Stadium,K Friend,0.0,1.0,12.0,16.0,4.0,5.0,1.0,10.0,16.0,9.0,4.0,2.0,0.0,0.0,4.5,3.8,1.85,H
2018-2019,30,2019-03-09,17:30,Sat,Manchester City,Watford,3.0,1.0,54104.0,Etihad Stadium,P Tierney,0.0,0.0,19.0,2.0,9.0,1.0,9.0,1.0,11.0,7.0,1.0,1.0,0.0,0.0,1.16,9.0,19.0,H
2018-2019,30,2019-03-10,12:00,Sun,Liverpool,Burnley,4.0,2.0,53310.0,Anfield,A Marriner,2.0,1.0,23.0,3.0,5.0,2.0,7.0,3.0,4.0,7.0,2.0,0.0,0.0,0.0,1.16,8.5,21.0,H
2018-2019,30,2019-03-10,14:05,Sun,Chelsea,Wolves,1.0,1.0,40692.0,Stamford Bridge,M Oliver,0.0,0.0,22.0,2.0,6.0,1.0,13.0,0.0,8.0,14.0,1.0,4.0,0.0,0.0,1.55,4.2,7.0,D
2018-2019,30,2019-03-10,16:30,Sun,Arsenal,Manchester United,2.0,0.0,60000.0,Emirates Stadium,J Moss,1.0,0.0,14.0,14.0,3.0,4.0,5.0,2.0,12.0,18.0,2.0,2.0,0.0,0.0,2.4,3.6,3.0,H
2018-2019,31,2019-03-16,15:00,Sat,West Ham,Huddersfield,4.0,3.0,59931.0,London Stadium,J Moss,1.0,2.0,16.0,15.0,5.0,5.0,5.0,8.0,7.0,15.0,0.0,2.0,0.0,0.0,1.55,4.2,7.0,H
2018-2019,31,2019-03-16,15:00,Sat,Burnley,Leicester City,1.0,2.0,20719.0,Turf Moor,M Oliver,1.0,1.0,13.0,9.0,2.0,4.0,9.0,3.0,9.0,10.0,1.0,1.0,0.0,1.0,3.1,3.4,2.45,A
2018-2019,31,2019-03-16,15:00,Sat,Bournemouth,Newcastle United,2.0,2.0,10625.0,Vitality Stadium,M Dean,0.0,1.0,10.0,12.0,3.0,4.0,6.0,6.0,9.0,12.0,3.0,2.0,0.0,0.0,2.05,3.6,3.8,D
2018-2019,31,2019-03-17,14:15,Sun,Fulham,Liverpool,1.0,2.0,25043.0,Craven Cottage,C Pawson,0.0,1.0,7.0,16.0,2.0,6.0,1.0,10.0,11.0,7.0,2.0,1.0,0.0,0.0,12.0,7.0,1.25,A
2018-2019,31,2019-03-17,16:30,Sun,Everton,Chelsea,2.0,0.0,39356.0,Goodison Park,A Taylor,0.0,0.0,15.0,16.0,8.0,5.0,3.0,4.0,17.0,9.0,1.0,2.0,0.0,0.0,4.0,3.8,1.95,H
2018-2019,32,2019-03-30,12:30,Sat,Fulham,Manchester City,0.0,2.0,25001.0,Craven Cottage,K Friend,0.0,2.0,5.0,24.0,0.0,7.0,0.0,11.0,4.0,12.0,2.0,0.0,0.0,0.0,21.0,11.0,1.12,A
2018-2019,32,2019-03-30,15:00,Sat,Burnley,Wolves,2.0,0.0,20990.0,Turf Moor,C Kavanagh,1.0,0.0,5.0,8.0,1.0,1.0,1.0,5.0,12.0,10.0,1.0,1.0,0.0,0.0,3.2,3.25,2.45,H
2018-2019,32,2019-03-30,15:00,Sat,Crystal Palace,Huddersfield,2.0,0.0,25193.0,Selhurst Park,L Probert,0.0,0.0,19.0,15.0,5.0,5.0,5.0,5.0,10.0,7.0,0.0,0.0,0.0,0.0,1.45,4.4,9.0,H
2018-2019,32,2019-03-30,15:00,Sat,Leicester City,Bournemouth,2.0,0.0,31530.0,King Power Stadium,L Mason,1.0,0.0,18.0,8.0,4.0,2.0,6.0,1.0,6.0,12.0,0.0,2.0,0.0,0.0,1.85,3.8,4.5,H
2018-2019,32,2019-03-30,15:00,Sat,Brighton,Southampton,0.0,1.0,30636.0,The American Express Community Stadium,M Oliver,0.0,0.0,14.0,8.0,1.0,2.0,6.0,5.0,8.0,10.0,1.0,2.0,0.0,0.0,2.55,3.2,3.1,A
2018-2019,32,2019-03-30,15:00,Sat,Manchester United,Watford,2.0,1.0,74543.0,Old Trafford,S Attwell,1.0,0.0,8.0,20.0,5.0,8.0,3.0,5.0,14.0,9.0,1.0,2.0,0.0,0.0,1.44,4.75,8.0,H
2018-2019,32,2019-03-30,17:30,Sat,West Ham,Everton,0.0,2.0,59988.0,London Stadium,P Tierney,0.0,2.0,3.0,17.0,1.0,9.0,4.0,9.0,7.0,14.0,1.0,1.0,0.0,0.0,2.55,3.5,2.9,A
2018-2019,32,2019-03-31,14:05,Sun,Cardiff City,Chelsea,1.0,2.0,32657.0,Cardiff City Stadium,C Pawson,0.0,0.0,8.0,21.0,3.0,3.0,2.0,7.0,8.0,14.0,2.0,3.0,0.0,0.0,9.0,4.5,1.44,A
2018-2019,32,2019-03-31,16:30,Sun,Liverpool,Tottenham,2.0,1.0,53322.0,Anfield,M Atkinson,1.0,0.0,14.0,11.0,3.0,2.0,10.0,3.0,5.0,8.0,0.0,1.0,0.0,0.0,1.61,4.2,6.0,H
2018-2019,32,2019-04-01,20:00,Mon,Arsenal,Newcastle United,2.0,0.0,59869.0,Emirates Stadium,A Taylor,1.0,0.0,7.0,3.0,4.0,1.0,6.0,2.0,11.0,10.0,2.0,0.0,0.0,0.0,1.36,5.25,9.5,H
2018-2019,33,2019-04-02,19:45,Tue,Wolves,Manchester United,2.0,1.0,31302.0,Molineux Stadium,M Dean,1.0,1.0,9.0,18.0,2.0,4.0,3.0,5.0,5.0,11.0,1.0,2.0,0.0,1.0,4.0,3.6,2.0,H
2018-2019,33,2019-04-02,19:45,Tue,Watford,Fulham,4.0,1.0,17301.0,Vicarage Road Stadium,R East,1.0,1.0,15.0,17.0,7.0,7.0,6.0,4.0,12.0,5.0,3.0,2.0,0.0,0.0,1.72,4.0,5.0,H
2018-2019,27,2019-04-03,19:45,Wed,Chelsea,Brighton,3.0,0.0,38593.0,Stamford Bridge,G Scott,1.0,0.0,17.0,3.0,4.0,1.0,7.0,1.0,5.0,9.0,0.0,0.0,0.0,0.0,1.25,6.5,15.0,H
2018-2019,31,2019-04-03,19:45,Wed,Tottenham,Crystal Palace,2.0,0.0,59215.0,Tottenham Hotspur Stadium,A Marriner,0.0,0.0,26.0,5.0,10.0,1.0,8.0,2.0,8.0,5.0,1.0,0.0,0.0,0.0,1.45,5.0,7.5,H
2018-2019,33,2019-04-03,19:45,Wed,Manchester City,Cardiff City,2.0,0.0,53559.0,Etihad Stadium,J Moss,2.0,0.0,27.0,4.0,11.0,1.0,7.0,4.0,3.0,17.0,0.0,3.0,0.0,0.0,1.06,17.0,34.0,H
2018-2019,33,2019-04-05,20:00,Fri,Southampton,Liverpool,1.0,3.0,31797.0,St. Mary's Stadium,P Tierney,1.0,1.0,11.0,17.0,1.0,5.0,7.0,5.0,8.0,7.0,2.0,4.0,0.0,0.0,9.0,5.0,1.4,A
2018-2019,33,2019-04-06,15:00,Sat,Huddersfield,Leicester City,1.0,4.0,24126.0,The John Smith's Stadium,D Coote,0.0,1.0,10.0,18.0,4.0,9.0,8.0,5.0,13.0,11.0,3.0,0.0,0.0,0.0,5.0,4.0,1.72,A
2018-2019,33,2019-04-06,15:00,Sat,Bournemouth,Burnley,1.0,3.0,10446.0,Vitality Stadium,M Atkinson,1.0,2.0,10.0,11.0,2.0,3.0,3.0,6.0,12.0,16.0,2.0,3.0,0.0,0.0,2.1,3.6,3.75,A
2018-2019,33,2019-04-06,15:00,Sat,Newcastle United,Crystal Palace,0.0,1.0,51926.0,St. James' Park,S Attwell,0.0,0.0,18.0,3.0,5.0,1.0,9.0,4.0,12.0,13.0,1.0,2.0,0.0,0.0,2.6,3.25,3.0,A
2018-2019,33,2019-04-07,14:05,Sun,Everton,Arsenal,1.0,0.0,39400.0,Goodison Park,K Friend,1.0,0.0,23.0,7.0,6.0,2.0,9.0,6.0,8.0,9.0,1.0,4.0,0.0,0.0,3.0,3.75,2.35,H
2018-2019,33,2019-04-08,20:00,Mon,Chelsea,West Ham,2.0,0.0,40537.0,Stamford Bridge,C Kavanagh,1.0,0.0,16.0,9.0,7.0,2.0,7.0,4.0,8.0,7.0,2.0,1.0,0.0,0.0,1.33,5.75,9.5,H
2018-2019,34,2019-04-12,20:00,Fri,Leicester City,Newcastle United,0.0,1.0,32108.0,King Power Stadium,C Kavanagh,0.0,1.0,12.0,11.0,5.0,5.0,2.0,3.0,6.0,10.0,2.0,3.0,0.0,0.0,1.66,4.0,5.75,A
2018-2019,34,2019-04-13,12:30,Sat,Tottenham,Huddersfield,4.0,0.0,58308.0,Tottenham Hotspur Stadium,L Mason,2.0,0.0,22.0,7.0,5.0,1.0,4.0,2.0,10.0,12.0,2.0,2.0,0.0,0.0,1.22,7.0,15.0,H
2018-2019,34,2019-04-13,15:00,Sat,Burnley,Cardiff City,2.0,0.0,21480.0,Turf Moor,M Dean,1.0,0.0,14.0,14.0,7.0,2.0,8.0,4.0,7.0,10.0,2.0,3.0,0.0,0.0,1.9,3.6,4.5,H
2018-2019,34,2019-04-13,15:00,Sat,Fulham,Everton,2.0,0.0,24971.0,Craven Cottage,L Probert,0.0,0.0,12.0,8.0,5.0,1.0,7.0,3.0,8.0,10.0,2.0,1.0,0.0,0.0,5.0,4.0,1.75,H
2018-2019,34,2019-04-13,15:00,Sat,Southampton,Wolves,3.0,1.0,31708.0,St. Mary's Stadium,J Moss,2.0,1.0,13.0,17.0,6.0,2.0,4.0,9.0,13.0,8.0,1.0,3.0,0.0,0.0,2.6,3.25,3.0,H
2018-2019,34,2019-04-13,15:00,Sat,Brighton,Bournemouth,0.0,5.0,30460.0,The American Express Community Stadium,K Friend,0.0,1.0,8.0,14.0,1.0,7.0,4.0,1.0,10.0,6.0,2.0,4.0,1.0,0.0,2.3,3.4,3.4,A
2018-2019,34,2019-04-13,17:30,Sat,Manchester United,West Ham,2.0,1.0,74478.0,Old Trafford,G Scott,1.0,0.0,14.0,18.0,4.0,4.0,3.0,11.0,14.0,5.0,1.0,1.0,0.0,0.0,1.4,5.25,8.5,H
2018-2019,34,2019-04-14,14:05,Sun,Crystal Palace,Manchester City,1.0,3.0,25721.0,Selhurst Park,M Atkinson,0.0,1.0,7.0,20.0,3.0,6.0,2.0,9.0,5.0,11.0,0.0,0.0,0.0,0.0,11.0,6.0,1.3,A
2018-2019,34,2019-04-14,16:30,Sun,Liverpool,Chelsea,2.0,0.0,53279.0,Anfield,M Oliver,0.0,0.0,15.0,6.0,7.0,3.0,9.0,2.0,5.0,9.0,0.0,1.0,0.0,0.0,1.66,4.2,5.25,H
2018-2019,34,2019-04-15,20:00,Mon,Watford,Arsenal,0.0,1.0,20480.0,Vicarage Road Stadium,C Pawson,0.0,1.0,11.0,19.0,3.0,6.0,6.0,4.0,12.0,8.0,2.0,0.0,1.0,0.0,3.2,3.75,2.25,A
2018-2019,31,2019-04-16,19:45,Tue,Brighton,Cardiff City,0.0,2.0,30226.0,The American Express Community Stadium,A Marriner,0.0,1.0,14.0,10.0,2.0,3.0,5.0,4.0,11.0,13.0,0.0,1.0,0.0,0.0,2.0,3.3,4.5,A
2018-2019,35,2019-04-20,12:30,Sat,Manchester City,Tottenham,1.0,0.0,54489.0,Etihad Stadium,M Oliver,1.0,0.0,15.0,10.0,4.0,4.0,4.0,4.0,11.0,11.0,1.0,2.0,0.0,0.0,1.3,6.0,11.0,H
2018-2019,35,2019-04-20,15:00,Sat,West Ham,Leicester City,2.0,2.0,59960.0,London Stadium,L Probert,1.0,0.0,11.0,11.0,3.0,5.0,6.0,8.0,8.0,9.0,2.0,0.0,0.0,0.0,3.3,3.5,2.3,D
2018-2019,35,2019-04-20,15:00,Sat,Bournemouth,Fulham,0.0,1.0,10511.0,Vitality Stadium,D Coote,0.0,0.0,15.0,17.0,5.0,5.0,3.0,7.0,11.0,18.0,1.0,3.0,0.0,0.0,1.65,4.4,5.25,A
2018-2019,35,2019-04-20,15:00,Sat,Huddersfield,Watford,1.0,2.0,23957.0,The John Smith's Stadium,R East,0.0,1.0,13.0,11.0,3.0,6.0,2.0,2.0,15.0,9.0,2.0,2.0,0.0,0.0,4.4,3.9,1.85,A
2018-2019,35,2019-04-20,15:00,Sat,Wolves,Brighton,0.0,0.0,31096.0,Molineux Stadium,C Pawson,0.0,0.0,22.0,5.0,5.0,0.0,14.0,1.0,0.0,8.0,0.0,1.0,0.0,0.0,1.75,3.5,6.0,D
2018-2019,35,2019-04-20,17:30,Sat,Newcastle United,Southampton,3.0,1.0,52191.0,St. James' Park,A Taylor,2.0,0.0,15.0,15.0,6.0,3.0,4.0,11.0,5.0,11.0,0.0,2.0,0.0,0.0,2.55,3.2,3.1,H
2018-2019,35,2019-04-21,13:30,Sun,Everton,Manchester United,4.0,0.0,39395.0,Goodison Park,P Tierney,2.0,0.0,15.0,7.0,8.0,1.0,10.0,2.0,11.0,7.0,1.0,1.0,0.0,0.0,3.25,3.5,2.3,H
2018-2019,35,2019-04-21,16:00,Sun,Arsenal,Crystal Palace,2.0,3.0,59929.0,Emirates Stadium,J Moss,0.0,1.0,12.0,16.0,5.0,7.0,8.0,3.0,15.0,12.0,4.0,1.0,0.0,0.0,1.53,4.6,6.5,A
2018-2019,35,2019-04-21,16:00,Sun,Cardiff City,Liverpool,0.0,2.0,33082.0,Cardiff City Stadium,M Atkinson,0.0,0.0,7.0,17.0,2.0,6.0,5.0,10.0,6.0,5.0,1.0,1.0,0.0,0.0,17.0,7.5,1.2,A
2018-2019,35,2019-04-22,20:00,Mon,Chelsea,Burnley,2.0,2.0,40642.0,Stamford Bridge,K Friend,2.0,2.0,22.0,6.0,9.0,3.0,10.0,1.0,9.0,4.0,2.0,1.0,0.0,0.0,1.25,6.25,15.0,D
2018-2019,31,2019-04-23,19:45,Tue,Watford,Southampton,1.0,1.0,19170.0,Vicarage Road Stadium,M Dean,0.0,1.0,15.0,8.0,4.0,4.0,3.0,4.0,10.0,14.0,5.0,2.0,0.0,0.0,2.25,3.5,3.4,D
2018-2019,33,2019-04-23,19:45,Tue,Tottenham,Brighton,1.0,0.0,56251.0,Tottenham Hotspur Stadium,C Kavanagh,0.0,0.0,29.0,6.0,5.0,1.0,6.0,3.0,7.0,13.0,1.0,2.0,0.0,0.0,1.28,6.0,13.0,H
2018-2019,31,2019-04-24,19:45,Wed,Wolves,Arsenal,3.0,1.0,31436.0,Molineux Stadium,S Attwell,3.0,0.0,11.0,11.0,3.0,1.0,5.0,5.0,12.0,9.0,2.0,3.0,0.0,0.0,2.9,3.5,2.55,H
2018-2019,31,2019-04-24,20:00,Wed,Manchester United,Manchester City,0.0,2.0,74431.0,Old Trafford,A Marriner,0.0,0.0,12.0,8.0,1.0,5.0,1.0,1.0,10.0,10.0,2.0,2.0,0.0,0.0,7.5,5.0,1.44,A
2018-2019,36,2019-04-26,20:00,Fri,Liverpool,Huddersfield,5.0,0.0,53249.0,Anfield,K Friend,3.0,0.0,21.0,5.0,7.0,1.0,4.0,4.0,5.0,14.0,0.0,0.0,0.0,0.0,1.07,15.0,41.0,H
2018-2019,36,2019-04-27,12:30,Sat,Tottenham,West Ham,0.0,1.0,60043.0,Tottenham Hotspur Stadium,A Taylor,0.0,0.0,14.0,16.0,4.0,7.0,2.0,7.0,3.0,8.0,0.0,2.0,0.0,0.0,1.4,5.5,7.5,A
2018-2019,36,2019-04-27,15:00,Sat,Watford,Wolves,1.0,2.0,20323.0,Vicarage Road Stadium,S Hooper,0.0,1.0,10.0,11.0,1.0,4.0,4.0,5.0,10.0,11.0,3.0,2.0,0.0,0.0,2.62,3.3,2.9,A
2018-2019,36,2019-04-27,15:00,Sat,Fulham,Cardiff City,1.0,0.0,23822.0,Craven Cottage,C Kavanagh,0.0,0.0,8.0,13.0,2.0,8.0,10.0,3.0,10.0,8.0,0.0,0.0,0.0,0.0,2.4,3.6,3.0,H
2018-2019,36,2019-04-27,15:00,Sat,Southampton,Bournemouth,3.0,3.0,31310.0,St. Mary's Stadium,G Scott,1.0,2.0,22.0,9.0,7.0,5.0,9.0,3.0,8.0,9.0,2.0,1.0,0.0,0.0,1.9,3.9,4.1,D
2018-2019,36,2019-04-27,15:00,Sat,Crystal Palace,Everton,0.0,0.0,25789.0,Selhurst Park,L Mason,0.0,0.0,8.0,22.0,0.0,3.0,5.0,10.0,9.0,15.0,2.0,0.0,0.0,0.0,2.62,3.5,2.8,D
2018-2019,36,2019-04-27,17:30,Sat,Brighton,Newcastle United,1.0,1.0,30587.0,The American Express Community Stadium,M Dean,0.0,1.0,9.0,9.0,2.0,1.0,7.0,4.0,7.0,10.0,2.0,3.0,0.0,0.0,2.3,3.2,3.6,D
2018-2019,36,2019-04-28,12:00,Sun,Leicester City,Arsenal,3.0,0.0,32037.0,King Power Stadium,M Oliver,0.0,0.0,24.0,6.0,12.0,1.0,8.0,6.0,13.0,13.0,3.0,1.0,0.0,1.0,2.75,3.6,2.6,H
2018-2019,36,2019-04-28,14:05,Sun,Burnley,Manchester City,0.0,1.0,21605.0,Turf Moor,P Tierney,0.0,0.0,2.0,25.0,0.0,7.0,0.0,6.0,5.0,7.0,1.0,1.0,0.0,0.0,23.0,9.0,1.14,A
2018-2019,36,2019-04-28,16:30,Sun,Manchester United,Chelsea,1.0,1.0,74526.0,Old Trafford,M Atkinson,1.0,1.0,7.0,16.0,5.0,3.0,6.0,6.0,9.0,14.0,3.0,2.0,0.0,0.0,2.7,3.5,2.7,D
2018-2019,37,2019-05-03,20:00,Fri,Everton,Burnley,2.0,0.0,39303.0,Goodison Park,C Kavanagh,2.0,0.0,20.0,5.0,6.0,1.0,8.0,1.0,8.0,9.0,0.0,2.0,0.0,0.0,1.66,4.0,5.75,H
2018-2019,37,2019-05-04,12:30,Sat,Bournemouth,Tottenham,1.0,0.0,10630.0,Vitality Stadium,C Pawson,0.0,0.0,20.0,11.0,6.0,5.0,10.0,6.0,11.0,12.0,1.0,5.0,0.0,2.0,4.0,4.0,1.9,H
2018-2019,37,2019-05-04,15:00,Sat,Wolves,Fulham,1.0,0.0,30456.0,Molineux Stadium,J Moss,0.0,0.0,19.0,6.0,6.0,2.0,7.0,1.0,10.0,15.0,1.0,3.0,0.0,0.0,1.53,4.2,7.5,H
2018-2019,37,2019-05-04,15:00,Sat,West Ham,Southampton,3.0,0.0,59961.0,London Stadium,S Attwell,1.0,0.0,17.0,11.0,6.0,1.0,2.0,7.0,2.0,11.0,1.0,1.0,0.0,0.0,2.3,3.75,3.1,H
2018-2019,37,2019-05-04,17:30,Sat,Cardiff City,Crystal Palace,2.0,3.0,32133.0,Cardiff City Stadium,M Oliver,1.0,2.0,18.0,21.0,8.0,7.0,10.0,5.0,14.0,11.0,0.0,0.0,0.0,0.0,2.6,3.75,2.7,A
2018-2019,37,2019-05-04,19:45,Sat,Newcastle United,Liverpool,2.0,3.0,52206.0,St. James' Park,A Marriner,1.0,2.0,14.0,11.0,7.0,4.0,2.0,3.0,10.0,4.0,1.0,1.0,0.0,0.0,9.5,5.25,1.36,A
2018-2019,37,2019-05-05,14:00,Sun,Huddersfield,Manchester United,1.0,1.0,24263.0,The John Smith's Stadium,L Mason,0.0,1.0,7.0,23.0,3.0,7.0,3.0,7.0,10.0,10.0,1.0,1.0,0.0,0.0,11.0,6.0,1.3,D
2018-2019,37,2019-05-05,14:00,Sun,Chelsea,Watford,3.0,0.0,40560.0,Stamford Bridge,P Tierney,0.0,0.0,19.0,15.0,9.0,3.0,6.0,6.0,6.0,12.0,0.0,1.0,0.0,0.0,1.4,5.25,8.0,H
2018-2019,37,2019-05-05,16:30,Sun,Arsenal,Brighton,1.0,1.0,59965.0,Emirates Stadium,A Taylor,1.0,0.0,20.0,11.0,8.0,5.0,16.0,3.0,9.0,14.0,5.0,2.0,0.0,0.0,1.4,5.0,9.0,D
2018-2019,37,2019-05-06,20:00,Mon,Manchester City,Leicester City,1.0,0.0,54506.0,Etihad Stadium,M Dean,0.0,0.0,19.0,7.0,5.0,2.0,11.0,0.0,12.0,5.0,3.0,2.0,0.0,0.0,1.12,8.5,17.0,H
2018-2019,38,2019-05-12,15:00,Sun,Southampton,Huddersfield,1.0,1.0,30367.0,St. Mary's Stadium,L Probert,1.0,0.0,10.0,10.0,3.0,3.0,4.0,3.0,8.0,6.0,0.0,1.0,0.0,0.0,1.44,4.75,8.5,D
2018-2019,38,2019-05-12,15:00,Sun,Brighton,Manchester City,1.0,4.0,30662.0,The American Express Community Stadium,M Oliver,1.0,2.0,6.0,20.0,2.0,9.0,2.0,6.0,12.0,8.0,0.0,0.0,0.0,0.0,19.0,8.5,1.16,A
2018-2019,38,2019-05-12,15:00,Sun,Leicester City,Chelsea,0.0,0.0,32140.0,King Power Stadium,A Taylor,0.0,0.0,9.0,14.0,3.0,4.0,4.0,5.0,9.0,8.0,0.0,1.0,0.0,0.0,2.4,3.75,2.9,D
2018-2019,38,2019-05-12,15:00,Sun,Crystal Palace,Bournemouth,5.0,3.0,25433.0,Selhurst Park,R East,3.0,1.0,17.0,16.0,8.0,8.0,4.0,4.0,11.0,8.0,3.0,0.0,0.0,0.0,1.9,4.2,3.8,H
2018-2019,38,2019-05-12,15:00,Sun,Burnley,Arsenal,1.0,3.0,21461.0,Turf Moor,M Dean,0.0,0.0,14.0,17.0,5.0,6.0,4.0,5.0,11.0,3.0,5.0,1.0,0.0,0.0,3.25,3.8,2.2,A
2018-2019,38,2019-05-12,15:00,Sun,Tottenham,Everton,2.0,2.0,60124.0,Tottenham Hotspur Stadium,A Marriner,1.0,0.0,11.0,17.0,3.0,9.0,7.0,4.0,10.0,13.0,0.0,2.0,0.0,0.0,2.2,3.5,3.5,D
2018-2019,38,2019-05-12,15:00,Sun,Liverpool,Wolves,2.0,0.0,53331.0,Anfield,M Atkinson,1.0,0.0,13.0,7.0,5.0,2.0,4.0,1.0,3.0,11.0,0.0,2.0,0.0,0.0,1.3,6.0,11.0,H
2018-2019,38,2019-05-12,15:00,Sun,Manchester United,Cardiff City,0.0,2.0,74457.0,Old Trafford,J Moss,0.0,1.0,26.0,13.0,10.0,4.0,11.0,2.0,9.0,6.0,3.0,3.0,0.0,0.0,1.28,6.5,11.0,A
2018-2019,38,2019-05-12,15:00,Sun,Fulham,Newcastle United,0.0,4.0,24979.0,Craven Cottage,K Friend,0.0,2.0,16.0,13.0,2.0,6.0,5.0,5.0,6.0,8.0,1.0,0.0,0.0,0.0,2.5,3.6,2.9,A
2018-2019,38,2019-05-12,15:00,Sun,Watford,West Ham,1.0,4.0,20067.0,Vicarage Road Stadium,C Kavanagh,0.0,2.0,17.0,16.0,8.0,9.0,7.0,2.0,10.0,10.0,1.0,0.0,1.0,0.0,2.25,3.75,3.2,A
2019-2020,1,2019-08-09,20:00,Fri,Liverpool,Norwich City,4.0,1.0,53333.0,Anfield,M Oliver,4.0,0.0,15.0,12.0,7.0,5.0,11.0,2.0,9.0,9.0,0.0,2.0,0.0,0.0,1.14,10.0,19.0,H
2019-2020,1,2019-08-10,12:30,Sat,West Ham,Manchester City,0.0,5.0,59870.0,London Stadium,M Dean,0.0,1.0,5.0,14.0,3.0,9.0,1.0,1.0,6.0,13.0,2.0,2.0,0.0,0.0,12.0,6.5,1.22,A
2019-2020,1,2019-08-10,15:00,Sat,Burnley,Southampton,3.0,0.0,19784.0,Turf Moor,G Scott,0.0,0.0,10.0,11.0,4.0,3.0,2.0,7.0,6.0,12.0,0.0,0.0,0.0,0.0,2.62,3.2,2.75,H
2019-2020,1,2019-08-10,15:00,Sat,Watford,Brighton,0.0,3.0,20245.0,Vicarage Road Stadium,C Pawson,0.0,1.0,11.0,5.0,3.0,3.0,5.0,2.0,15.0,11.0,0.0,1.0,0.0,0.0,1.9,3.4,4.0,A
2019-2020,1,2019-08-10,15:00,Sat,Crystal Palace,Everton,0.0,0.0,25151.0,Selhurst Park,J Moss,0.0,0.0,6.0,10.0,2.0,3.0,6.0,2.0,16.0,14.0,2.0,1.0,0.0,1.0,3.0,3.25,2.37,D
2019-2020,1,2019-08-10,15:00,Sat,Bournemouth,Sheffield United,1.0,1.0,10714.0,Vitality Stadium,K Friend,0.0,0.0,13.0,8.0,3.0,3.0,3.0,4.0,10.0,19.0,2.0,1.0,0.0,0.0,1.95,3.6,3.6,D
2019-2020,1,2019-08-10,17:30,Sat,Tottenham,Aston Villa,3.0,1.0,60407.0,Tottenham Hotspur Stadium,C Kavanagh,0.0,1.0,31.0,7.0,7.0,4.0,14.0,0.0,13.0,9.0,1.0,0.0,0.0,0.0,1.3,5.25,10.0,H
2019-2020,1,2019-08-11,14:00,Sun,Newcastle United,Arsenal,0.0,1.0,47635.0,St. James' Park,M Atkinson,0.0,0.0,9.0,8.0,2.0,2.0,5.0,3.0,12.0,7.0,1.0,3.0,0.0,0.0,4.5,3.75,1.72,A
2019-2020,1,2019-08-11,14:00,Sun,Leicester City,Wolves,0.0,0.0,32015.0,King Power Stadium,A Marriner,0.0,0.0,15.0,8.0,1.0,2.0,12.0,3.0,3.0,13.0,0.0,2.0,0.0,0.0,2.2,3.2,3.4,D
2019-2020,1,2019-08-11,16:30,Sun,Manchester United,Chelsea,4.0,0.0,73620.0,Old Trafford,A Taylor,1.0,0.0,11.0,18.0,5.0,7.0,3.0,5.0,15.0,13.0,3.0,4.0,0.0,0.0,2.1,3.3,3.5,H
2019-2020,2,2019-08-17,12:30,Sat,Arsenal,Burnley,2.0,1.0,60214.0,Emirates Stadium,M Dean,1.0,1.0,16.0,18.0,9.0,5.0,10.0,7.0,13.0,11.0,2.0,1.0,0.0,0.0,1.3,5.5,10.0,H
2019-2020,2,2019-08-17,15:00,Sat,Norwich City,Newcastle United,3.0,1.0,27059.0,Carrow Road,S Attwell,1.0,0.0,15.0,10.0,8.0,3.0,7.0,5.0,9.0,11.0,1.0,3.0,0.0,0.0,2.25,3.3,3.3,H
2019-2020,2,2019-08-17,15:00,Sat,Aston Villa,Bournemouth,1.0,2.0,40996.0,Villa Park,M Atkinson,0.0,2.0,22.0,12.0,7.0,4.0,10.0,5.0,10.0,13.0,0.0,2.0,0.0,0.0,2.3,3.4,3.1,A
2019-2020,2,2019-08-17,15:00,Sat,Brighton,West Ham,1.0,1.0,30459.0,The American Express Community Stadium,A Taylor,0.0,0.0,16.0,8.0,4.0,3.0,8.0,6.0,11.0,10.0,0.0,2.0,0.0,0.0,2.55,3.25,2.87,D
2019-2020,2,2019-08-17,15:00,Sat,Southampton,Liverpool,1.0,2.0,31712.0,St. Mary's Stadium,A Marriner,0.0,1.0,14.0,15.0,3.0,6.0,5.0,9.0,10.0,6.0,2.0,1.0,0.0,0.0,6.5,4.75,1.44,A
2019-2020,2,2019-08-17,15:00,Sat,Everton,Watford,1.0,0.0,39066.0,Goodison Park,L Mason,1.0,0.0,12.0,8.0,2.0,2.0,4.0,7.0,11.0,11.0,2.0,3.0,0.0,0.0,1.72,3.8,4.75,H
2019-2020,2,2019-08-17,17:30,Sat,Manchester City,Tottenham,2.0,2.0,54503.0,Etihad Stadium,M Oliver,2.0,1.0,30.0,3.0,10.0,2.0,13.0,2.0,14.0,4.0,1.0,0.0,0.0,0.0,1.36,5.25,8.0,D
2019-2020,2,2019-08-18,14:00,Sun,Sheffield United,Crystal Palace,1.0,0.0,30197.0,Bramall Lane,D Coote,0.0,0.0,15.0,6.0,3.0,4.0,8.0,4.0,16.0,11.0,3.0,1.0,0.0,0.0,2.55,3.1,2.9,H
2019-2020,2,2019-08-18,16:30,Sun,Chelsea,Leicester City,1.0,1.0,40629.0,Stamford Bridge,O Langford,1.0,0.0,14.0,12.0,5.0,3.0,4.0,5.0,9.0,14.0,1.0,0.0,0.0,0.0,1.7,3.75,5.0,D
2019-2020,2,2019-08-19,20:00,Mon,Wolves,Manchester United,1.0,1.0,31314.0,Molineux Stadium,J Moss,0.0,1.0,6.0,9.0,2.0,2.0,4.0,6.0,17.0,8.0,2.0,2.0,0.0,0.0,3.3,3.3,2.25,D
2019-2020,3,2019-08-23,20:00,Fri,Aston Villa,Everton,2.0,0.0,41922.0,Villa Park,M Oliver,1.0,0.0,7.0,12.0,3.0,1.0,0.0,6.0,10.0,18.0,2.0,3.0,0.0,0.0,3.25,3.5,2.15,H
2019-2020,3,2019-08-24,12:30,Sat,Norwich City,Chelsea,2.0,3.0,27032.0,Carrow Road,M Atkinson,2.0,2.0,6.0,23.0,5.0,8.0,1.0,8.0,9.0,9.0,1.0,1.0,0.0,0.0,4.33,3.75,1.8,A
2019-2020,3,2019-08-24,15:00,Sat,Sheffield United,Leicester City,1.0,2.0,30079.0,Bramall Lane,A Madley,0.0,1.0,8.0,10.0,3.0,2.0,7.0,4.0,11.0,6.0,1.0,0.0,0.0,0.0,3.3,3.3,2.25,A
2019-2020,3,2019-08-24,15:00,Sat,Manchester United,Crystal Palace,1.0,2.0,73454.0,Old Trafford,P Tierney,0.0,1.0,22.0,5.0,3.0,3.0,8.0,1.0,8.0,18.0,2.0,4.0,0.0,0.0,1.33,5.25,9.0,A
2019-2020,3,2019-08-24,15:00,Sat,Watford,West Ham,1.0,3.0,20035.0,Vicarage Road Stadium,C Kavanagh,1.0,1.0,23.0,16.0,3.0,10.0,8.0,7.0,12.0,11.0,1.0,1.0,0.0,0.0,2.05,3.5,3.5,A
2019-2020,3,2019-08-24,15:00,Sat,Brighton,Southampton,0.0,2.0,30019.0,The American Express Community Stadium,K Friend,0.0,0.0,12.0,12.0,3.0,4.0,8.0,5.0,9.0,10.0,1.0,3.0,1.0,0.0,2.4,3.3,3.0,A
2019-2020,3,2019-08-24,17:30,Sat,Liverpool,Arsenal,3.0,1.0,53298.0,Anfield,A Taylor,1.0,0.0,25.0,9.0,5.0,3.0,6.0,4.0,8.0,5.0,1.0,1.0,0.0,0.0,1.5,4.6,6.0,H
2019-2020,3,2019-08-25,14:00,Sun,Bournemouth,Manchester City,1.0,3.0,10486.0,Vitality Stadium,A Marriner,1.0,2.0,10.0,19.0,7.0,5.0,4.0,5.0,7.0,13.0,1.0,3.0,0.0,0.0,15.0,7.5,1.16,A
2019-2020,3,2019-08-25,16:30,Sun,Wolves,Burnley,1.0,1.0,30522.0,Molineux Stadium,C Pawson,0.0,1.0,17.0,13.0,2.0,4.0,4.0,3.0,9.0,11.0,0.0,2.0,0.0,0.0,1.85,3.4,4.5,D
2019-2020,3,2019-08-25,16:30,Sun,Tottenham,Newcastle United,0.0,1.0,59245.0,Tottenham Hotspur Stadium,M Dean,0.0,1.0,17.0,8.0,2.0,3.0,6.0,6.0,10.0,5.0,2.0,2.0,0.0,0.0,1.2,6.5,14.0,A
2019-2020,4,2019-08-31,12:30,Sat,Southampton,Manchester United,1.0,1.0,30499.0,St. Mary's Stadium,M Dean,0.0,1.0,10.0,21.0,2.0,8.0,2.0,3.0,17.0,7.0,1.0,2.0,1.0,0.0,3.8,3.3,2.05,D
2019-2020,4,2019-08-31,15:00,Sat,West Ham,Norwich City,2.0,0.0,59950.0,London Stadium,P Tierney,1.0,0.0,18.0,8.0,8.0,3.0,8.0,2.0,16.0,10.0,2.0,1.0,0.0,0.0,1.85,3.9,3.9,H
2019-2020,4,2019-08-31,15:00,Sat,Crystal Palace,Aston Villa,1.0,0.0,25248.0,Selhurst Park,K Friend,0.0,0.0,22.0,10.0,5.0,2.0,13.0,2.0,15.0,16.0,2.0,4.0,0.0,1.0,2.15,3.3,3.5,H
2019-2020,4,2019-08-31,15:00,Sat,Leicester City,Bournemouth,3.0,1.0,31613.0,King Power Stadium,P Bankes,2.0,1.0,13.0,8.0,5.0,2.0,4.0,5.0,9.0,11.0,1.0,3.0,0.0,0.0,1.7,4.0,4.75,H
2019-2020,4,2019-08-31,15:00,Sat,Chelsea,Sheffield United,2.0,2.0,40560.0,Stamford Bridge,S Attwell,2.0,0.0,13.0,8.0,5.0,2.0,3.0,4.0,6.0,11.0,0.0,1.0,0.0,0.0,1.36,4.75,9.0,D
2019-2020,4,2019-08-31,15:00,Sat,Newcastle United,Watford,1.0,1.0,44157.0,St. James' Park,G Scott,1.0,1.0,13.0,13.0,5.0,3.0,6.0,5.0,5.0,11.0,2.0,3.0,0.0,0.0,2.5,3.25,2.87,D
2019-2020,4,2019-08-31,15:00,Sat,Manchester City,Brighton,4.0,0.0,54386.0,Etihad Stadium,J Moss,2.0,0.0,15.0,6.0,6.0,2.0,8.0,1.0,10.0,6.0,1.0,1.0,0.0,0.0,1.08,10.0,26.0,H
2019-2020,4,2019-08-31,17:30,Sat,Burnley,Liverpool,0.0,3.0,21762.0,Turf Moor,C Kavanagh,0.0,2.0,7.0,15.0,2.0,7.0,6.0,4.0,10.0,16.0,0.0,0.0,0.0,0.0,9.5,5.5,1.3,A
2019-2020,4,2019-09-01,14:00,Sun,Everton,Wolves,3.0,2.0,39374.0,Goodison Park,A Taylor,2.0,1.0,15.0,8.0,6.0,5.0,7.0,7.0,12.0,12.0,1.0,4.0,0.0,1.0,2.2,3.25,3.5,H
2019-2020,4,2019-09-01,16:30,Sun,Arsenal,Tottenham,2.0,2.0,60333.0,Emirates Stadium,M Atkinson,1.0,2.0,26.0,13.0,8.0,9.0,11.0,6.0,13.0,19.0,3.0,5.0,0.0,0.0,2.37,3.6,2.8,D
2019-2020,5,2019-09-14,12:30,Sat,Liverpool,Newcastle United,3.0,1.0,51430.0,Anfield,A Marriner,2.0,1.0,21.0,8.0,9.0,1.0,10.0,1.0,5.0,4.0,0.0,0.0,0.0,0.0,1.14,8.5,17.0,H
2019-2020,5,2019-09-14,15:00,Sat,Wolves,Chelsea,2.0,5.0,31534.0,Molineux Stadium,G Scott,0.0,3.0,11.0,15.0,4.0,6.0,7.0,5.0,8.0,11.0,1.0,2.0,0.0,0.0,2.9,3.3,2.5,A
2019-2020,5,2019-09-14,15:00,Sat,Brighton,Burnley,1.0,1.0,29398.0,The American Express Community Stadium,M Oliver,0.0,0.0,14.0,7.0,5.0,1.0,3.0,6.0,13.0,7.0,0.0,2.0,0.0,0.0,2.15,3.3,3.5,D
2019-2020,5,2019-09-14,15:00,Sat,Tottenham,Crystal Palace,4.0,0.0,59812.0,Tottenham Hotspur Stadium,C Pawson,4.0,0.0,13.0,11.0,5.0,6.0,4.0,3.0,19.0,11.0,4.0,2.0,0.0,0.0,1.36,5.25,8.0,H
2019-2020,5,2019-09-14,15:00,Sat,Manchester United,Leicester City,1.0,0.0,73689.0,Old Trafford,M Atkinson,1.0,0.0,10.0,9.0,5.0,3.0,3.0,9.0,14.0,14.0,1.0,2.0,0.0,0.0,1.95,3.5,4.0,H
2019-2020,5,2019-09-14,15:00,Sat,Sheffield United,Southampton,0.0,1.0,30985.0,Bramall Lane,L Mason,0.0,0.0,17.0,11.0,4.0,7.0,12.0,6.0,10.0,7.0,1.0,1.0,1.0,0.0,2.45,3.2,3.0,A
2019-2020,5,2019-09-14,17:30,Sat,Norwich City,Manchester City,3.0,2.0,27035.0,Carrow Road,K Friend,2.0,1.0,7.0,25.0,3.0,8.0,3.0,16.0,8.0,7.0,3.0,1.0,0.0,0.0,15.0,9.0,1.14,H
2019-2020,5,2019-09-15,14:00,Sun,Bournemouth,Everton,3.0,1.0,10416.0,Vitality Stadium,P Tierney,1.0,1.0,13.0,14.0,6.0,5.0,7.0,7.0,5.0,14.0,0.0,4.0,0.0,0.0,2.9,3.5,2.4,H
2019-2020,5,2019-09-15,16:30,Sun,Watford,Arsenal,2.0,2.0,21360.0,Vicarage Road Stadium,A Taylor,0.0,2.0,31.0,10.0,7.0,4.0,7.0,1.0,14.0,4.0,3.0,3.0,0.0,0.0,3.6,3.6,2.0,D
2019-2020,5,2019-09-16,20:00,Mon,Aston Villa,West Ham,0.0,0.0,42010.0,Villa Park,M Dean,0.0,0.0,10.0,13.0,5.0,1.0,2.0,4.0,13.0,12.0,2.0,1.0,0.0,1.0,2.62,3.5,2.6,D
2019-2020,6,2019-09-20,20:00,Fri,Southampton,Bournemouth,1.0,3.0,30168.0,St. Mary's Stadium,C Kavanagh,0.0,2.0,25.0,6.0,6.0,3.0,4.0,5.0,8.0,9.0,1.0,3.0,0.0,0.0,2.05,3.6,3.5,A
2019-2020,6,2019-09-21,12:30,Sat,Leicester City,Tottenham,2.0,1.0,32129.0,King Power Stadium,P Tierney,0.0,1.0,16.0,11.0,7.0,4.0,8.0,2.0,16.0,13.0,1.0,2.0,0.0,0.0,2.87,3.5,2.37,H
2019-2020,6,2019-09-21,15:00,Sat,Manchester City,Watford,8.0,0.0,54273.0,Etihad Stadium,M Dean,5.0,0.0,28.0,5.0,11.0,4.0,5.0,4.0,5.0,9.0,2.0,2.0,0.0,0.0,1.1,11.0,21.0,H
2019-2020,6,2019-09-21,15:00,Sat,Everton,Sheffield United,0.0,2.0,39354.0,Goodison Park,S Hooper,0.0,1.0,16.0,2.0,3.0,1.0,12.0,3.0,9.0,9.0,1.0,3.0,0.0,0.0,1.61,3.75,6.0,A
2019-2020,6,2019-09-21,15:00,Sat,Burnley,Norwich City,2.0,0.0,19712.0,Turf Moor,D Coote,2.0,0.0,13.0,11.0,6.0,2.0,7.0,3.0,11.0,10.0,0.0,1.0,0.0,0.0,2.0,3.8,3.5,H
2019-2020,6,2019-09-21,17:30,Sat,Newcastle United,Brighton,0.0,0.0,43316.0,St. James' Park,M Atkinson,0.0,0.0,11.0,16.0,4.0,3.0,5.0,3.0,12.0,8.0,2.0,1.0,0.0,0.0,2.5,3.2,3.0,D
2019-2020,6,2019-09-22,14:00,Sun,Crystal Palace,Wolves,1.0,1.0,25122.0,Selhurst Park,S Attwell,0.0,0.0,13.0,14.0,4.0,4.0,6.0,7.0,7.0,10.0,2.0,1.0,0.0,1.0,2.62,3.1,2.87,D
2019-2020,6,2019-09-22,14:00,Sun,West Ham,Manchester United,2.0,0.0,59936.0,London Stadium,A Taylor,1.0,0.0,8.0,9.0,6.0,3.0,3.0,7.0,8.0,9.0,2.0,2.0,0.0,0.0,3.1,3.6,2.2,H
2019-2020,6,2019-09-22,16:30,Sun,Chelsea,Liverpool,1.0,2.0,40638.0,Stamford Bridge,M Oliver,0.0,2.0,13.0,6.0,2.0,3.0,6.0,4.0,8.0,13.0,3.0,3.0,0.0,0.0,3.5,3.75,2.0,A
2019-2020,6,2019-09-22,16:30,Sun,Arsenal,Aston Villa,3.0,2.0,60331.0,Emirates Stadium,J Moss,0.0,1.0,21.0,14.0,6.0,9.0,9.0,4.0,13.0,15.0,5.0,1.0,1.0,0.0,1.4,4.75,8.0,H
2019-2020,7,2019-09-28,12:30,Sat,Sheffield United,Liverpool,0.0,1.0,31774.0,Bramall Lane,A Taylor,0.0,0.0,12.0,16.0,2.0,4.0,6.0,5.0,8.0,4.0,1.0,1.0,0.0,0.0,9.0,5.25,1.33,A
2019-2020,7,2019-09-28,15:00,Sat,Chelsea,Brighton,2.0,0.0,40683.0,Stamford Bridge,C Kavanagh,0.0,0.0,24.0,8.0,10.0,1.0,5.0,2.0,5.0,13.0,2.0,3.0,0.0,0.0,1.4,4.75,8.0,H
2019-2020,7,2019-09-28,15:00,Sat,Tottenham,Southampton,2.0,1.0,59645.0,Tottenham Hotspur Stadium,G Scott,2.0,1.0,9.0,14.0,4.0,6.0,6.0,6.0,5.0,16.0,0.0,2.0,1.0,0.0,1.4,4.75,8.0,H
2019-2020,7,2019-09-28,15:00,Sat,Aston Villa,Burnley,2.0,2.0,41546.0,Villa Park,L Mason,1.0,0.0,16.0,10.0,3.0,3.0,7.0,3.0,10.0,16.0,1.0,4.0,0.0,0.0,2.3,3.4,3.1,D
2019-2020,7,2019-09-28,15:00,Sat,Crystal Palace,Norwich City,2.0,0.0,25477.0,Selhurst Park,J Moss,1.0,0.0,15.0,10.0,3.0,3.0,5.0,5.0,14.0,10.0,3.0,1.0,0.0,0.0,1.9,3.75,3.75,H
2019-2020,7,2019-09-28,15:00,Sat,Wolves,Watford,2.0,0.0,30711.0,Molineux Stadium,P Tierney,1.0,0.0,6.0,14.0,2.0,5.0,1.0,6.0,5.0,6.0,0.0,1.0,0.0,0.0,1.85,3.4,4.5,H
2019-2020,7,2019-09-28,15:00,Sat,Bournemouth,West Ham,2.0,2.0,10729.0,Vitality Stadium,S Attwell,1.0,1.0,13.0,17.0,5.0,6.0,6.0,6.0,7.0,8.0,3.0,1.0,0.0,0.0,2.5,3.5,2.75,D
2019-2020,7,2019-09-28,17:30,Sat,Everton,Manchester City,1.0,3.0,39222.0,Goodison Park,M Oliver,1.0,1.0,12.0,20.0,8.0,9.0,5.0,2.0,4.0,8.0,2.0,2.0,0.0,0.0,10.0,5.5,1.3,A
2019-2020,7,2019-09-29,16:30,Sun,Leicester City,Newcastle United,5.0,0.0,32168.0,King Power Stadium,C Pawson,1.0,0.0,13.0,3.0,5.0,0.0,9.0,0.0,12.0,9.0,1.0,1.0,0.0,1.0,1.5,4.0,7.5,H
2019-2020,7,2019-09-30,20:00,Mon,Manchester United,Arsenal,1.0,1.0,73201.0,Old Trafford,K Friend,1.0,0.0,16.0,10.0,4.0,5.0,8.0,7.0,18.0,13.0,4.0,2.0,0.0,0.0,2.37,3.5,2.9,D
2019-2020,8,2019-10-05,12:30,Sat,Brighton,Tottenham,3.0,0.0,30610.0,The American Express Community Stadium,J Moss,2.0,0.0,17.0,8.0,6.0,3.0,4.0,4.0,11.0,7.0,2.0,1.0,0.0,0.0,3.9,3.6,1.9,H
2019-2020,8,2019-10-05,15:00,Sat,Watford,Sheffield United,0.0,0.0,20811.0,Vicarage Road Stadium,A Marriner,0.0,0.0,8.0,9.0,2.0,3.0,7.0,7.0,7.0,6.0,0.0,2.0,0.0,0.0,2.05,3.4,3.6,D
2019-2020,8,2019-10-05,15:00,Sat,Burnley,Everton,1.0,0.0,20650.0,Turf Moor,G Scott,0.0,0.0,9.0,11.0,3.0,2.0,7.0,9.0,5.0,12.0,2.0,1.0,0.0,1.0,2.87,3.3,2.5,H
2019-2020,8,2019-10-05,15:00,Sat,Liverpool,Leicester City,2.0,1.0,53322.0,Anfield,C Kavanagh,1.0,0.0,18.0,2.0,8.0,1.0,4.0,6.0,9.0,17.0,1.0,4.0,0.0,0.0,1.44,4.75,7.0,H
2019-2020,8,2019-10-05,15:00,Sat,Norwich City,Aston Villa,1.0,5.0,27045.0,Carrow Road,A Madley,0.0,2.0,21.0,22.0,5.0,12.0,10.0,6.0,14.0,17.0,1.0,3.0,0.0,0.0,2.37,3.6,2.8,A
2019-2020,8,2019-10-05,17:30,Sat,West Ham,Crystal Palace,1.0,2.0,59912.0,London Stadium,M Oliver,0.0,0.0,9.0,7.0,4.0,4.0,2.0,2.0,11.0,7.0,3.0,2.0,0.0,0.0,1.95,3.6,3.8,A
2019-2020,8,2019-10-06,14:00,Sun,Manchester City,Wolves,0.0,2.0,54435.0,Etihad Stadium,C Pawson,0.0,0.0,18.0,7.0,2.0,2.0,9.0,1.0,11.0,14.0,5.0,2.0,0.0,0.0,1.12,9.0,21.0,A
2019-2020,8,2019-10-06,14:00,Sun,Southampton,Chelsea,1.0,4.0,31473.0,St. Mary's Stadium,P Tierney,1.0,3.0,10.0,13.0,3.0,7.0,3.0,4.0,8.0,15.0,0.0,1.0,0.0,0.0,4.0,3.8,1.85,A
2019-2020,8,2019-10-06,14:00,Sun,Arsenal,Bournemouth,1.0,0.0,60326.0,Emirates Stadium,M Atkinson,1.0,0.0,12.0,10.0,2.0,2.0,14.0,5.0,12.0,6.0,1.0,2.0,0.0,0.0,1.44,4.75,7.0,H
2019-2020,8,2019-10-06,16:30,Sun,Newcastle United,Manchester United,1.0,0.0,51198.0,St. James' Park,M Dean,0.0,0.0,12.0,12.0,2.0,3.0,4.0,6.0,12.0,10.0,3.0,3.0,0.0,0.0,4.5,3.5,1.85,H
2019-2020,9,2019-10-19,12:30,Sat,Everton,West Ham,2.0,0.0,39263.0,Goodison Park,P Tierney,1.0,0.0,19.0,8.0,10.0,4.0,11.0,2.0,15.0,15.0,2.0,2.0,0.0,0.0,1.95,3.75,3.75,H
2019-2020,9,2019-10-19,15:00,Sat,Aston Villa,Brighton,2.0,1.0,41826.0,Villa Park,D Coote,1.0,1.0,24.0,20.0,8.0,5.0,7.0,5.0,9.0,17.0,1.0,2.0,0.0,1.0,2.35,3.4,3.0,H
2019-2020,9,2019-10-19,15:00,Sat,Leicester City,Burnley,2.0,1.0,32105.0,King Power Stadium,J Moss,1.0,1.0,19.0,13.0,3.0,4.0,9.0,4.0,4.0,10.0,0.0,3.0,0.0,0.0,1.57,4.0,6.0,H
2019-2020,9,2019-10-19,15:00,Sat,Tottenham,Watford,1.0,1.0,58754.0,Tottenham Hotspur Stadium,C Kavanagh,0.0,1.0,12.0,7.0,2.0,2.0,11.0,2.0,5.0,9.0,4.0,3.0,0.0,0.0,1.4,5.0,7.5,D
2019-2020,9,2019-10-19,15:00,Sat,Wolves,Southampton,1.0,1.0,30915.0,Molineux Stadium,P Bankes,0.0,0.0,4.0,14.0,1.0,5.0,1.0,3.0,10.0,17.0,3.0,2.0,0.0,0.0,1.8,3.6,4.5,D
2019-2020,9,2019-10-19,15:00,Sat,Chelsea,Newcastle United,1.0,0.0,40513.0,Stamford Bridge,A Marriner,0.0,0.0,16.0,5.0,8.0,0.0,11.0,0.0,9.0,12.0,2.0,1.0,0.0,0.0,1.3,5.5,10.0,H
2019-2020,9,2019-10-19,15:00,Sat,Bournemouth,Norwich City,0.0,0.0,10669.0,Vitality Stadium,L Mason,0.0,0.0,11.0,10.0,2.0,1.0,6.0,7.0,8.0,11.0,1.0,3.0,0.0,0.0,1.72,4.2,4.2,D
2019-2020,9,2019-10-19,17:30,Sat,Crystal Palace,Manchester City,0.0,2.0,25480.0,Selhurst Park,A Taylor,0.0,2.0,7.0,21.0,2.0,10.0,1.0,8.0,8.0,10.0,1.0,1.0,0.0,0.0,12.0,7.0,1.22,A
2019-2020,9,2019-10-20,16:30,Sun,Manchester United,Liverpool,1.0,1.0,73737.0,Old Trafford,M Atkinson,1.0,0.0,7.0,10.0,2.0,4.0,3.0,1.0,6.0,14.0,0.0,1.0,0.0,0.0,5.25,3.8,1.65,D
2019-2020,9,2019-10-21,20:00,Mon,Sheffield United,Arsenal,1.0,0.0,30775.0,Bramall Lane,M Dean,1.0,0.0,8.0,9.0,2.0,3.0,7.0,12.0,10.0,12.0,4.0,4.0,0.0,0.0,3.9,3.75,1.9,H
2019-2020,10,2019-10-25,20:00,Fri,Southampton,Leicester City,0.0,9.0,28762.0,St. Mary's Stadium,A Marriner,0.0,5.0,6.0,25.0,3.0,15.0,2.0,7.0,3.0,12.0,0.0,0.0,1.0,0.0,3.1,3.4,2.3,A
2019-2020,10,2019-10-26,12:30,Sat,Manchester City,Aston Villa,3.0,0.0,54506.0,Etihad Stadium,G Scott,0.0,0.0,25.0,11.0,9.0,5.0,13.0,7.0,10.0,5.0,1.0,1.0,1.0,0.0,1.08,11.0,26.0,H
2019-2020,10,2019-10-26,15:00,Sat,Watford,Bournemouth,0.0,0.0,20821.0,Vicarage Road Stadium,M Dean,0.0,0.0,7.0,15.0,3.0,5.0,5.0,10.0,14.0,8.0,5.0,3.0,0.0,0.0,2.15,3.6,3.25,D
2019-2020,10,2019-10-26,15:00,Sat,West Ham,Sheffield United,1.0,1.0,59878.0,London Stadium,D Coote,1.0,0.0,12.0,10.0,4.0,4.0,10.0,4.0,7.0,10.0,2.0,2.0,0.0,0.0,2.1,3.5,3.5,D
2019-2020,10,2019-10-26,15:00,Sat,Brighton,Everton,3.0,2.0,30529.0,The American Express Community Stadium,A Madley,1.0,1.0,8.0,10.0,4.0,6.0,0.0,5.0,12.0,12.0,2.0,1.0,0.0,0.0,2.9,3.25,2.5,H
2019-2020,10,2019-10-26,17:30,Sat,Burnley,Chelsea,2.0,4.0,20975.0,Turf Moor,M Oliver,0.0,2.0,13.0,16.0,5.0,7.0,5.0,6.0,7.0,8.0,3.0,2.0,0.0,0.0,4.5,4.0,1.72,A
2019-2020,10,2019-10-27,14:00,Sun,Newcastle United,Wolves,1.0,1.0,46019.0,St. James' Park,K Friend,1.0,0.0,13.0,13.0,2.0,5.0,3.0,6.0,8.0,15.0,2.0,2.0,1.0,0.0,3.0,3.1,2.55,D
2019-2020,10,2019-10-27,16:30,Sun,Arsenal,Crystal Palace,2.0,2.0,60345.0,Emirates Stadium,M Atkinson,2.0,1.0,15.0,10.0,6.0,4.0,12.0,5.0,18.0,9.0,2.0,0.0,0.0,0.0,1.45,4.75,6.5,D
2019-2020,10,2019-10-27,16:30,Sun,Liverpool,Tottenham,2.0,1.0,53222.0,Anfield,A Taylor,0.0,1.0,21.0,11.0,13.0,4.0,8.0,3.0,9.0,11.0,3.0,3.0,0.0,0.0,1.5,4.33,6.5,H
2019-2020,10,2019-10-27,16:30,Sun,Norwich City,Manchester United,1.0,3.0,27108.0,Carrow Road,S Attwell,0.0,2.0,10.0,21.0,3.0,11.0,1.0,10.0,13.0,10.0,2.0,2.0,0.0,0.0,4.33,4.0,1.75,A
2019-2020,11,2019-11-02,12:30,Sat,Bournemouth,Manchester United,1.0,0.0,10669.0,Vitality Stadium,C Kavanagh,1.0,0.0,12.0,15.0,6.0,4.0,4.0,10.0,14.0,12.0,4.0,3.0,0.0,0.0,3.25,3.6,2.15,H
2019-2020,11,2019-11-02,15:00,Sat,Sheffield United,Burnley,3.0,0.0,31131.0,Bramall Lane,S Hooper,3.0,0.0,13.0,6.0,6.0,0.0,7.0,6.0,8.0,12.0,1.0,2.0,0.0,0.0,2.25,3.2,3.4,H
2019-2020,11,2019-11-02,15:00,Sat,Brighton,Norwich City,2.0,0.0,30539.0,The American Express Community Stadium,K Friend,0.0,0.0,21.0,7.0,5.0,0.0,8.0,3.0,11.0,8.0,0.0,1.0,0.0,0.0,1.72,4.2,4.33,H
2019-2020,11,2019-11-02,15:00,Sat,Aston Villa,Liverpool,1.0,2.0,41878.0,Villa Park,J Moss,1.0,0.0,5.0,25.0,2.0,6.0,2.0,10.0,12.0,9.0,1.0,2.0,0.0,0.0,9.0,5.0,1.33,A
2019-2020,11,2019-11-02,15:00,Sat,Arsenal,Wolves,1.0,1.0,60383.0,Emirates Stadium,M Oliver,1.0,0.0,10.0,25.0,4.0,8.0,8.0,9.0,6.0,15.0,0.0,2.0,0.0,0.0,1.75,3.75,4.75,D
2019-2020,11,2019-11-02,15:00,Sat,West Ham,Newcastle United,2.0,3.0,59907.0,London Stadium,S Attwell,0.0,2.0,16.0,12.0,6.0,9.0,7.0,3.0,10.0,7.0,2.0,1.0,0.0,0.0,1.75,3.8,4.5,A
2019-2020,11,2019-11-02,15:00,Sat,Manchester City,Southampton,2.0,1.0,53922.0,Etihad Stadium,L Mason,0.0,1.0,26.0,3.0,4.0,3.0,17.0,0.0,11.0,10.0,3.0,1.0,0.0,0.0,1.07,13.0,23.0,H
2019-2020,11,2019-11-02,17:30,Sat,Watford,Chelsea,1.0,2.0,21011.0,Vicarage Road Stadium,A Taylor,0.0,1.0,12.0,16.0,3.0,10.0,1.0,6.0,8.0,5.0,4.0,2.0,0.0,0.0,5.0,4.33,1.61,A
2019-2020,11,2019-11-03,14:00,Sun,Crystal Palace,Leicester City,0.0,2.0,25480.0,Selhurst Park,P Tierney,0.0,0.0,12.0,14.0,3.0,5.0,5.0,6.0,15.0,16.0,2.0,2.0,0.0,0.0,3.5,3.4,2.1,A
2019-2020,11,2019-11-03,16:30,Sun,Everton,Tottenham,1.0,1.0,39001.0,Goodison Park,M Atkinson,0.0,0.0,7.0,4.0,3.0,2.0,5.0,2.0,9.0,8.0,1.0,2.0,0.0,1.0,2.7,3.4,2.6,D
2019-2020,12,2019-11-08,20:00,Fri,Norwich City,Watford,0.0,2.0,27074.0,Carrow Road,A Marriner,0.0,1.0,17.0,12.0,5.0,2.0,10.0,4.0,7.0,13.0,1.0,2.0,0.0,1.0,2.7,3.5,2.55,A
2019-2020,12,2019-11-09,12:30,Sat,Chelsea,Crystal Palace,2.0,0.0,40525.0,Stamford Bridge,M Dean,0.0,0.0,23.0,3.0,5.0,1.0,7.0,0.0,9.0,17.0,3.0,2.0,0.0,0.0,1.33,5.0,10.0,H
2019-2020,12,2019-11-09,15:00,Sat,Southampton,Everton,1.0,2.0,29754.0,St. Mary's Stadium,P Tierney,0.0,1.0,4.0,24.0,3.0,5.0,5.0,9.0,12.0,12.0,1.0,1.0,0.0,0.0,2.9,3.3,2.45,A
2019-2020,12,2019-11-09,15:00,Sat,Burnley,West Ham,3.0,0.0,20255.0,Turf Moor,K Friend,2.0,0.0,14.0,7.0,12.0,4.0,11.0,4.0,17.0,10.0,2.0,1.0,0.0,0.0,2.25,3.5,3.1,H
2019-2020,12,2019-11-09,15:00,Sat,Newcastle United,Bournemouth,2.0,1.0,44424.0,St. James' Park,M Atkinson,1.0,1.0,20.0,16.0,9.0,3.0,5.0,4.0,10.0,5.0,2.0,0.0,0.0,0.0,2.55,3.25,2.8,H
2019-2020,12,2019-11-09,15:00,Sat,Tottenham,Sheffield United,1.0,1.0,59781.0,Tottenham Hotspur Stadium,G Scott,0.0,0.0,17.0,14.0,5.0,4.0,4.0,4.0,6.0,9.0,2.0,2.0,0.0,0.0,1.57,4.0,6.0,D
2019-2020,12,2019-11-09,17:30,Sat,Leicester City,Arsenal,2.0,0.0,32209.0,King Power Stadium,C Kavanagh,0.0,0.0,19.0,8.0,7.0,1.0,5.0,4.0,10.0,10.0,1.0,1.0,0.0,0.0,2.0,3.75,3.5,H
2019-2020,12,2019-11-10,14:00,Sun,Manchester United,Brighton,3.0,1.0,73556.0,Old Trafford,J Moss,2.0,0.0,21.0,6.0,11.0,2.0,5.0,2.0,10.0,14.0,2.0,5.0,0.0,0.0,1.6,3.75,6.5,H
2019-2020,12,2019-11-10,14:00,Sun,Wolves,Aston Villa,2.0,1.0,31607.0,Molineux Stadium,A Taylor,1.0,0.0,17.0,13.0,5.0,4.0,6.0,3.0,17.0,8.0,4.0,3.0,0.0,0.0,1.9,3.5,4.2,H
2019-2020,12,2019-11-10,16:30,Sun,Liverpool,Manchester City,3.0,1.0,53324.0,Anfield,M Oliver,2.0,0.0,12.0,18.0,5.0,3.0,4.0,13.0,10.0,5.0,0.0,2.0,0.0,0.0,2.5,3.6,2.62,H
2019-2020,13,2019-11-23,12:30,Sat,West Ham,Tottenham,2.0,3.0,59930.0,London Stadium,M Oliver,0.0,2.0,11.0,15.0,4.0,6.0,3.0,7.0,12.0,14.0,3.0,2.0,0.0,0.0,4.2,4.33,1.7,A
2019-2020,13,2019-11-23,15:00,Sat,Crystal Palace,Liverpool,1.0,2.0,25486.0,Selhurst Park,K Friend,0.0,0.0,16.0,12.0,6.0,4.0,9.0,8.0,8.0,7.0,0.0,1.0,0.0,0.0,7.5,4.75,1.4,A
2019-2020,13,2019-11-23,15:00,Sat,Arsenal,Southampton,2.0,2.0,60295.0,Emirates Stadium,S Attwell,1.0,1.0,12.0,21.0,5.0,6.0,6.0,8.0,13.0,19.0,6.0,2.0,0.0,0.0,1.45,4.75,6.5,D
2019-2020,13,2019-11-23,15:00,Sat,Bournemouth,Wolves,1.0,2.0,10539.0,Vitality Stadium,S Hooper,0.0,2.0,9.0,17.0,2.0,7.0,5.0,9.0,10.0,12.0,2.0,1.0,1.0,0.0,2.75,3.3,2.6,A
2019-2020,13,2019-11-23,15:00,Sat,Everton,Norwich City,0.0,2.0,39241.0,Goodison Park,A Taylor,0.0,0.0,18.0,13.0,7.0,5.0,7.0,7.0,12.0,11.0,3.0,5.0,0.0,0.0,1.36,5.1,8.0,A
2019-2020,13,2019-11-23,15:00,Sat,Brighton,Leicester City,0.0,2.0,30640.0,The American Express Community Stadium,M Dean,0.0,0.0,7.0,19.0,0.0,9.0,6.0,7.0,9.0,1.0,2.0,0.0,0.0,0.0,3.75,3.5,2.0,A
2019-2020,13,2019-11-23,15:00,Sat,Watford,Burnley,0.0,3.0,19711.0,Vicarage Road Stadium,P Tierney,0.0,0.0,15.0,11.0,4.0,5.0,7.0,5.0,14.0,13.0,0.0,3.0,0.0,0.0,2.3,3.4,3.1,A
2019-2020,13,2019-11-23,17:30,Sat,Manchester City,Chelsea,2.0,1.0,54486.0,Etihad Stadium,M Atkinson,2.0,1.0,15.0,11.0,4.0,2.0,8.0,2.0,5.0,9.0,1.0,1.0,0.0,0.0,1.44,5.0,6.5,H
2019-2020,13,2019-11-24,16:30,Sun,Sheffield United,Manchester United,3.0,3.0,32024.0,Bramall Lane,A Marriner,1.0,0.0,12.0,11.0,8.0,5.0,6.0,3.0,13.0,10.0,1.0,2.0,0.0,0.0,3.5,3.4,2.1,D
2019-2020,13,2019-11-25,20:00,Mon,Aston Villa,Newcastle United,2.0,0.0,41821.0,Villa Park,L Mason,2.0,0.0,17.0,11.0,8.0,5.0,11.0,6.0,10.0,9.0,1.0,1.0,0.0,0.0,2.05,3.4,3.7,H
2019-2020,14,2019-11-30,12:30,Sat,Newcastle United,Manchester City,2.0,2.0,49937.0,St. James' Park,C Kavanagh,1.0,1.0,6.0,24.0,3.0,9.0,1.0,10.0,4.0,6.0,1.0,2.0,0.0,0.0,13.0,8.0,1.16,D
2019-2020,14,2019-11-30,15:00,Sat,Tottenham,Bournemouth,3.0,2.0,59626.0,Tottenham Hotspur Stadium,L Mason,1.0,0.0,15.0,20.0,5.0,6.0,4.0,8.0,10.0,12.0,0.0,2.0,0.0,0.0,1.36,5.5,7.5,H
2019-2020,14,2019-11-30,15:00,Sat,Liverpool,Brighton,2.0,1.0,53319.0,Anfield,M Atkinson,2.0,0.0,15.0,12.0,7.0,5.0,4.0,5.0,3.0,10.0,0.0,0.0,1.0,0.0,1.18,7.0,15.0,H
2019-2020,14,2019-11-30,15:00,Sat,Burnley,Crystal Palace,0.0,2.0,19818.0,Turf Moor,P Bankes,0.0,1.0,15.0,7.0,4.0,2.0,5.0,6.0,13.0,10.0,2.0,0.0,0.0,0.0,2.25,3.25,3.3,A
2019-2020,14,2019-11-30,15:00,Sat,Chelsea,West Ham,0.0,1.0,40595.0,Stamford Bridge,J Moss,0.0,0.0,19.0,5.0,6.0,4.0,9.0,3.0,0.0,16.0,0.0,3.0,0.0,0.0,1.28,6.0,9.0,A
2019-2020,14,2019-11-30,17:30,Sat,Southampton,Watford,2.0,1.0,26929.0,St. Mary's Stadium,M Oliver,0.0,1.0,11.0,6.0,6.0,3.0,6.0,7.0,6.0,10.0,1.0,0.0,0.0,0.0,2.1,3.4,3.5,H
2019-2020,14,2019-12-01,14:00,Sun,Norwich City,Arsenal,2.0,2.0,27067.0,Carrow Road,P Tierney,2.0,1.0,15.0,16.0,8.0,7.0,7.0,12.0,8.0,10.0,2.0,1.0,0.0,0.0,4.0,4.33,1.75,D
2019-2020,14,2019-12-01,14:00,Sun,Wolves,Sheffield United,1.0,1.0,31642.0,Molineux Stadium,D Coote,0.0,1.0,13.0,9.0,3.0,4.0,7.0,2.0,12.0,18.0,1.0,4.0,0.0,0.0,1.9,3.5,4.2,D
2019-2020,14,2019-12-01,16:30,Sun,Leicester City,Everton,2.0,1.0,32144.0,King Power Stadium,G Scott,0.0,1.0,16.0,11.0,6.0,3.0,4.0,4.0,7.0,9.0,0.0,1.0,0.0,0.0,1.61,4.0,5.25,H
2019-2020,14,2019-12-01,16:30,Sun,Manchester United,Aston Villa,2.0,2.0,73381.0,Old Trafford,C Pawson,1.0,1.0,16.0,9.0,6.0,3.0,9.0,9.0,16.0,8.0,4.0,1.0,0.0,0.0,1.45,4.5,7.0,D
2019-2020,15,2019-12-03,19:30,Tue,Crystal Palace,Bournemouth,1.0,0.0,23497.0,Selhurst Park,A Taylor,0.0,0.0,7.0,6.0,2.0,3.0,6.0,9.0,6.0,15.0,3.0,3.0,1.0,0.0,2.2,3.4,3.25,H
2019-2020,15,2019-12-03,20:15,Tue,Burnley,Manchester City,1.0,4.0,20101.0,Turf Moor,J Moss,0.0,1.0,4.0,17.0,2.0,8.0,3.0,6.0,9.0,6.0,1.0,1.0,0.0,0.0,11.0,7.0,1.22,A
2019-2020,15,2019-12-04,19:30,Wed,Wolves,West Ham,2.0,0.0,31217.0,Molineux Stadium,A Marriner,1.0,0.0,13.0,6.0,7.0,3.0,5.0,4.0,8.0,9.0,1.0,2.0,0.0,0.0,1.75,3.7,4.75,H
2019-2020,15,2019-12-04,19:30,Wed,Southampton,Norwich City,2.0,1.0,27019.0,St. Mary's Stadium,K Friend,2.0,0.0,14.0,10.0,5.0,3.0,6.0,1.0,12.0,7.0,1.0,1.0,0.0,0.0,1.72,4.0,4.2,H
2019-2020,15,2019-12-04,19:30,Wed,Chelsea,Aston Villa,2.0,1.0,40628.0,Stamford Bridge,C Kavanagh,1.0,1.0,25.0,9.0,9.0,3.0,9.0,5.0,18.0,10.0,2.0,1.0,0.0,0.0,1.28,5.75,10.0,H
2019-2020,15,2019-12-04,19:30,Wed,Manchester United,Tottenham,2.0,1.0,73252.0,Old Trafford,P Tierney,1.0,1.0,12.0,8.0,7.0,5.0,4.0,3.0,9.0,9.0,0.0,1.0,0.0,0.0,2.75,3.4,2.55,H
2019-2020,15,2019-12-04,19:30,Wed,Leicester City,Watford,2.0,0.0,31763.0,King Power Stadium,C Pawson,0.0,0.0,12.0,4.0,6.0,1.0,7.0,2.0,13.0,16.0,3.0,2.0,0.0,0.0,1.33,5.5,8.0,H
2019-2020,15,2019-12-04,20:15,Wed,Liverpool,Everton,5.0,2.0,53094.0,Anfield,M Dean,4.0,2.0,11.0,12.0,5.0,4.0,5.0,6.0,13.0,17.0,1.0,2.0,0.0,0.0,1.36,5.0,8.5,H
2019-2020,15,2019-12-05,19:30,Thu,Sheffield United,Newcastle United,0.0,2.0,30409.0,Bramall Lane,S Attwell,0.0,1.0,13.0,6.0,6.0,4.0,8.0,1.0,10.0,6.0,2.0,0.0,0.0,0.0,1.83,3.4,4.6,A
2019-2020,15,2019-12-05,20:15,Thu,Arsenal,Brighton,1.0,2.0,60164.0,Emirates Stadium,G Scott,0.0,1.0,12.0,20.0,5.0,9.0,9.0,9.0,10.0,11.0,3.0,1.0,0.0,0.0,1.57,4.33,5.5,A
2019-2020,16,2019-12-07,12:30,Sat,Everton,Chelsea,3.0,1.0,39114.0,Goodison Park,C Pawson,1.0,0.0,13.0,15.0,7.0,4.0,1.0,5.0,14.0,9.0,3.0,0.0,0.0,0.0,3.5,3.75,2.0,H
2019-2020,16,2019-12-07,15:00,Sat,Tottenham,Burnley,5.0,0.0,58401.0,Tottenham Hotspur Stadium,K Friend,3.0,0.0,13.0,7.0,7.0,1.0,1.0,1.0,12.0,8.0,1.0,1.0,0.0,0.0,1.4,4.75,8.0,H
2019-2020,16,2019-12-07,15:00,Sat,Watford,Crystal Palace,0.0,0.0,20070.0,Vicarage Road Stadium,M Atkinson,0.0,0.0,13.0,3.0,3.0,0.0,6.0,2.0,15.0,16.0,4.0,2.0,0.0,0.0,2.37,3.3,3.1,D
2019-2020,16,2019-12-07,15:00,Sat,Bournemouth,Liverpool,0.0,3.0,10832.0,Vitality Stadium,C Kavanagh,0.0,2.0,3.0,21.0,0.0,9.0,1.0,3.0,5.0,6.0,0.0,1.0,0.0,0.0,7.0,5.25,1.4,A
2019-2020,16,2019-12-07,17:30,Sat,Manchester City,Manchester United,1.0,2.0,54403.0,Etihad Stadium,A Taylor,0.0,2.0,22.0,11.0,5.0,7.0,16.0,3.0,10.0,10.0,3.0,2.0,0.0,0.0,1.3,5.5,10.0,A
2019-2020,16,2019-12-08,14:00,Sun,Norwich City,Sheffield United,1.0,2.0,26881.0,Carrow Road,S Hooper,1.0,0.0,14.0,9.0,4.0,3.0,9.0,1.0,6.0,12.0,0.0,4.0,0.0,0.0,2.9,3.5,2.37,A
2019-2020,16,2019-12-08,14:00,Sun,Aston Villa,Leicester City,1.0,4.0,41908.0,Villa Park,M Oliver,1.0,2.0,15.0,23.0,2.0,8.0,8.0,5.0,21.0,15.0,6.0,2.0,0.0,0.0,4.33,3.8,1.8,A
2019-2020,16,2019-12-08,14:00,Sun,Newcastle United,Southampton,2.0,1.0,42303.0,St. James' Park,D Coote,0.0,0.0,12.0,19.0,6.0,4.0,3.0,12.0,11.0,17.0,1.0,3.0,0.0,0.0,2.5,3.2,2.9,H
2019-2020,16,2019-12-08,16:30,Sun,Brighton,Wolves,2.0,2.0,30189.0,The American Express Community Stadium,J Moss,2.0,2.0,13.0,13.0,4.0,5.0,3.0,4.0,10.0,7.0,3.0,0.0,0.0,0.0,2.62,3.1,2.87,D
2019-2020,16,2019-12-09,20:00,Mon,West Ham,Arsenal,1.0,3.0,59936.0,London Stadium,M Dean,1.0,0.0,11.0,10.0,4.0,3.0,4.0,3.0,12.0,6.0,2.0,0.0,0.0,0.0,3.3,4.0,2.0,A
2019-2020,17,2019-12-14,12:30,Sat,Liverpool,Watford,2.0,0.0,53311.0,Anfield,A Marriner,1.0,0.0,16.0,8.0,6.0,2.0,6.0,3.0,8.0,6.0,2.0,1.0,0.0,0.0,1.16,7.5,17.0,H
2019-2020,17,2019-12-14,15:00,Sat,Leicester City,Norwich City,1.0,1.0,32101.0,King Power Stadium,A Madley,1.0,1.0,18.0,10.0,5.0,3.0,12.0,4.0,11.0,15.0,0.0,4.0,0.0,0.0,1.22,6.5,13.0,D
2019-2020,17,2019-12-14,15:00,Sat,Burnley,Newcastle United,1.0,0.0,19798.0,Turf Moor,T Robinson,0.0,0.0,7.0,9.0,4.0,0.0,4.0,3.0,15.0,12.0,0.0,2.0,0.0,0.0,1.95,3.4,4.0,H
2019-2020,17,2019-12-14,15:00,Sat,Sheffield United,Aston Villa,2.0,0.0,30396.0,Bramall Lane,P Bankes,0.0,0.0,7.0,8.0,3.0,0.0,3.0,2.0,10.0,9.0,2.0,2.0,0.0,0.0,1.85,3.75,4.2,H
2019-2020,17,2019-12-14,15:00,Sat,Chelsea,Bournemouth,0.0,1.0,40243.0,Stamford Bridge,G Scott,0.0,0.0,18.0,11.0,5.0,2.0,9.0,4.0,9.0,14.0,1.0,2.0,0.0,0.0,1.25,6.0,12.0,A
2019-2020,17,2019-12-14,17:30,Sat,Southampton,West Ham,0.0,1.0,27701.0,St. Mary's Stadium,M Atkinson,0.0,1.0,11.0,11.0,2.0,4.0,5.0,8.0,9.0,14.0,1.0,3.0,0.0,0.0,1.9,3.8,3.8,A
2019-2020,17,2019-12-15,14:00,Sun,Manchester United,Everton,1.0,1.0,63328.0,Old Trafford,M Oliver,0.0,1.0,24.0,8.0,8.0,3.0,6.0,5.0,10.0,12.0,1.0,2.0,0.0,0.0,1.8,3.7,4.5,D
2019-2020,17,2019-12-15,14:00,Sun,Wolves,Tottenham,1.0,2.0,31674.0,Molineux Stadium,S Attwell,0.0,1.0,18.0,9.0,5.0,5.0,11.0,2.0,14.0,10.0,4.0,4.0,0.0,0.0,3.25,3.4,2.25,A
2019-2020,17,2019-12-15,16:30,Sun,Arsenal,Manchester City,0.0,3.0,60031.0,Emirates Stadium,P Tierney,0.0,3.0,6.0,14.0,1.0,7.0,3.0,3.0,9.0,24.0,1.0,4.0,0.0,0.0,6.0,5.25,1.44,A
2019-2020,17,2019-12-16,19:45,Mon,Crystal Palace,Brighton,1.0,1.0,24175.0,Selhurst Park,C Pawson,0.0,0.0,11.0,15.0,4.0,10.0,3.0,7.0,7.0,12.0,1.0,1.0,0.0,0.0,2.55,3.25,2.87,D
2019-2020,18,2019-12-21,12:30,Sat,Everton,Arsenal,0.0,0.0,39336.0,Goodison Park,K Friend,0.0,0.0,9.0,6.0,0.0,2.0,5.0,4.0,10.0,11.0,2.0,3.0,0.0,0.0,2.3,3.8,2.87,D
2019-2020,18,2019-12-21,15:00,Sat,Norwich City,Wolves,1.0,2.0,27053.0,Carrow Road,P Bankes,1.0,0.0,13.0,14.0,7.0,4.0,3.0,11.0,7.0,14.0,2.0,4.0,0.0,0.0,3.75,3.8,1.9,A
2019-2020,18,2019-12-21,15:00,Sat,Brighton,Sheffield United,0.0,1.0,30505.0,The American Express Community Stadium,R Jones,0.0,1.0,9.0,7.0,2.0,2.0,4.0,3.0,6.0,11.0,1.0,3.0,0.0,0.0,2.2,3.25,3.5,A
2019-2020,18,2019-12-21,15:00,Sat,Newcastle United,Crystal Palace,1.0,0.0,45453.0,St. James' Park,S Hooper,0.0,0.0,8.0,16.0,3.0,4.0,4.0,5.0,12.0,11.0,2.0,0.0,0.0,0.0,2.37,3.1,3.25,H
2019-2020,18,2019-12-21,15:00,Sat,Aston Villa,Southampton,1.0,3.0,41834.0,Villa Park,C Pawson,0.0,2.0,19.0,17.0,6.0,8.0,7.0,5.0,16.0,15.0,2.0,1.0,0.0,0.0,2.4,3.6,2.8,A
2019-2020,18,2019-12-21,15:00,Sat,Bournemouth,Burnley,0.0,1.0,10020.0,Vitality Stadium,M Atkinson,0.0,0.0,3.0,2.0,0.0,1.0,4.0,5.0,13.0,21.0,2.0,4.0,0.0,0.0,2.4,3.4,2.9,A
2019-2020,18,2019-12-21,17:30,Sat,Manchester City,Leicester City,3.0,1.0,54415.0,Etihad Stadium,M Dean,2.0,1.0,23.0,5.0,12.0,2.0,6.0,1.0,14.0,9.0,2.0,2.0,0.0,0.0,1.36,5.25,7.5,H
2019-2020,18,2019-12-22,14:00,Sun,Watford,Manchester United,2.0,0.0,21488.0,Vicarage Road Stadium,L Mason,0.0,0.0,11.0,17.0,3.0,8.0,3.0,5.0,16.0,11.0,3.0,1.0,0.0,0.0,4.33,4.0,1.75,H
2019-2020,18,2019-12-22,16:30,Sun,Tottenham,Chelsea,0.0,2.0,61104.0,Tottenham Hotspur Stadium,A Taylor,0.0,2.0,5.0,13.0,1.0,3.0,3.0,5.0,9.0,11.0,4.0,3.0,1.0,0.0,2.37,3.75,2.75,A
2019-2020,19,2019-12-26,12:30,Thu,Tottenham,Brighton,2.0,1.0,56308.0,Tottenham Hotspur Stadium,G Scott,0.0,1.0,11.0,11.0,5.0,5.0,9.0,2.0,10.0,9.0,4.0,2.0,0.0,0.0,1.53,4.33,6.0,H
2019-2020,19,2019-12-26,15:00,Thu,Aston Villa,Norwich City,1.0,0.0,41289.0,Villa Park,C Kavanagh,0.0,0.0,11.0,16.0,2.0,6.0,5.0,8.0,15.0,12.0,2.0,3.0,0.0,0.0,2.1,3.75,3.3,H
2019-2020,19,2019-12-26,15:00,Thu,Crystal Palace,West Ham,2.0,1.0,25462.0,Selhurst Park,A Marriner,0.0,0.0,13.0,10.0,4.0,2.0,7.0,6.0,5.0,10.0,0.0,2.0,0.0,0.0,2.3,3.4,3.1,H
2019-2020,19,2019-12-26,15:00,Thu,Bournemouth,Arsenal,1.0,1.0,10234.0,Vitality Stadium,S Attwell,1.0,0.0,12.0,17.0,4.0,2.0,8.0,3.0,5.0,13.0,4.0,4.0,0.0,0.0,3.5,3.9,1.95,D
2019-2020,19,2019-12-26,15:00,Thu,Sheffield United,Watford,1.0,1.0,30222.0,Bramall Lane,D Coote,1.0,1.0,16.0,5.0,4.0,2.0,9.0,1.0,11.0,8.0,1.0,3.0,0.0,0.0,1.83,3.6,4.33,D
2019-2020,19,2019-12-26,15:00,Thu,Everton,Burnley,1.0,0.0,39177.0,Goodison Park,A Taylor,0.0,0.0,21.0,6.0,5.0,0.0,10.0,2.0,15.0,14.0,0.0,0.0,0.0,0.0,1.7,3.75,5.0,H
2019-2020,19,2019-12-26,15:00,Thu,Chelsea,Southampton,0.0,2.0,40651.0,Stamford Bridge,J Moss,0.0,1.0,10.0,5.0,3.0,3.0,8.0,1.0,10.0,9.0,3.0,2.0,0.0,0.0,1.33,5.25,9.0,A
2019-2020,19,2019-12-26,17:30,Thu,Manchester United,Newcastle United,4.0,1.0,73206.0,Old Trafford,K Friend,3.0,1.0,22.0,7.0,10.0,2.0,5.0,0.0,10.0,7.0,2.0,2.0,0.0,0.0,1.33,5.25,9.0,H
2019-2020,19,2019-12-26,20:00,Thu,Leicester City,Liverpool,0.0,4.0,32211.0,King Power Stadium,M Oliver,0.0,1.0,3.0,15.0,0.0,6.0,2.0,8.0,5.0,7.0,1.0,1.0,0.0,0.0,3.4,3.75,2.05,A
2019-2020,19,2019-12-27,19:45,Fri,Wolves,Manchester City,3.0,2.0,31737.0,Molineux Stadium,M Atkinson,0.0,1.0,20.0,7.0,8.0,3.0,3.0,1.0,7.0,13.0,0.0,1.0,0.0,1.0,8.5,5.0,1.36,H
2019-2020,20,2019-12-28,12:30,Sat,Brighton,Bournemouth,2.0,0.0,30441.0,The American Express Community Stadium,P Tierney,1.0,0.0,16.0,10.0,6.0,2.0,9.0,2.0,8.0,11.0,0.0,2.0,0.0,0.0,1.75,3.9,4.33,H
2019-2020,20,2019-12-28,15:00,Sat,Watford,Aston Villa,3.0,0.0,21348.0,Vicarage Road Stadium,S Hooper,1.0,0.0,20.0,11.0,6.0,2.0,6.0,3.0,16.0,9.0,3.0,1.0,1.0,0.0,1.95,3.8,3.6,H
2019-2020,20,2019-12-28,15:00,Sat,Newcastle United,Everton,1.0,2.0,52211.0,St. James' Park,L Mason,0.0,1.0,20.0,22.0,5.0,9.0,5.0,8.0,13.0,13.0,2.0,2.0,0.0,0.0,3.6,3.4,2.05,A
2019-2020,20,2019-12-28,15:00,Sat,Southampton,Crystal Palace,1.0,1.0,31108.0,St. Mary's Stadium,A Madley,0.0,0.0,14.0,5.0,5.0,2.0,12.0,4.0,13.0,7.0,1.0,2.0,0.0,0.0,1.95,3.6,3.8,D
2019-2020,20,2019-12-28,17:30,Sat,West Ham,Leicester City,1.0,2.0,59919.0,London Stadium,D Coote,1.0,1.0,14.0,13.0,4.0,8.0,5.0,5.0,16.0,4.0,4.0,1.0,0.0,0.0,4.0,3.9,1.83,A
2019-2020,20,2019-12-28,17:30,Sat,Norwich City,Tottenham,2.0,2.0,27072.0,Carrow Road,K Friend,1.0,0.0,5.0,15.0,2.0,7.0,4.0,6.0,12.0,10.0,3.0,3.0,0.0,0.0,5.0,4.0,1.66,D
2019-2020,20,2019-12-28,19:45,Sat,Burnley,Manchester United,0.0,2.0,21924.0,Turf Moor,M Dean,0.0,1.0,8.0,14.0,1.0,5.0,5.0,4.0,17.0,10.0,4.0,3.0,0.0,0.0,4.33,3.75,1.8,A
2019-2020,20,2019-12-29,14:00,Sun,Arsenal,Chelsea,1.0,2.0,60309.0,Emirates Stadium,C Pawson,1.0,0.0,7.0,13.0,2.0,4.0,2.0,3.0,13.0,19.0,5.0,4.0,0.0,0.0,2.87,3.75,2.3,A
2019-2020,20,2019-12-29,16:30,Sun,Liverpool,Wolves,1.0,0.0,53326.0,Anfield,A Taylor,1.0,0.0,10.0,10.0,3.0,2.0,5.0,6.0,7.0,3.0,1.0,0.0,0.0,0.0,1.25,5.75,12.0,H
2019-2020,20,2019-12-29,18:00,Sun,Manchester City,Sheffield United,2.0,0.0,54512.0,Etihad Stadium,C Kavanagh,0.0,0.0,16.0,8.0,4.0,0.0,8.0,5.0,5.0,6.0,1.0,1.0,0.0,0.0,1.16,7.5,16.0,H
2019-2020,21,2020-01-01,12:30,Wed,Brighton,Chelsea,1.0,1.0,30559.0,The American Express Community Stadium,S Attwell,0.0,1.0,16.0,16.0,5.0,5.0,5.0,3.0,8.0,15.0,2.0,3.0,0.0,0.0,3.6,3.6,1.95,D
2019-2020,21,2020-01-01,12:30,Wed,Burnley,Aston Villa,1.0,2.0,19561.0,Turf Moor,M Oliver,0.0,2.0,20.0,11.0,1.0,6.0,8.0,4.0,12.0,10.0,1.0,1.0,0.0,0.0,1.75,3.8,4.33,A
2019-2020,21,2020-01-01,15:00,Wed,Newcastle United,Leicester City,0.0,3.0,52178.0,St. James' Park,M Atkinson,0.0,2.0,5.0,17.0,2.0,10.0,4.0,5.0,8.0,12.0,1.0,1.0,0.0,0.0,5.0,3.8,1.66,A
2019-2020,21,2020-01-01,15:00,Wed,Southampton,Tottenham,1.0,0.0,30976.0,St. Mary's Stadium,M Dean,1.0,0.0,12.0,11.0,3.0,5.0,6.0,9.0,21.0,8.0,3.0,4.0,0.0,0.0,3.3,3.5,2.1,H
2019-2020,21,2020-01-01,15:00,Wed,Watford,Wolves,2.0,1.0,20584.0,Vicarage Road Stadium,A Madley,1.0,0.0,9.0,16.0,3.0,4.0,4.0,7.0,12.0,6.0,3.0,1.0,1.0,0.0,3.0,3.4,2.3,H
2019-2020,21,2020-01-01,17:30,Wed,Norwich City,Crystal Palace,1.0,1.0,27021.0,Carrow Road,J Moss,1.0,0.0,15.0,12.0,4.0,3.0,2.0,5.0,12.0,9.0,5.0,0.0,0.0,0.0,2.5,3.4,2.75,D
2019-2020,21,2020-01-01,17:30,Wed,West Ham,Bournemouth,4.0,0.0,59917.0,London Stadium,G Scott,3.0,0.0,14.0,3.0,7.0,2.0,9.0,2.0,3.0,12.0,1.0,2.0,0.0,0.0,1.9,3.75,3.8,H
2019-2020,21,2020-01-01,17:30,Wed,Manchester City,Everton,2.0,1.0,54407.0,Etihad Stadium,A Marriner,0.0,0.0,16.0,7.0,7.0,2.0,3.0,6.0,11.0,11.0,0.0,4.0,0.0,0.0,1.25,6.5,10.0,H
2019-2020,21,2020-01-01,20:00,Wed,Arsenal,Manchester United,2.0,0.0,60328.0,Emirates Stadium,C Kavanagh,2.0,0.0,10.0,10.0,4.0,4.0,1.0,4.0,11.0,15.0,2.0,0.0,0.0,0.0,2.55,3.6,2.62,H
2019-2020,21,2020-01-02,20:00,Thu,Liverpool,Sheffield United,2.0,0.0,53321.0,Anfield,P Tierney,1.0,0.0,19.0,3.0,7.0,2.0,8.0,4.0,5.0,8.0,0.0,0.0,0.0,0.0,1.2,6.5,13.0,H
2019-2020,22,2020-01-10,20:00,Fri,Sheffield United,West Ham,1.0,0.0,30124.0,Bramall Lane,M Oliver,0.0,0.0,13.0,7.0,3.0,2.0,7.0,3.0,11.0,6.0,1.0,0.0,0.0,0.0,1.95,3.4,4.0,H
2019-2020,22,2020-01-11,12:30,Sat,Crystal Palace,Arsenal,1.0,1.0,25468.0,Selhurst Park,P Tierney,0.0,1.0,6.0,7.0,3.0,4.0,1.0,4.0,14.0,22.0,2.0,3.0,0.0,1.0,4.1,3.9,1.8,D
2019-2020,22,2020-01-11,15:00,Sat,Chelsea,Burnley,3.0,0.0,40396.0,Stamford Bridge,K Friend,2.0,0.0,18.0,7.0,8.0,2.0,10.0,3.0,7.0,4.0,0.0,3.0,0.0,0.0,1.28,5.5,11.0,H
2019-2020,22,2020-01-11,15:00,Sat,Everton,Brighton,1.0,0.0,38772.0,Goodison Park,D Coote,1.0,0.0,14.0,9.0,6.0,2.0,4.0,3.0,7.0,7.0,2.0,1.0,0.0,0.0,1.85,3.8,4.0,H
2019-2020,22,2020-01-11,15:00,Sat,Leicester City,Southampton,1.0,2.0,32115.0,King Power Stadium,L Mason,1.0,1.0,5.0,16.0,5.0,10.0,2.0,4.0,9.0,17.0,0.0,3.0,0.0,0.0,1.6,4.0,5.5,A
2019-2020,22,2020-01-11,15:00,Sat,Wolves,Newcastle United,1.0,1.0,31570.0,Molineux Stadium,P Bankes,1.0,1.0,9.0,5.0,4.0,1.0,5.0,2.0,13.0,12.0,0.0,3.0,0.0,0.0,1.44,4.5,7.5,D
2019-2020,22,2020-01-11,15:00,Sat,Manchester United,Norwich City,4.0,0.0,73271.0,Old Trafford,A Taylor,1.0,0.0,13.0,8.0,6.0,3.0,4.0,2.0,18.0,7.0,0.0,0.0,0.0,0.0,1.33,5.25,8.5,H
2019-2020,22,2020-01-11,17:30,Sat,Tottenham,Liverpool,0.0,1.0,61023.0,Tottenham Hotspur Stadium,M Atkinson,0.0,1.0,14.0,13.0,4.0,7.0,4.0,3.0,4.0,8.0,0.0,2.0,0.0,0.0,4.5,4.33,1.66,A
2019-2020,22,2020-01-12,14:00,Sun,Bournemouth,Watford,0.0,3.0,10384.0,Vitality Stadium,M Dean,0.0,1.0,10.0,18.0,1.0,6.0,5.0,5.0,3.0,13.0,1.0,1.0,0.0,0.0,2.6,3.3,2.7,A
2019-2020,22,2020-01-12,16:30,Sun,Aston Villa,Manchester City,1.0,6.0,41823.0,Villa Park,J Moss,0.0,4.0,7.0,22.0,1.0,12.0,2.0,4.0,5.0,12.0,2.0,1.0,0.0,0.0,13.0,8.5,1.16,A
2019-2020,23,2020-01-18,12:30,Sat,Watford,Tottenham,0.0,0.0,21366.0,Vicarage Road Stadium,M Oliver,0.0,0.0,15.0,17.0,2.0,5.0,3.0,3.0,13.0,13.0,2.0,3.0,0.0,0.0,3.25,3.5,2.2,D
2019-2020,23,2020-01-18,15:00,Sat,Arsenal,Sheffield United,1.0,1.0,60310.0,Emirates Stadium,M Dean,1.0,0.0,11.0,12.0,4.0,4.0,4.0,5.0,9.0,13.0,1.0,2.0,0.0,0.0,1.83,3.6,4.33,D
2019-2020,23,2020-01-18,15:00,Sat,Norwich City,Bournemouth,1.0,0.0,26781.0,Carrow Road,P Tierney,1.0,0.0,16.0,6.0,5.0,3.0,4.0,5.0,10.0,10.0,2.0,2.0,1.0,1.0,2.2,3.5,3.25,H
2019-2020,23,2020-01-18,15:00,Sat,Manchester City,Crystal Palace,2.0,2.0,54439.0,Etihad Stadium,S Scott,0.0,1.0,25.0,5.0,6.0,3.0,14.0,2.0,9.0,7.0,1.0,2.0,0.0,0.0,1.1,11.0,19.0,D
2019-2020,23,2020-01-18,15:00,Sat,Southampton,Wolves,2.0,3.0,31152.0,St. Mary's Stadium,D England,2.0,0.0,11.0,8.0,5.0,4.0,1.0,3.0,13.0,12.0,2.0,1.0,0.0,0.0,2.4,3.4,3.0,A
2019-2020,23,2020-01-18,15:00,Sat,Brighton,Aston Villa,1.0,1.0,30551.0,The American Express Community Stadium,A Madley,1.0,0.0,10.0,8.0,2.0,3.0,3.0,4.0,11.0,13.0,3.0,3.0,0.0,0.0,1.66,4.0,5.0,D
2019-2020,23,2020-01-18,15:00,Sat,West Ham,Everton,1.0,1.0,59915.0,London Stadium,A Marriner,1.0,1.0,12.0,11.0,6.0,3.0,7.0,6.0,11.0,13.0,1.0,0.0,0.0,0.0,2.9,3.5,2.37,D
2019-2020,23,2020-01-18,17:30,Sat,Newcastle United,Chelsea,1.0,0.0,52217.0,St. James' Park,C Kavanagh,0.0,0.0,7.0,19.0,2.0,4.0,1.0,10.0,9.0,14.0,1.0,1.0,0.0,0.0,6.0,4.5,1.5,H
2019-2020,23,2020-01-19,14:00,Sun,Burnley,Leicester City,2.0,1.0,19788.0,Turf Moor,A Taylor,0.0,1.0,8.0,18.0,5.0,8.0,4.0,5.0,14.0,8.0,1.0,0.0,0.0,0.0,4.33,3.75,1.83,H
2019-2020,23,2020-01-19,16:30,Sun,Liverpool,Manchester United,2.0,0.0,52916.0,Anfield,C Pawson,1.0,0.0,16.0,9.0,5.0,4.0,11.0,5.0,7.0,10.0,1.0,3.0,0.0,0.0,1.36,5.25,8.0,H
2019-2020,24,2020-01-21,19:30,Tue,Crystal Palace,Southampton,0.0,2.0,23739.0,Selhurst Park,A Marriner,0.0,1.0,6.0,15.0,0.0,6.0,0.0,8.0,12.0,13.0,1.0,2.0,0.0,0.0,2.7,3.25,2.7,A
2019-2020,24,2020-01-21,19:30,Tue,Everton,Newcastle United,2.0,2.0,38822.0,Goodison Park,S Hooper,1.0,0.0,17.0,8.0,8.0,2.0,6.0,4.0,13.0,10.0,1.0,1.0,0.0,0.0,1.55,4.1,6.0,D
2019-2020,24,2020-01-21,19:30,Tue,Aston Villa,Watford,2.0,1.0,40867.0,Villa Park,M Atkinson,0.0,1.0,16.0,8.0,5.0,2.0,6.0,3.0,11.0,18.0,2.0,2.0,0.0,0.0,2.8,3.5,2.45,H
2019-2020,24,2020-01-21,19:30,Tue,Sheffield United,Manchester City,0.0,1.0,31285.0,Bramall Lane,L Mason,0.0,0.0,4.0,18.0,1.0,5.0,5.0,13.0,13.0,13.0,4.0,3.0,0.0,0.0,7.0,5.0,1.4,A
2019-2020,24,2020-01-21,19:30,Tue,Bournemouth,Brighton,3.0,1.0,10065.0,Vitality Stadium,K Friend,2.0,0.0,11.0,21.0,3.0,8.0,5.0,8.0,9.0,12.0,1.0,1.0,0.0,0.0,2.87,3.4,2.45,H
2019-2020,24,2020-01-21,20:15,Tue,Chelsea,Arsenal,2.0,2.0,40577.0,Stamford Bridge,S Attwell,1.0,0.0,19.0,2.0,8.0,2.0,17.0,5.0,11.0,6.0,2.0,1.0,0.0,1.0,1.72,3.9,4.5,D
2019-2020,24,2020-01-22,19:30,Wed,Leicester City,West Ham,4.0,1.0,31968.0,King Power Stadium,D Coote,2.0,0.0,19.0,6.0,8.0,2.0,7.0,8.0,10.0,19.0,1.0,1.0,0.0,0.0,1.53,4.33,6.0,H
2019-2020,24,2020-01-22,19:30,Wed,Tottenham,Norwich City,2.0,1.0,58182.0,Tottenham Hotspur Stadium,C Kavanagh,1.0,0.0,14.0,12.0,3.0,2.0,7.0,3.0,12.0,7.0,0.0,1.0,0.0,0.0,1.4,5.0,7.5,H
2019-2020,24,2020-01-22,20:15,Wed,Manchester United,Burnley,0.0,2.0,73198.0,Old Trafford,J Moss,0.0,1.0,24.0,5.0,7.0,2.0,5.0,2.0,11.0,7.0,0.0,2.0,0.0,0.0,1.36,4.75,9.0,A
2019-2020,24,2020-01-23,20:00,Thu,Wolves,Liverpool,1.0,2.0,31746.0,Molineux Stadium,M Oliver,0.0,1.0,10.0,13.0,3.0,6.0,2.0,4.0,6.0,11.0,0.0,1.0,0.0,0.0,5.75,3.8,1.61,A
2019-2020,18,2020-01-29,19:45,Wed,West Ham,Liverpool,0.0,2.0,59959.0,London Stadium,J Moss,0.0,1.0,7.0,13.0,4.0,5.0,3.0,7.0,6.0,6.0,2.0,0.0,0.0,0.0,8.5,5.5,1.33,A
2019-2020,25,2020-02-01,12:30,Sat,Leicester City,Chelsea,2.0,2.0,32186.0,King Power Stadium,L Mason,0.0,0.0,14.0,7.0,4.0,3.0,4.0,6.0,16.0,14.0,2.0,2.0,0.0,0.0,2.5,3.6,2.7,D
2019-2020,25,2020-02-01,15:00,Sat,West Ham,Brighton,3.0,3.0,59952.0,London Stadium,M Oliver,2.0,0.0,12.0,19.0,6.0,6.0,4.0,6.0,8.0,9.0,1.0,1.0,0.0,0.0,2.6,3.3,2.75,D
2019-2020,25,2020-02-01,15:00,Sat,Watford,Everton,2.0,3.0,21229.0,Vicarage Road Stadium,C Pawson,2.0,2.0,11.0,12.0,2.0,5.0,4.0,4.0,17.0,14.0,2.0,2.0,0.0,1.0,2.75,3.3,2.62,A
2019-2020,25,2020-02-01,15:00,Sat,Crystal Palace,Sheffield United,0.0,1.0,25170.0,Selhurst Park,A Madley,0.0,0.0,13.0,10.0,3.0,3.0,9.0,5.0,9.0,15.0,3.0,2.0,0.0,0.0,3.1,3.1,2.5,A
2019-2020,25,2020-02-01,15:00,Sat,Liverpool,Southampton,4.0,0.0,53291.0,Anfield,K Friend,0.0,0.0,16.0,17.0,9.0,4.0,6.0,11.0,9.0,15.0,0.0,2.0,0.0,0.0,1.25,6.0,12.0,H
2019-2020,25,2020-02-01,15:00,Sat,Bournemouth,Aston Villa,2.0,1.0,10722.0,Vitality Stadium,A Taylor,2.0,0.0,16.0,18.0,6.0,5.0,1.0,8.0,10.0,15.0,1.0,3.0,1.0,0.0,2.1,3.6,3.3,H
2019-2020,25,2020-02-01,15:00,Sat,Newcastle United,Norwich City,0.0,0.0,52204.0,St. James' Park,M Atkinson,0.0,0.0,15.0,19.0,5.0,4.0,8.0,12.0,10.0,15.0,2.0,1.0,0.0,0.0,2.2,3.4,3.3,D
2019-2020,25,2020-02-01,17:30,Sat,Manchester United,Wolves,0.0,0.0,73363.0,Old Trafford,P Tierney,0.0,0.0,15.0,14.0,5.0,3.0,4.0,6.0,14.0,15.0,3.0,2.0,0.0,0.0,2.25,3.25,3.4,D
2019-2020,25,2020-02-02,14:00,Sun,Burnley,Arsenal,0.0,0.0,21048.0,Turf Moor,C Kavanagh,0.0,0.0,15.0,13.0,2.0,2.0,5.0,7.0,8.0,11.0,1.0,3.0,0.0,0.0,3.6,3.6,2.0,D
2019-2020,25,2020-02-02,16:30,Sun,Tottenham,Manchester City,2.0,0.0,61022.0,Tottenham Hotspur Stadium,M Dean,0.0,0.0,3.0,18.0,3.0,5.0,2.0,6.0,8.0,14.0,2.0,3.0,0.0,1.0,5.5,4.6,1.53,H
2019-2020,26,2020-02-08,12:30,Sat,Everton,Crystal Palace,3.0,1.0,38987.0,Goodison Park,D Coote,1.0,0.0,14.0,10.0,8.0,2.0,4.0,6.0,11.0,12.0,0.0,1.0,0.0,0.0,1.61,3.8,6.0,H
2019-2020,26,2020-02-08,17:30,Sat,Brighton,Watford,1.0,1.0,30443.0,The American Express Community Stadium,K Friend,0.0,1.0,10.0,5.0,2.0,2.0,3.0,2.0,9.0,12.0,2.0,2.0,0.0,0.0,2.1,3.4,3.6,D
2019-2020,26,2020-02-09,14:00,Sun,Sheffield United,Bournemouth,2.0,1.0,30361.0,Bramall Lane,J Moss,1.0,1.0,16.0,10.0,6.0,2.0,8.0,4.0,10.0,8.0,2.0,2.0,0.0,0.0,1.66,3.6,5.75,H
2019-2020,26,2020-02-14,20:00,Fri,Wolves,Leicester City,0.0,0.0,31682.0,Molineux Stadium,M Dean,0.0,0.0,15.0,9.0,3.0,3.0,7.0,0.0,13.0,10.0,2.0,2.0,0.0,1.0,2.5,3.3,2.87,D
2019-2020,26,2020-02-15,12:30,Sat,Southampton,Burnley,1.0,2.0,26302.0,St. Mary's Stadium,S Hooper,1.0,1.0,10.0,9.0,2.0,6.0,4.0,3.0,8.0,11.0,2.0,2.0,0.0,0.0,1.75,3.8,4.75,A
2019-2020,26,2020-02-15,17:30,Sat,Norwich City,Liverpool,0.0,1.0,27110.0,Carrow Road,S Attwell,0.0,0.0,5.0,17.0,1.0,6.0,2.0,7.0,5.0,11.0,1.0,2.0,0.0,0.0,11.0,6.25,1.25,A
2019-2020,26,2020-02-16,14:00,Sun,Aston Villa,Tottenham,2.0,3.0,41874.0,Villa Park,M Atkinson,1.0,2.0,18.0,23.0,4.0,10.0,12.0,7.0,12.0,10.0,2.0,0.0,0.0,0.0,4.0,3.8,1.85,A
2019-2020,26,2020-02-16,16:30,Sun,Arsenal,Newcastle United,4.0,0.0,60188.0,Emirates Stadium,L Mason,0.0,0.0,15.0,10.0,7.0,2.0,5.0,6.0,15.0,9.0,2.0,0.0,0.0,0.0,1.4,4.75,8.0,H
2019-2020,26,2020-02-17,20:00,Mon,Chelsea,Manchester United,0.0,2.0,40504.0,Stamford Bridge,A Taylor,0.0,1.0,17.0,9.0,1.0,3.0,9.0,8.0,11.0,11.0,4.0,3.0,0.0,0.0,1.85,3.5,4.5,A
2019-2020,26,2020-02-19,19:30,Wed,Manchester City,West Ham,2.0,0.0,52159.0,Etihad Stadium,K Friend,1.0,0.0,20.0,3.0,7.0,0.0,6.0,1.0,5.0,7.0,0.0,1.0,0.0,0.0,1.12,9.5,17.0,H
2019-2020,27,2020-02-22,12:30,Sat,Chelsea,Tottenham,2.0,1.0,40608.0,Stamford Bridge,M Oliver,1.0,0.0,17.0,5.0,7.0,3.0,3.0,5.0,14.0,14.0,1.0,2.0,0.0,0.0,1.72,4.0,4.5,H
2019-2020,27,2020-02-22,15:00,Sat,Crystal Palace,Newcastle United,1.0,0.0,25486.0,Selhurst Park,P Bankes,1.0,0.0,18.0,8.0,9.0,2.0,7.0,5.0,15.0,11.0,2.0,6.0,0.0,1.0,1.95,3.4,4.2,H
2019-2020,27,2020-02-22,15:00,Sat,Southampton,Aston Villa,2.0,0.0,31478.0,St. Mary's Stadium,C Pawson,1.0,0.0,28.0,4.0,9.0,1.0,9.0,6.0,13.0,17.0,1.0,4.0,0.0,0.0,1.61,4.33,5.0,H
2019-2020,27,2020-02-22,15:00,Sat,Burnley,Bournemouth,3.0,0.0,18227.0,Turf Moor,M Dean,0.0,0.0,16.0,12.0,10.0,4.0,7.0,3.0,9.0,9.0,4.0,3.0,0.0,0.0,2.1,3.3,3.7,H
2019-2020,27,2020-02-22,15:00,Sat,Sheffield United,Brighton,1.0,1.0,31888.0,Bramall Lane,G Scott,1.0,1.0,14.0,8.0,3.0,2.0,12.0,2.0,3.0,6.0,0.0,2.0,0.0,0.0,1.95,3.4,4.2,D
2019-2020,27,2020-02-22,17:30,Sat,Leicester City,Manchester City,0.0,1.0,32068.0,King Power Stadium,P Tierney,0.0,0.0,10.0,18.0,3.0,7.0,3.0,7.0,14.0,10.0,0.0,0.0,0.0,0.0,4.5,4.2,1.7,A
2019-2020,27,2020-02-23,14:00,Sun,Wolves,Norwich City,3.0,0.0,31046.0,Molineux Stadium,C Kavanagh,2.0,0.0,19.0,6.0,6.0,4.0,4.0,1.0,11.0,6.0,2.0,3.0,0.0,0.0,1.5,4.2,7.0,H
2019-2020,27,2020-02-23,14:00,Sun,Manchester United,Watford,3.0,0.0,73347.0,Old Trafford,M Atkinson,1.0,0.0,21.0,7.0,9.0,2.0,3.0,5.0,6.0,15.0,0.0,1.0,0.0,0.0,1.6,3.9,6.0,H
2019-2020,27,2020-02-23,16:30,Sun,Arsenal,Everton,3.0,2.0,60296.0,Emirates Stadium,S Attwell,2.0,2.0,9.0,17.0,4.0,5.0,6.0,3.0,12.0,12.0,0.0,4.0,0.0,0.0,2.0,3.6,3.7,H
2019-2020,27,2020-02-24,20:00,Mon,Liverpool,West Ham,3.0,2.0,53313.0,Anfield,J Moss,1.0,1.0,25.0,7.0,7.0,4.0,16.0,8.0,4.0,10.0,0.0,3.0,0.0,0.0,1.16,8.0,15.0,H
2019-2020,28,2020-02-28,20:00,Fri,Norwich City,Leicester City,1.0,0.0,27010.0,Carrow Road,C Pawson,0.0,0.0,11.0,19.0,6.0,4.0,6.0,7.0,13.0,16.0,1.0,2.0,0.0,0.0,4.33,4.1,1.72,H
2019-2020,28,2020-02-29,12:30,Sat,Brighton,Crystal Palace,0.0,1.0,30124.0,The American Express Community Stadium,M Atkinson,0.0,0.0,24.0,12.0,8.0,3.0,8.0,7.0,8.0,9.0,1.0,1.0,0.0,0.0,2.05,3.25,3.9,A
2019-2020,28,2020-02-29,15:00,Sat,West Ham,Southampton,3.0,1.0,59962.0,London Stadium,A Taylor,2.0,1.0,14.0,10.0,7.0,2.0,4.0,9.0,8.0,11.0,1.0,1.0,0.0,0.0,2.65,3.6,2.5,H
2019-2020,28,2020-02-29,15:00,Sat,Bournemouth,Chelsea,2.0,2.0,10667.0,Vitality Stadium,A Marriner,0.0,1.0,9.0,23.0,5.0,6.0,4.0,14.0,8.0,5.0,2.0,2.0,0.0,0.0,4.75,3.8,1.72,D
2019-2020,28,2020-02-29,15:00,Sat,Newcastle United,Burnley,0.0,0.0,52219.0,St. James' Park,A Madley,0.0,0.0,21.0,8.0,4.0,1.0,11.0,7.0,11.0,9.0,4.0,3.0,0.0,0.0,2.62,3.1,2.9,D
2019-2020,28,2020-02-29,17:30,Sat,Watford,Liverpool,3.0,0.0,21634.0,Vicarage Road Stadium,M Oliver,0.0,0.0,14.0,7.0,5.0,1.0,3.0,5.0,4.0,8.0,0.0,0.0,0.0,0.0,8.0,4.75,1.4,H
2019-2020,28,2020-03-01,14:00,Sun,Tottenham,Wolves,2.0,3.0,58064.0,Tottenham Hotspur Stadium,S Attwell,2.0,1.0,13.0,14.0,5.0,4.0,4.0,5.0,12.0,14.0,3.0,2.0,0.0,0.0,2.45,3.2,3.0,A
2019-2020,28,2020-03-01,14:00,Sun,Everton,Manchester United,1.0,1.0,39374.0,Goodison Park,C Kavanagh,1.0,1.0,16.0,14.0,5.0,5.0,13.0,8.0,11.0,11.0,3.0,4.0,0.0,0.0,2.5,3.25,2.9,D
2019-2020,29,2020-03-07,12:30,Sat,Liverpool,Bournemouth,2.0,1.0,53323.0,Anfield,P Tierney,2.0,1.0,14.0,6.0,6.0,4.0,9.0,4.0,10.0,12.0,0.0,1.0,0.0,0.0,1.22,6.5,13.0,H
2019-2020,29,2020-03-07,15:00,Sat,Wolves,Brighton,0.0,0.0,31490.0,Molineux Stadium,A Marriner,0.0,0.0,11.0,7.0,1.0,1.0,2.0,0.0,4.0,7.0,1.0,3.0,0.0,0.0,1.61,3.9,5.75,D
2019-2020,29,2020-03-07,15:00,Sat,Crystal Palace,Watford,1.0,0.0,25461.0,Selhurst Park,A Taylor,1.0,0.0,10.0,10.0,3.0,4.0,8.0,8.0,12.0,19.0,4.0,4.0,0.0,0.0,2.55,3.2,2.9,H
2019-2020,29,2020-03-07,15:00,Sat,Southampton,Newcastle United,0.0,1.0,30096.0,St. Mary's Stadium,G Scott,0.0,0.0,6.0,14.0,3.0,7.0,5.0,8.0,14.0,15.0,0.0,3.0,1.0,0.0,1.61,4.1,5.25,A
2019-2020,29,2020-03-07,15:00,Sat,Arsenal,West Ham,1.0,0.0,60335.0,Emirates Stadium,M Atkinson,0.0,0.0,9.0,14.0,2.0,6.0,6.0,7.0,11.0,9.0,1.0,2.0,0.0,0.0,1.57,4.4,5.5,H
2019-2020,29,2020-03-07,15:00,Sat,Sheffield United,Norwich City,1.0,0.0,31379.0,Bramall Lane,S Hooper,1.0,0.0,10.0,12.0,4.0,5.0,10.0,5.0,12.0,8.0,0.0,0.0,0.0,0.0,1.65,3.75,5.75,H
2019-2020,29,2020-03-07,17:30,Sat,Burnley,Tottenham,1.0,1.0,20496.0,Turf Moor,J Moss,1.0,0.0,21.0,13.0,8.0,2.0,3.0,5.0,16.0,11.0,5.0,4.0,0.0,0.0,2.7,3.3,2.62,D
2019-2020,29,2020-03-08,14:00,Sun,Chelsea,Everton,4.0,0.0,40694.0,Stamford Bridge,K Friend,2.0,0.0,17.0,3.0,11.0,1.0,6.0,1.0,8.0,10.0,1.0,2.0,0.0,0.0,1.8,3.9,4.2,H
2019-2020,29,2020-03-08,16:30,Sun,Manchester United,Manchester City,2.0,0.0,73288.0,Old Trafford,M Dean,1.0,0.0,12.0,7.0,6.0,2.0,2.0,11.0,11.0,9.0,2.0,4.0,0.0,0.0,5.0,4.33,1.6,H
2019-2020,29,2020-03-09,20:00,Mon,Leicester City,Aston Villa,4.0,0.0,32125.0,King Power Stadium,M Oliver,1.0,0.0,15.0,4.0,7.0,1.0,9.0,0.0,15.0,12.0,2.0,1.0,0.0,0.0,1.36,5.25,8.0,H
2019-2020,28,2020-06-17,18:00,Wed,Aston Villa,Sheffield United,0.0,0.0,,Villa Park,M Oliver,0.0,0.0,14.0,5.0,6.0,1.0,12.0,4.0,11.0,14.0,1.0,1.0,0.0,0.0,3.2,3.4,2.25,D
2019-2020,28,2020-06-17,20:15,Wed,Manchester City,Arsenal,3.0,0.0,,Etihad Stadium,A Taylor,1.0,0.0,20.0,3.0,12.0,0.0,5.0,2.0,9.0,7.0,1.0,1.0,0.0,1.0,1.36,5.25,7.5,H
2019-2020,30,2020-06-19,18:00,Fri,Norwich City,Southampton,0.0,3.0,,Carrow Road,K Friend,0.0,0.0,9.0,22.0,1.0,9.0,9.0,7.0,9.0,15.0,1.0,1.0,0.0,0.0,2.8,3.5,2.45,A
2019-2020,30,2020-06-19,20:15,Fri,Tottenham,Manchester United,1.0,1.0,,Tottenham Hotspur Stadium,J Moss,1.0,0.0,10.0,12.0,3.0,6.0,7.0,6.0,17.0,18.0,0.0,1.0,0.0,0.0,3.0,3.4,2.37,D
2019-2020,30,2020-06-20,12:30,Sat,Watford,Leicester City,1.0,1.0,,Vicarage Road Stadium,C Pawson,0.0,0.0,8.0,15.0,4.0,2.0,2.0,7.0,15.0,12.0,0.0,1.0,0.0,0.0,3.6,3.5,2.05,D
2019-2020,30,2020-06-20,15:00,Sat,Brighton,Arsenal,2.0,1.0,,The American Express Community Stadium,M Atkinson,0.0,0.0,9.0,13.0,5.0,6.0,10.0,7.0,13.0,8.0,2.0,1.0,0.0,0.0,3.1,3.25,2.37,H
2019-2020,30,2020-06-20,17:30,Sat,West Ham,Wolves,0.0,2.0,,London Stadium,A Taylor,0.0,0.0,7.0,10.0,2.0,6.0,5.0,7.0,8.0,7.0,1.0,1.0,0.0,0.0,3.6,3.4,2.1,A
2019-2020,30,2020-06-20,19:45,Sat,Bournemouth,Crystal Palace,0.0,2.0,,Vitality Stadium,S Attwell,0.0,2.0,12.0,7.0,1.0,2.0,11.0,4.0,13.0,15.0,3.0,2.0,0.0,0.0,2.45,3.2,3.0,A
2019-2020,30,2020-06-21,14:00,Sun,Newcastle United,Sheffield United,3.0,0.0,,St. James' Park,D Coote,0.0,0.0,12.0,7.0,8.0,1.0,2.0,4.0,9.0,10.0,2.0,0.0,0.0,1.0,3.3,3.1,2.37,H
2019-2020,30,2020-06-21,16:15,Sun,Aston Villa,Chelsea,1.0,2.0,,Villa Park,P Tierney,1.0,0.0,8.0,19.0,4.0,5.0,2.0,10.0,9.0,17.0,2.0,1.0,0.0,0.0,6.0,4.5,1.5,A
2019-2020,30,2020-06-21,19:00,Sun,Everton,Liverpool,0.0,0.0,,Goodison Park,M Dean,0.0,0.0,9.0,10.0,3.0,3.0,1.0,6.0,15.0,12.0,2.0,2.0,0.0,0.0,6.0,4.2,1.55,D
2019-2020,30,2020-06-22,20:00,Mon,Manchester City,Burnley,5.0,0.0,,Etihad Stadium,A Marriner,3.0,0.0,19.0,1.0,7.0,0.0,3.0,1.0,8.0,7.0,1.0,1.0,0.0,0.0,1.12,9.0,15.0,H
2019-2020,31,2020-06-23,18:00,Tue,Leicester City,Brighton,0.0,0.0,,King Power Stadium,L Mason,0.0,0.0,11.0,10.0,2.0,2.0,6.0,7.0,10.0,13.0,2.0,2.0,0.0,0.0,1.6,4.0,5.75,D
2019-2020,31,2020-06-23,20:15,Tue,Tottenham,West Ham,2.0,0.0,,Tottenham Hotspur Stadium,C Pawson,0.0,0.0,15.0,10.0,4.0,2.0,9.0,4.0,12.0,7.0,2.0,2.0,0.0,0.0,1.66,4.0,5.0,H
2019-2020,31,2020-06-24,18:00,Wed,Norwich City,Everton,0.0,1.0,,Carrow Road,A Madley,0.0,0.0,9.0,12.0,1.0,5.0,6.0,5.0,8.0,13.0,0.0,1.0,0.0,0.0,3.9,3.6,1.9,A
2019-2020,31,2020-06-24,18:00,Wed,Wolves,Bournemouth,1.0,0.0,,Molineux Stadium,M Oliver,0.0,0.0,10.0,4.0,2.0,0.0,6.0,4.0,11.0,11.0,3.0,3.0,0.0,0.0,1.55,4.0,6.0,H
2019-2020,31,2020-06-24,18:00,Wed,Manchester United,Sheffield United,3.0,0.0,,Old Trafford,A Taylor,2.0,0.0,15.0,4.0,6.0,1.0,10.0,5.0,10.0,6.0,1.0,0.0,0.0,0.0,1.4,4.5,8.5,H
2019-2020,31,2020-06-24,18:00,Wed,Newcastle United,Aston Villa,1.0,1.0,,St. James' Park,C Kavanagh,0.0,0.0,13.0,14.0,3.0,2.0,6.0,9.0,15.0,13.0,2.0,2.0,0.0,0.0,2.3,3.3,3.2,D
2019-2020,31,2020-06-24,20:15,Wed,Liverpool,Crystal Palace,4.0,0.0,,Anfield,M Atkinson,2.0,0.0,21.0,3.0,7.0,0.0,6.0,0.0,7.0,5.0,0.0,0.0,0.0,0.0,1.22,6.5,13.0,H
2019-2020,31,2020-06-25,18:00,Thu,Southampton,Arsenal,0.0,2.0,,St. Mary's Stadium,G Scott,0.0,1.0,12.0,10.0,3.0,5.0,4.0,6.0,10.0,14.0,0.0,2.0,1.0,0.0,2.6,3.5,2.62,A
2019-2020,31,2020-06-25,18:00,Thu,Burnley,Watford,1.0,0.0,,Turf Moor,M Dean,0.0,0.0,9.0,10.0,5.0,4.0,1.0,7.0,13.0,15.0,1.0,0.0,0.0,0.0,3.0,3.25,2.45,H
2019-2020,31,2020-06-25,20:15,Thu,Chelsea,Manchester City,2.0,1.0,,Stamford Bridge,S Attwell,1.0,0.0,15.0,11.0,10.0,2.0,5.0,7.0,13.0,3.0,1.0,1.0,0.0,1.0,4.0,4.0,1.8,H
2019-2020,32,2020-06-27,12:30,Sat,Aston Villa,Wolves,0.0,1.0,,Villa Park,C Pawson,0.0,0.0,11.0,9.0,1.0,2.0,2.0,2.0,16.0,16.0,1.0,1.0,0.0,0.0,4.6,3.7,1.75,A
2019-2020,32,2020-06-28,16:30,Sun,Watford,Southampton,1.0,3.0,,Vicarage Road Stadium,M Oliver,0.0,1.0,8.0,11.0,0.0,7.0,5.0,3.0,18.0,9.0,3.0,0.0,0.0,0.0,2.5,3.3,2.87,A
2019-2020,32,2020-06-29,20:00,Mon,Crystal Palace,Burnley,0.0,1.0,,Selhurst Park,S Hooper,0.0,0.0,17.0,8.0,4.0,4.0,9.0,1.0,12.0,13.0,1.0,1.0,0.0,0.0,2.25,3.2,3.4,A
2019-2020,32,2020-06-30,20:15,Tue,Brighton,Manchester United,0.0,3.0,,The American Express Community Stadium,A Marriner,0.0,2.0,8.0,12.0,2.0,6.0,4.0,5.0,10.0,9.0,0.0,1.0,0.0,0.0,6.0,3.8,1.61,A
2019-2020,32,2020-07-01,18:00,Wed,Bournemouth,Newcastle United,1.0,4.0,,Vitality Stadium,K Friend,0.0,2.0,12.0,12.0,1.0,7.0,6.0,3.0,11.0,10.0,2.0,0.0,0.0,0.0,2.4,3.1,3.2,A
2019-2020,32,2020-07-01,18:00,Wed,Everton,Leicester City,2.0,1.0,,Goodison Park,D Coote,2.0,0.0,7.0,15.0,2.0,3.0,3.0,5.0,13.0,10.0,1.0,1.0,0.0,0.0,2.5,3.3,2.9,H
2019-2020,32,2020-07-01,18:00,Wed,Arsenal,Norwich City,4.0,0.0,,Emirates Stadium,P Bankes,2.0,0.0,13.0,8.0,8.0,2.0,6.0,2.0,10.0,10.0,1.0,4.0,0.0,0.0,1.44,4.75,7.0,H
2019-2020,32,2020-07-01,20:15,Wed,West Ham,Chelsea,3.0,2.0,,London Stadium,M Atkinson,1.0,1.0,10.0,17.0,4.0,6.0,2.0,3.0,10.0,9.0,2.0,1.0,0.0,0.0,5.5,4.33,1.57,H
2019-2020,32,2020-07-02,18:00,Thu,Sheffield United,Tottenham,3.0,1.0,,Bramall Lane,C Kavanagh,1.0,0.0,7.0,9.0,5.0,2.0,1.0,6.0,13.0,13.0,2.0,0.0,0.0,0.0,4.2,3.4,1.95,H
2019-2020,32,2020-07-02,20:15,Thu,Manchester City,Liverpool,4.0,0.0,,Etihad Stadium,A Taylor,3.0,0.0,14.0,11.0,6.0,3.0,3.0,3.0,8.0,7.0,2.0,2.0,0.0,0.0,2.05,3.9,3.3,H
2019-2020,33,2020-07-04,12:30,Sat,Norwich City,Brighton,0.0,1.0,,Carrow Road,S Attwell,0.0,1.0,12.0,8.0,1.0,2.0,0.0,2.0,11.0,13.0,2.0,2.0,0.0,0.0,3.3,3.4,2.2,A
2019-2020,33,2020-07-04,15:00,Sat,Leicester City,Crystal Palace,3.0,0.0,,King Power Stadium,J Moss,0.0,0.0,15.0,7.0,4.0,1.0,3.0,7.0,18.0,8.0,2.0,1.0,0.0,0.0,1.66,3.6,5.75,H
2019-2020,33,2020-07-04,15:00,Sat,Manchester United,Bournemouth,5.0,2.0,,Old Trafford,M Dean,3.0,1.0,19.0,7.0,10.0,3.0,8.0,3.0,13.0,12.0,0.0,1.0,0.0,0.0,1.16,7.5,17.0,H
2019-2020,33,2020-07-04,17:30,Sat,Wolves,Arsenal,0.0,2.0,,Molineux Stadium,M Oliver,0.0,1.0,10.0,8.0,1.0,5.0,3.0,5.0,6.0,11.0,2.0,4.0,0.0,0.0,2.25,3.4,3.25,A
2019-2020,33,2020-07-04,20:00,Sat,Chelsea,Watford,3.0,0.0,,Stamford Bridge,K Friend,2.0,0.0,21.0,7.0,9.0,3.0,5.0,3.0,9.0,12.0,0.0,2.0,0.0,0.0,1.4,4.75,8.0,H
2019-2020,33,2020-07-05,12:00,Sun,Burnley,Sheffield United,1.0,1.0,,Turf Moor,P Bankes,1.0,0.0,9.0,10.0,4.0,3.0,3.0,9.0,8.0,14.0,0.0,0.0,0.0,0.0,2.9,3.0,2.7,D
2019-2020,33,2020-07-05,14:15,Sun,Newcastle United,West Ham,2.0,2.0,,St. James' Park,C Pawson,1.0,1.0,11.0,17.0,4.0,7.0,6.0,4.0,9.0,11.0,0.0,0.0,0.0,0.0,2.6,3.3,2.75,D
2019-2020,33,2020-07-05,16:30,Sun,Liverpool,Aston Villa,2.0,0.0,,Anfield,P Tierney,0.0,0.0,6.0,9.0,4.0,3.0,7.0,5.0,18.0,8.0,1.0,1.0,0.0,0.0,1.33,5.5,8.5,H
2019-2020,33,2020-07-05,19:00,Sun,Southampton,Manchester City,1.0,0.0,,St. Mary's Stadium,A Marriner,1.0,0.0,8.0,26.0,4.0,6.0,2.0,13.0,6.0,7.0,1.0,2.0,0.0,0.0,8.5,6.0,1.3,H
2019-2020,33,2020-07-06,20:00,Mon,Tottenham,Everton,1.0,0.0,,Tottenham Hotspur Stadium,G Scott,1.0,0.0,12.0,11.0,2.0,3.0,5.0,6.0,14.0,18.0,3.0,2.0,0.0,0.0,2.1,3.5,3.4,H
2019-2020,34,2020-07-07,18:00,Tue,Crystal Palace,Chelsea,2.0,3.0,,Selhurst Park,D Coote,1.0,2.0,13.0,14.0,4.0,6.0,7.0,9.0,11.0,10.0,1.0,0.0,0.0,0.0,8.5,4.5,1.4,A
2019-2020,34,2020-07-07,18:00,Tue,Watford,Norwich City,2.0,1.0,,Vicarage Road Stadium,A Taylor,1.0,1.0,9.0,12.0,4.0,3.0,4.0,3.0,11.0,15.0,2.0,4.0,0.0,0.0,1.7,3.75,5.0,H
2019-2020,34,2020-07-07,20:15,Tue,Arsenal,Leicester City,1.0,1.0,,Emirates Stadium,C Kavanagh,1.0,0.0,11.0,13.0,7.0,5.0,10.0,1.0,10.0,14.0,1.0,0.0,1.0,0.0,2.3,3.5,3.0,D
2019-2020,34,2020-07-08,18:00,Wed,Manchester City,Newcastle United,5.0,0.0,,Etihad Stadium,A Madley,2.0,0.0,23.0,6.0,9.0,1.0,8.0,1.0,12.0,7.0,0.0,0.0,0.0,0.0,1.12,9.0,21.0,H
2019-2020,34,2020-07-08,18:00,Wed,West Ham,Burnley,0.0,1.0,,London Stadium,M Oliver,0.0,1.0,21.0,8.0,5.0,4.0,10.0,3.0,7.0,7.0,1.0,1.0,0.0,0.0,2.0,3.4,3.9,A
2019-2020,34,2020-07-08,18:00,Wed,Sheffield United,Wolves,1.0,0.0,,Bramall Lane,M Atkinson,0.0,0.0,7.0,6.0,3.0,1.0,6.0,1.0,5.0,6.0,2.0,0.0,0.0,0.0,3.8,3.2,2.1,H
2019-2020,34,2020-07-08,20:15,Wed,Brighton,Liverpool,1.0,3.0,,The American Express Community Stadium,C Pawson,1.0,2.0,12.0,19.0,2.0,8.0,6.0,10.0,7.0,15.0,1.0,4.0,0.0,0.0,6.0,4.33,1.53,A
2019-2020,34,2020-07-09,18:00,Thu,Everton,Southampton,1.0,1.0,,Goodison Park,L Mason,1.0,1.0,11.0,17.0,4.0,4.0,3.0,5.0,13.0,14.0,3.0,3.0,0.0,0.0,2.05,3.5,3.6,D
2019-2020,34,2020-07-09,18:00,Thu,Bournemouth,Tottenham,0.0,0.0,,Vitality Stadium,P Tierney,0.0,0.0,9.0,9.0,2.0,0.0,8.0,12.0,11.0,14.0,3.0,2.0,0.0,0.0,5.25,3.8,1.66,D
2019-2020,34,2020-07-09,20:15,Thu,Aston Villa,Manchester United,0.0,3.0,,Villa Park,J Moss,0.0,2.0,9.0,14.0,1.0,6.0,3.0,5.0,7.0,13.0,2.0,3.0,0.0,0.0,9.0,5.25,1.33,A
2019-2020,35,2020-07-11,12:30,Sat,Norwich City,West Ham,0.0,4.0,,Carrow Road,K Friend,0.0,2.0,11.0,19.0,2.0,7.0,1.0,6.0,9.0,8.0,1.0,0.0,0.0,0.0,3.75,3.75,1.95,A
2019-2020,35,2020-07-11,12:30,Sat,Watford,Newcastle United,2.0,1.0,,Vicarage Road Stadium,C Pawson,0.0,1.0,17.0,8.0,5.0,4.0,2.0,4.0,23.0,15.0,1.0,4.0,0.0,0.0,1.8,3.6,4.5,H
2019-2020,35,2020-07-11,15:00,Sat,Liverpool,Burnley,1.0,1.0,,Anfield,D Coote,1.0,0.0,23.0,6.0,9.0,2.0,12.0,6.0,7.0,4.0,1.0,2.0,0.0,0.0,1.22,6.5,12.0,D
2019-2020,35,2020-07-11,17:30,Sat,Sheffield United,Chelsea,3.0,0.0,,Bramall Lane,A Marriner,2.0,0.0,9.0,15.0,4.0,4.0,4.0,6.0,8.0,6.0,1.0,0.0,0.0,0.0,6.0,3.8,1.6,H
2019-2020,35,2020-07-11,20:00,Sat,Brighton,Manchester City,0.0,5.0,,The American Express Community Stadium,G Scott,0.0,2.0,3.0,26.0,0.0,8.0,2.0,7.0,7.0,3.0,1.0,0.0,0.0,0.0,10.0,5.5,1.28,A
2019-2020,35,2020-07-12,12:00,Sun,Wolves,Everton,3.0,0.0,,Molineux Stadium,A Taylor,1.0,0.0,14.0,6.0,7.0,2.0,5.0,2.0,9.0,9.0,0.0,2.0,0.0,0.0,2.05,3.3,3.8,H
2019-2020,35,2020-07-12,14:15,Sun,Aston Villa,Crystal Palace,2.0,0.0,,Villa Park,M Atkinson,1.0,0.0,12.0,9.0,9.0,5.0,5.0,1.0,21.0,21.0,2.0,4.0,0.0,1.0,2.25,3.3,3.3,H
2019-2020,35,2020-07-12,16:30,Sun,Tottenham,Arsenal,2.0,1.0,,Tottenham Hotspur Stadium,M Oliver,1.0,1.0,15.0,13.0,9.0,4.0,6.0,5.0,16.0,11.0,5.0,3.0,0.0,0.0,2.62,3.4,2.7,H
2019-2020,35,2020-07-12,19:00,Sun,Bournemouth,Leicester City,4.0,1.0,,Vitality Stadium,S Attwell,0.0,1.0,10.0,13.0,4.0,5.0,2.0,6.0,11.0,12.0,2.0,1.0,0.0,1.0,5.25,3.8,1.66,H
2019-2020,35,2020-07-13,20:00,Mon,Manchester United,Southampton,2.0,2.0,,Old Trafford,C Kavanagh,2.0,1.0,8.0,9.0,4.0,5.0,4.0,6.0,14.0,15.0,1.0,3.0,0.0,0.0,1.3,5.5,10.0,D
2019-2020,36,2020-07-14,20:15,Tue,Chelsea,Norwich City,1.0,0.0,,Stamford Bridge,J Moss,1.0,0.0,22.0,2.0,6.0,0.0,8.0,1.0,10.0,9.0,2.0,2.0,0.0,0.0,1.12,9.5,17.0,H
2019-2020,36,2020-07-15,18:00,Wed,Newcastle United,Tottenham,1.0,3.0,,St. James' Park,D Coote,0.0,1.0,22.0,8.0,6.0,5.0,5.0,4.0,6.0,13.0,2.0,3.0,0.0,0.0,4.6,3.8,1.75,A
2019-2020,36,2020-07-15,18:00,Wed,Burnley,Wolves,1.0,1.0,,Turf Moor,M Dean,0.0,0.0,9.0,14.0,1.0,5.0,3.0,8.0,10.0,8.0,0.0,0.0,0.0,0.0,4.5,3.3,1.9,D
2019-2020,36,2020-07-15,18:00,Wed,Manchester City,Bournemouth,2.0,1.0,,Etihad Stadium,L Mason,2.0,0.0,8.0,15.0,4.0,3.0,3.0,5.0,10.0,10.0,1.0,1.0,0.0,0.0,1.14,8.5,17.0,H
2019-2020,36,2020-07-15,20:15,Wed,Arsenal,Liverpool,2.0,1.0,,Emirates Stadium,P Tierney,2.0,1.0,3.0,24.0,2.0,8.0,2.0,13.0,14.0,10.0,3.0,1.0,0.0,0.0,3.8,3.8,1.9,H
2019-2020,36,2020-07-16,18:00,Thu,Leicester City,Sheffield United,2.0,0.0,,King Power Stadium,M Oliver,1.0,0.0,15.0,5.0,7.0,1.0,9.0,5.0,12.0,10.0,1.0,2.0,0.0,0.0,2.05,3.25,3.9,H
2019-2020,36,2020-07-16,18:00,Thu,Everton,Aston Villa,1.0,1.0,,Goodison Park,A Taylor,0.0,0.0,9.0,15.0,1.0,1.0,5.0,5.0,15.0,13.0,2.0,1.0,0.0,0.0,2.0,3.5,3.75,D
2019-2020,36,2020-07-16,20:15,Thu,Crystal Palace,Manchester United,0.0,2.0,,Selhurst Park,G Scott,0.0,1.0,13.0,17.0,5.0,5.0,2.0,7.0,10.0,15.0,1.0,2.0,0.0,0.0,9.5,4.75,1.36,A
2019-2020,36,2020-07-16,20:15,Thu,Southampton,Brighton,1.0,1.0,,St. Mary's Stadium,A Marriner,0.0,1.0,21.0,10.0,6.0,2.0,8.0,2.0,6.0,10.0,1.0,0.0,0.0,0.0,2.15,3.3,3.5,D
2019-2020,36,2020-07-17,20:00,Fri,West Ham,Watford,3.0,1.0,,London Stadium,M Atkinson,3.0,0.0,10.0,14.0,4.0,3.0,9.0,3.0,11.0,11.0,0.0,2.0,0.0,0.0,2.4,3.0,3.3,H
2019-2020,37,2020-07-18,17:30,Sat,Norwich City,Burnley,0.0,2.0,,Carrow Road,K Friend,0.0,1.0,6.0,23.0,2.0,8.0,6.0,8.0,9.0,16.0,0.0,0.0,2.0,0.0,3.2,3.4,2.25,A
2019-2020,37,2020-07-19,14:00,Sun,Bournemouth,Southampton,0.0,2.0,,Vitality Stadium,C Pawson,0.0,1.0,11.0,16.0,3.0,8.0,12.0,6.0,12.0,11.0,2.0,2.0,0.0,0.0,2.4,3.6,2.8,A
2019-2020,37,2020-07-19,16:00,Sun,Tottenham,Leicester City,3.0,0.0,,Tottenham Hotspur Stadium,A Taylor,3.0,0.0,7.0,24.0,3.0,6.0,4.0,13.0,15.0,10.0,2.0,1.0,0.0,0.0,2.25,3.3,3.25,H
2019-2020,37,2020-07-20,18:00,Mon,Brighton,Newcastle United,0.0,0.0,,The American Express Community Stadium,S Hooper,0.0,0.0,11.0,12.0,3.0,1.0,9.0,7.0,13.0,12.0,4.0,2.0,0.0,0.0,1.9,3.4,4.33,D
2019-2020,37,2020-07-20,18:00,Mon,Sheffield United,Everton,0.0,1.0,,Bramall Lane,S Attwell,0.0,0.0,8.0,5.0,0.0,2.0,7.0,1.0,11.0,19.0,1.0,3.0,0.0,0.0,2.2,3.25,3.5,A
2019-2020,37,2020-07-20,20:15,Mon,Wolves,Crystal Palace,2.0,0.0,,Molineux Stadium,P Bankes,1.0,0.0,11.0,7.0,5.0,3.0,5.0,2.0,11.0,15.0,2.0,1.0,0.0,0.0,1.5,4.0,7.5,H
2019-2020,37,2020-07-21,18:00,Tue,Watford,Manchester City,0.0,4.0,,Vicarage Road Stadium,M Oliver,0.0,2.0,2.0,26.0,0.0,10.0,0.0,8.0,14.0,11.0,2.0,0.0,0.0,0.0,8.5,5.5,1.33,A
2019-2020,37,2020-07-21,20:15,Tue,Aston Villa,Arsenal,1.0,0.0,,Villa Park,C Kavanagh,1.0,0.0,8.0,7.0,3.0,0.0,8.0,9.0,13.0,19.0,2.0,4.0,0.0,0.0,3.3,3.6,2.1,H
2019-2020,37,2020-07-22,18:00,Wed,Manchester United,West Ham,1.0,1.0,,Old Trafford,P Tierney,0.0,1.0,11.0,12.0,4.0,3.0,2.0,3.0,10.0,9.0,3.0,1.0,0.0,0.0,1.22,6.5,11.0,D
2019-2020,37,2020-07-22,20:15,Wed,Liverpool,Chelsea,5.0,3.0,,Anfield,A Marriner,3.0,1.0,10.0,10.0,7.0,5.0,6.0,0.0,8.0,11.0,1.0,0.0,0.0,0.0,2.0,3.75,3.5,H
2019-2020,38,2020-07-26,16:00,Sun,Everton,Bournemouth,1.0,3.0,,Goodison Park,C Kavanagh,1.0,2.0,13.0,13.0,5.0,7.0,2.0,5.0,11.0,9.0,1.0,0.0,0.0,0.0,2.25,3.7,3.0,A
2019-2020,38,2020-07-26,16:00,Sun,Leicester City,Manchester United,0.0,2.0,,King Power Stadium,M Atkinson,0.0,0.0,14.0,7.0,3.0,3.0,3.0,3.0,12.0,11.0,1.0,4.0,1.0,0.0,3.25,3.5,2.2,A
2019-2020,38,2020-07-26,16:00,Sun,Southampton,Sheffield United,3.0,1.0,,St. Mary's Stadium,P Bankes,0.0,1.0,13.0,5.0,4.0,3.0,9.0,1.0,9.0,16.0,0.0,1.0,0.0,0.0,2.15,3.5,3.3,H
2019-2020,38,2020-07-26,16:00,Sun,Arsenal,Watford,3.0,2.0,,Emirates Stadium,M Dean,3.0,1.0,13.0,19.0,5.0,6.0,4.0,8.0,9.0,12.0,3.0,3.0,0.0,0.0,1.9,3.8,3.8,H
2019-2020,38,2020-07-26,16:00,Sun,Crystal Palace,Tottenham,1.0,1.0,,Selhurst Park,A Marriner,0.0,1.0,13.0,7.0,2.0,2.0,7.0,2.0,11.0,13.0,3.0,2.0,0.0,0.0,6.0,4.2,1.55,D
2019-2020,38,2020-07-26,16:00,Sun,Manchester City,Norwich City,5.0,0.0,,Etihad Stadium,C Pawson,2.0,0.0,31.0,5.0,10.0,4.0,9.0,0.0,7.0,4.0,1.0,1.0,0.0,0.0,1.08,11.0,26.0,H
2019-2020,38,2020-07-26,16:00,Sun,Chelsea,Wolves,2.0,0.0,,Stamford Bridge,S Attwell,2.0,0.0,11.0,5.0,3.0,1.0,3.0,3.0,10.0,16.0,2.0,3.0,0.0,0.0,1.85,3.8,4.0,H
2019-2020,38,2020-07-26,16:00,Sun,West Ham,Aston Villa,1.0,1.0,,London Stadium,M Oliver,0.0,0.0,10.0,13.0,1.0,4.0,0.0,7.0,16.0,13.0,2.0,1.0,0.0,0.0,3.0,3.6,2.3,D
2019-2020,38,2020-07-26,16:00,Sun,Newcastle United,Liverpool,1.0,3.0,,St. James' Park,A Taylor,1.0,1.0,3.0,14.0,2.0,6.0,2.0,4.0,11.0,5.0,1.0,0.0,0.0,0.0,7.5,5.25,1.36,A
2019-2020,38,2020-07-26,16:00,Sun,Burnley,Brighton,1.0,2.0,,Turf Moor,J Moss,1.0,1.0,13.0,14.0,2.0,4.0,6.0,7.0,11.0,11.0,3.0,0.0,0.0,0.0,2.37,3.4,3.0,A
2020-2021,1,2020-09-12,12:30,Sat,Fulham,Arsenal,0.0,3.0,,Craven Cottage,C Kavanagh,0.0,1.0,5.0,13.0,2.0,6.0,2.0,3.0,12.0,12.0,2.0,2.0,0.0,0.0,6.0,4.33,1.53,A
2020-2021,1,2020-09-12,15:00,Sat,Crystal Palace,Southampton,1.0,0.0,,Selhurst Park,J Moss,1.0,0.0,5.0,9.0,3.0,5.0,7.0,3.0,14.0,11.0,2.0,1.0,0.0,0.0,3.1,3.25,2.37,H
2020-2021,1,2020-09-12,17:30,Sat,Liverpool,Leeds United,4.0,3.0,,Anfield,M Oliver,3.0,2.0,22.0,6.0,6.0,3.0,9.0,0.0,9.0,6.0,1.0,0.0,0.0,0.0,1.28,6.0,9.5,H
2020-2021,1,2020-09-12,20:00,Sat,West Ham,Newcastle United,0.0,2.0,,London Stadium,S Attwell,0.0,0.0,15.0,15.0,3.0,2.0,8.0,7.0,13.0,7.0,2.0,2.0,0.0,0.0,2.15,3.4,3.4,A
2020-2021,1,2020-09-13,14:00,Sun,West Brom,Leicester City,0.0,3.0,,The Hawthorns,A Taylor,0.0,0.0,7.0,13.0,1.0,7.0,2.0,5.0,12.0,9.0,1.0,1.0,0.0,0.0,3.8,3.6,1.95,A
2020-2021,1,2020-09-13,16:30,Sun,Tottenham,Everton,0.0,1.0,,Tottenham Hotspur Stadium,M Atkinson,0.0,0.0,9.0,15.0,5.0,4.0,5.0,3.0,15.0,7.0,1.0,0.0,0.0,0.0,1.83,3.6,4.33,A
2020-2021,1,2020-09-14,18:00,Mon,Sheffield United,Wolves,0.0,2.0,,Bramall Lane,M Dean,0.0,2.0,9.0,11.0,2.0,4.0,12.0,5.0,13.0,7.0,2.0,1.0,0.0,0.0,3.25,3.1,2.37,A
2020-2021,1,2020-09-14,20:15,Mon,Brighton,Chelsea,1.0,3.0,,The American Express Community Stadium,C Pawson,0.0,1.0,13.0,10.0,3.0,5.0,4.0,3.0,8.0,13.0,1.0,0.0,0.0,0.0,5.0,4.33,1.61,A
2020-2021,2,2020-09-19,12:30,Sat,Everton,West Brom,5.0,2.0,,Goodison Park,M Dean,2.0,1.0,17.0,6.0,7.0,4.0,11.0,1.0,9.0,11.0,1.0,0.0,0.0,1.0,1.5,4.2,6.5,H
2020-2021,2,2020-09-19,15:00,Sat,Leeds United,Fulham,4.0,3.0,,Elland Road,A Taylor,2.0,1.0,10.0,14.0,7.0,6.0,5.0,3.0,13.0,18.0,1.0,2.0,0.0,0.0,1.61,3.9,5.75,H
2020-2021,2,2020-09-19,17:30,Sat,Manchester United,Crystal Palace,1.0,3.0,,Old Trafford,M Atkinson,0.0,1.0,13.0,14.0,4.0,5.0,9.0,3.0,13.0,10.0,2.0,1.0,0.0,0.0,1.3,5.5,9.5,A
2020-2021,2,2020-09-19,20:00,Sat,Arsenal,West Ham,2.0,1.0,,Emirates Stadium,M Oliver,1.0,1.0,7.0,14.0,3.0,3.0,7.0,5.0,11.0,13.0,0.0,1.0,0.0,0.0,1.53,4.5,5.5,H
2020-2021,2,2020-09-20,12:00,Sun,Southampton,Tottenham,2.0,5.0,,St. Mary's Stadium,D Coote,1.0,1.0,14.0,9.0,7.0,6.0,3.0,2.0,16.0,18.0,4.0,3.0,0.0,0.0,3.0,3.3,2.37,A
2020-2021,2,2020-09-20,14:00,Sun,Newcastle United,Brighton,0.0,3.0,,St. James' Park,K Friend,0.0,2.0,6.0,13.0,0.0,6.0,7.0,1.0,16.0,15.0,3.0,0.0,0.0,1.0,2.6,3.1,2.87,A
2020-2021,2,2020-09-20,16:30,Sun,Chelsea,Liverpool,0.0,2.0,,Stamford Bridge,P Tierney,0.0,0.0,5.0,18.0,3.0,6.0,1.0,11.0,10.0,6.0,0.0,0.0,1.0,0.0,3.1,3.6,2.2,A
2020-2021,2,2020-09-20,19:00,Sun,Leicester City,Burnley,4.0,2.0,,King Power Stadium,L Mason,1.0,1.0,14.0,16.0,6.0,5.0,15.0,4.0,11.0,13.0,1.0,2.0,0.0,0.0,1.61,4.0,5.5,H
2020-2021,2,2020-09-21,18:00,Mon,Aston Villa,Sheffield United,1.0,0.0,,Villa Park,G Scott,0.0,0.0,18.0,4.0,2.0,1.0,10.0,4.0,12.0,13.0,3.0,1.0,0.0,1.0,2.7,3.1,2.75,H
2020-2021,2,2020-09-21,20:15,Mon,Wolves,Manchester City,1.0,3.0,,Molineux Stadium,A Marriner,0.0,2.0,10.0,14.0,1.0,9.0,4.0,6.0,6.0,8.0,0.0,3.0,0.0,0.0,6.5,4.33,1.5,A
2020-2021,3,2020-09-26,12:30,Sat,Brighton,Manchester United,2.0,3.0,,The American Express Community Stadium,C Kavanagh,1.0,1.0,18.0,7.0,5.0,3.0,7.0,1.0,18.0,16.0,4.0,2.0,0.0,0.0,4.75,3.75,1.72,A
2020-2021,3,2020-09-26,15:00,Sat,Crystal Palace,Everton,1.0,2.0,,Selhurst Park,K Friend,1.0,2.0,8.0,10.0,1.0,5.0,7.0,6.0,16.0,15.0,3.0,1.0,0.0,0.0,3.75,3.25,2.1,A
2020-2021,3,2020-09-26,17:30,Sat,West Brom,Chelsea,3.0,3.0,,The Hawthorns,J Moss,3.0,0.0,9.0,22.0,3.0,10.0,3.0,9.0,8.0,16.0,1.0,3.0,0.0,0.0,9.0,4.75,1.36,D
2020-2021,3,2020-09-26,20:00,Sat,Burnley,Southampton,0.0,1.0,,Turf Moor,A Marriner,0.0,1.0,10.0,5.0,2.0,1.0,8.0,2.0,8.0,10.0,1.0,0.0,0.0,0.0,3.2,3.3,2.3,A
2020-2021,3,2020-09-27,12:00,Sun,Sheffield United,Leeds United,0.0,1.0,,Bramall Lane,P Tierney,0.0,0.0,14.0,17.0,4.0,9.0,5.0,7.0,18.0,4.0,2.0,1.0,0.0,0.0,2.7,3.3,2.62,A
2020-2021,3,2020-09-27,14:00,Sun,Tottenham,Newcastle United,1.0,1.0,,Tottenham Hotspur Stadium,P Bankes,1.0,0.0,23.0,6.0,12.0,1.0,10.0,4.0,15.0,9.0,1.0,4.0,0.0,0.0,1.45,4.5,7.0,D
2020-2021,3,2020-09-27,16:30,Sun,Manchester City,Leicester City,2.0,5.0,,Etihad Stadium,M Oliver,1.0,1.0,16.0,7.0,5.0,7.0,3.0,4.0,13.0,8.0,1.0,3.0,0.0,0.0,1.28,6.0,9.5,A
2020-2021,3,2020-09-27,19:00,Sun,West Ham,Wolves,4.0,0.0,,London Stadium,M Atkinson,1.0,0.0,15.0,11.0,7.0,2.0,1.0,3.0,7.0,11.0,0.0,1.0,0.0,0.0,3.6,3.5,2.05,H
2020-2021,3,2020-09-28,17:45,Mon,Fulham,Aston Villa,0.0,3.0,,Craven Cottage,S Attwell,0.0,2.0,16.0,12.0,3.0,5.0,5.0,3.0,18.0,14.0,6.0,3.0,0.0,0.0,2.9,3.25,2.5,A
2020-2021,3,2020-09-28,20:00,Mon,Liverpool,Arsenal,3.0,1.0,,Anfield,C Pawson,2.0,1.0,21.0,4.0,8.0,3.0,7.0,3.0,11.0,7.0,2.0,2.0,0.0,0.0,1.45,4.75,6.5,H
2020-2021,4,2020-10-03,12:30,Sat,Chelsea,Crystal Palace,4.0,0.0,,Stamford Bridge,M Oliver,0.0,0.0,17.0,4.0,6.0,0.0,8.0,5.0,17.0,13.0,2.0,0.0,0.0,0.0,1.4,4.75,8.0,H
2020-2021,4,2020-10-03,15:00,Sat,Everton,Brighton,4.0,2.0,,Goodison Park,S Hooper,2.0,1.0,11.0,11.0,6.0,3.0,3.0,10.0,13.0,14.0,0.0,1.0,0.0,0.0,1.72,3.75,4.8,H
2020-2021,4,2020-10-03,17:30,Sat,Leeds United,Manchester City,1.0,1.0,,Elland Road,M Dean,0.0,1.0,12.0,23.0,7.0,2.0,7.0,10.0,11.0,12.0,2.0,1.0,0.0,0.0,7.5,5.25,1.36,D
2020-2021,4,2020-10-03,20:00,Sat,Newcastle United,Burnley,3.0,1.0,,St. James' Park,D Coote,1.0,0.0,10.0,7.0,5.0,3.0,3.0,4.0,13.0,17.0,2.0,3.0,0.0,0.0,2.4,3.2,3.1,H
2020-2021,4,2020-10-04,12:00,Sun,Southampton,West Brom,2.0,0.0,,St. Mary's Stadium,C Kavanagh,1.0,0.0,13.0,5.0,7.0,2.0,5.0,1.0,19.0,10.0,2.0,1.0,0.0,0.0,1.72,3.8,4.75,H
2020-2021,4,2020-10-04,12:00,Sun,Leicester City,West Ham,0.0,3.0,,King Power Stadium,A Madley,0.0,2.0,4.0,14.0,0.0,6.0,6.0,4.0,11.0,8.0,2.0,2.0,0.0,0.0,1.61,4.2,5.25,A
2020-2021,4,2020-10-04,14:00,Sun,Arsenal,Sheffield United,2.0,1.0,,Emirates Stadium,L Mason,0.0,0.0,6.0,6.0,5.0,2.0,2.0,4.0,3.0,9.0,0.0,1.0,0.0,0.0,1.57,4.0,6.0,H
2020-2021,4,2020-10-04,14:00,Sun,Wolves,Fulham,1.0,0.0,,Molineux Stadium,D England,0.0,0.0,14.0,10.0,5.0,2.0,6.0,2.0,15.0,8.0,1.0,1.0,0.0,0.0,1.5,4.0,7.5,H
2020-2021,4,2020-10-04,16:30,Sun,Manchester United,Tottenham,1.0,6.0,,Old Trafford,A Taylor,1.0,4.0,5.0,22.0,2.0,8.0,2.0,4.0,14.0,10.0,2.0,1.0,1.0,0.0,1.85,3.8,4.0,A
2020-2021,4,2020-10-04,19:15,Sun,Aston Villa,Liverpool,7.0,2.0,,Villa Park,M Atkinson,4.0,1.0,18.0,14.0,11.0,8.0,2.0,7.0,7.0,10.0,2.0,1.0,0.0,0.0,10.0,5.5,1.3,H
2020-2021,5,2020-10-17,12:30,Sat,Everton,Liverpool,2.0,2.0,,Goodison Park,M Oliver,1.0,1.0,11.0,22.0,5.0,8.0,2.0,5.0,15.0,9.0,3.0,2.0,1.0,0.0,3.75,4.2,1.83,D
2020-2021,5,2020-10-17,15:00,Sat,Chelsea,Southampton,3.0,3.0,,Stamford Bridge,P Bankes,2.0,1.0,11.0,13.0,5.0,6.0,6.0,2.0,11.0,9.0,1.0,1.0,0.0,0.0,1.45,4.75,6.5,D
2020-2021,5,2020-10-17,17:30,Sat,Manchester City,Arsenal,1.0,0.0,,Etihad Stadium,C Kavanagh,1.0,0.0,13.0,11.0,5.0,3.0,6.0,6.0,15.0,10.0,4.0,1.0,0.0,0.0,1.44,5.0,6.5,H
2020-2021,5,2020-10-17,20:00,Sat,Newcastle United,Manchester United,1.0,4.0,,St. James' Park,C Pawson,1.0,1.0,7.0,28.0,4.0,14.0,0.0,7.0,9.0,12.0,1.0,1.0,0.0,0.0,4.75,4.0,1.66,A
2020-2021,5,2020-10-18,12:00,Sun,Sheffield United,Fulham,1.0,1.0,,Bramall Lane,A Marriner,0.0,0.0,10.0,15.0,6.0,6.0,2.0,5.0,5.0,9.0,0.0,2.0,0.0,0.0,2.1,3.3,3.7,D
2020-2021,5,2020-10-18,14:00,Sun,Crystal Palace,Brighton,1.0,1.0,,Selhurst Park,S Attwell,1.0,0.0,1.0,20.0,1.0,3.0,2.0,5.0,13.0,12.0,3.0,2.0,0.0,1.0,2.62,3.3,2.7,D
2020-2021,5,2020-10-18,16:30,Sun,Tottenham,West Ham,3.0,3.0,,Tottenham Hotspur Stadium,P Tierney,3.0,0.0,11.0,13.0,6.0,4.0,3.0,7.0,13.0,12.0,0.0,5.0,0.0,0.0,1.57,4.33,5.5,D
2020-2021,5,2020-10-18,19:15,Sun,Leicester City,Aston Villa,0.0,1.0,,King Power Stadium,J Moss,0.0,0.0,11.0,10.0,5.0,4.0,2.0,7.0,18.0,18.0,4.0,3.0,0.0,0.0,1.83,3.8,4.1,A
2020-2021,5,2020-10-19,17:30,Mon,West Brom,Burnley,0.0,0.0,,The Hawthorns,A Taylor,0.0,0.0,13.0,9.0,6.0,4.0,8.0,2.0,15.0,17.0,2.0,2.0,0.0,0.0,2.45,3.3,2.9,D
2020-2021,5,2020-10-19,20:00,Mon,Leeds United,Wolves,0.0,1.0,,Elland Road,D Coote,0.0,0.0,13.0,7.0,2.0,3.0,8.0,3.0,13.0,12.0,2.0,1.0,0.0,0.0,2.5,3.3,2.87,A
2020-2021,6,2020-10-23,20:00,Fri,Aston Villa,Leeds United,0.0,3.0,,Villa Park,P Tierney,0.0,0.0,12.0,27.0,4.0,9.0,6.0,5.0,14.0,17.0,2.0,2.0,0.0,0.0,2.05,3.75,3.3,A
2020-2021,6,2020-10-24,12:30,Sat,West Ham,Manchester City,1.0,1.0,,London Stadium,A Taylor,1.0,0.0,6.0,14.0,2.0,7.0,2.0,10.0,14.0,6.0,2.0,0.0,0.0,0.0,8.0,5.25,1.36,D
2020-2021,6,2020-10-24,15:00,Sat,Fulham,Crystal Palace,1.0,2.0,,Craven Cottage,G Scott,0.0,1.0,16.0,14.0,3.0,10.0,4.0,4.0,11.0,11.0,0.0,1.0,1.0,0.0,2.75,3.1,2.7,A
2020-2021,6,2020-10-24,17:30,Sat,Manchester United,Chelsea,0.0,0.0,,Old Trafford,M Atkinson,0.0,0.0,14.0,6.0,4.0,1.0,9.0,6.0,8.0,6.0,3.0,1.0,0.0,0.0,2.37,3.6,2.8,D
2020-2021,6,2020-10-24,20:00,Sat,Liverpool,Sheffield United,2.0,1.0,,Anfield,M Dean,1.0,1.0,17.0,13.0,5.0,2.0,7.0,3.0,7.0,15.0,0.0,3.0,0.0,0.0,1.22,6.5,12.0,H
2020-2021,6,2020-10-25,14:00,Sun,Southampton,Everton,2.0,0.0,,St. Mary's Stadium,K Friend,2.0,0.0,12.0,6.0,6.0,2.0,4.0,5.0,11.0,11.0,1.0,2.0,0.0,1.0,2.75,3.4,2.55,H
2020-2021,6,2020-10-25,16:30,Sun,Wolves,Newcastle United,1.0,1.0,,Molineux Stadium,L Mason,0.0,0.0,16.0,5.0,3.0,2.0,2.0,3.0,10.0,10.0,0.0,1.0,0.0,0.0,1.75,3.5,5.25,D
2020-2021,6,2020-10-25,19:15,Sun,Arsenal,Leicester City,0.0,1.0,,Emirates Stadium,C Pawson,0.0,0.0,12.0,6.0,4.0,2.0,9.0,3.0,13.0,9.0,3.0,5.0,0.0,0.0,1.9,3.75,3.8,A
2020-2021,6,2020-10-26,17:30,Mon,Brighton,West Brom,1.0,1.0,,The American Express Community Stadium,J Moss,1.0,0.0,5.0,9.0,3.0,3.0,6.0,2.0,14.0,7.0,2.0,0.0,0.0,0.0,1.7,4.0,4.75,D
2020-2021,6,2020-10-26,20:00,Mon,Burnley,Tottenham,0.0,1.0,,Turf Moor,M Oliver,0.0,0.0,13.0,9.0,4.0,3.0,4.0,5.0,9.0,7.0,2.0,0.0,0.0,0.0,5.75,4.0,1.6,A
2020-2021,7,2020-10-30,20:00,Fri,Wolves,Crystal Palace,2.0,0.0,,Molineux Stadium,M Atkinson,2.0,0.0,15.0,11.0,5.0,2.0,7.0,6.0,13.0,4.0,0.0,2.0,0.0,1.0,2.0,3.2,4.33,H
2020-2021,7,2020-10-31,12:30,Sat,Sheffield United,Manchester City,0.0,1.0,,Bramall Lane,M Oliver,0.0,1.0,5.0,16.0,1.0,8.0,2.0,5.0,14.0,6.0,0.0,0.0,0.0,0.0,9.5,6.0,1.28,A
2020-2021,7,2020-10-31,15:00,Sat,Burnley,Chelsea,0.0,3.0,,Turf Moor,D Coote,0.0,1.0,5.0,14.0,0.0,9.0,3.0,4.0,10.0,15.0,1.0,0.0,0.0,0.0,6.0,4.5,1.5,A
2020-2021,7,2020-10-31,17:30,Sat,Liverpool,West Ham,2.0,1.0,,Anfield,K Friend,1.0,1.0,9.0,4.0,5.0,3.0,1.0,2.0,13.0,14.0,0.0,1.0,0.0,0.0,1.36,5.25,7.5,H
2020-2021,7,2020-11-01,12:00,Sun,Aston Villa,Southampton,3.0,4.0,,Villa Park,D England,0.0,3.0,19.0,9.0,10.0,4.0,11.0,1.0,12.0,17.0,1.0,2.0,0.0,0.0,2.45,3.5,2.8,A
2020-2021,7,2020-11-01,14:00,Sun,Newcastle United,Everton,2.0,1.0,,St. James' Park,S Attwell,0.0,0.0,11.0,15.0,4.0,4.0,5.0,4.0,9.0,10.0,2.0,4.0,0.0,0.0,3.7,3.4,2.05,H
2020-2021,7,2020-11-01,16:30,Sun,Manchester United,Arsenal,0.0,1.0,,Old Trafford,M Dean,0.0,0.0,8.0,7.0,2.0,2.0,6.0,3.0,12.0,12.0,3.0,3.0,0.0,0.0,2.0,3.6,3.6,A
2020-2021,7,2020-11-01,19:15,Sun,Tottenham,Brighton,2.0,1.0,,Tottenham Hotspur Stadium,G Scott,1.0,0.0,9.0,6.0,3.0,2.0,4.0,5.0,14.0,13.0,2.0,1.0,0.0,0.0,1.61,4.0,5.5,H
2020-2021,7,2020-11-02,17:30,Mon,Fulham,West Brom,2.0,0.0,,Craven Cottage,S Hooper,2.0,0.0,13.0,10.0,6.0,1.0,5.0,2.0,13.0,11.0,3.0,2.0,0.0,0.0,2.4,3.3,3.0,H
2020-2021,7,2020-11-02,20:00,Mon,Leeds United,Leicester City,1.0,4.0,,Elland Road,A Marriner,0.0,2.0,11.0,10.0,4.0,8.0,10.0,3.0,9.0,5.0,1.0,1.0,0.0,0.0,2.5,3.6,2.62,A
2020-2021,8,2020-11-06,17:30,Fri,Brighton,Burnley,0.0,0.0,,The American Express Community Stadium,M Dean,0.0,0.0,19.0,4.0,3.0,1.0,5.0,3.0,11.0,5.0,1.0,0.0,0.0,0.0,1.85,3.5,4.33,D
2020-2021,8,2020-11-06,20:00,Fri,Southampton,Newcastle United,2.0,0.0,,St. Mary's Stadium,P Bankes,1.0,0.0,15.0,4.0,8.0,2.0,8.0,3.0,12.0,11.0,1.0,2.0,0.0,0.0,2.0,3.6,3.7,H
2020-2021,8,2020-11-07,12:30,Sat,Everton,Manchester United,1.0,3.0,,Goodison Park,P Tierney,1.0,2.0,7.0,13.0,1.0,5.0,5.0,2.0,12.0,19.0,4.0,2.0,0.0,0.0,2.9,3.5,2.37,A
2020-2021,8,2020-11-07,15:00,Sat,Crystal Palace,Leeds United,4.0,1.0,,Selhurst Park,C Kavanagh,3.0,1.0,10.0,9.0,6.0,3.0,3.0,6.0,9.0,1.0,0.0,2.0,0.0,0.0,2.87,3.4,2.45,H
2020-2021,8,2020-11-07,17:30,Sat,Chelsea,Sheffield United,4.0,1.0,,Stamford Bridge,J Moss,2.0,1.0,20.0,6.0,9.0,3.0,6.0,7.0,5.0,14.0,0.0,2.0,0.0,0.0,1.36,5.0,8.5,H
2020-2021,8,2020-11-07,20:00,Sat,West Ham,Fulham,1.0,0.0,,London Stadium,R Jones,0.0,0.0,16.0,13.0,7.0,3.0,9.0,5.0,10.0,9.0,2.0,2.0,0.0,0.0,1.83,3.75,4.2,H
2020-2021,8,2020-11-08,12:00,Sun,West Brom,Tottenham,0.0,1.0,,The Hawthorns,A Madley,0.0,0.0,12.0,19.0,2.0,5.0,9.0,6.0,17.0,12.0,1.0,0.0,0.0,0.0,7.0,4.33,1.45,A
2020-2021,8,2020-11-08,14:00,Sun,Leicester City,Wolves,1.0,0.0,,King Power Stadium,A Taylor,1.0,0.0,10.0,7.0,3.0,2.0,6.0,3.0,12.0,8.0,2.0,3.0,0.0,0.0,2.3,3.2,3.25,H
2020-2021,8,2020-11-08,16:30,Sun,Manchester City,Liverpool,1.0,1.0,,Etihad Stadium,C Pawson,1.0,1.0,7.0,10.0,2.0,3.0,1.0,2.0,19.0,11.0,3.0,1.0,0.0,0.0,1.95,4.2,3.4,D
2020-2021,8,2020-11-08,19:15,Sun,Arsenal,Aston Villa,0.0,3.0,,Emirates Stadium,M Atkinson,0.0,1.0,13.0,15.0,2.0,6.0,3.0,8.0,11.0,13.0,0.0,0.0,0.0,0.0,1.65,4.1,5.0,A
2020-2021,9,2020-11-21,12:30,Sat,Newcastle United,Chelsea,0.0,2.0,,St. James' Park,C Pawson,0.0,1.0,8.0,14.0,1.0,3.0,7.0,4.0,11.0,12.0,2.0,0.0,0.0,0.0,6.5,4.75,1.45,A
2020-2021,9,2020-11-21,15:00,Sat,Aston Villa,Brighton,1.0,2.0,,Villa Park,M Oliver,0.0,1.0,15.0,7.0,4.0,3.0,12.0,3.0,5.0,18.0,2.0,1.0,0.0,1.0,2.15,3.6,3.2,A
2020-2021,9,2020-11-21,17:30,Sat,Tottenham,Manchester City,2.0,0.0,,Tottenham Hotspur Stadium,M Dean,1.0,0.0,4.0,22.0,2.0,5.0,0.0,10.0,13.0,19.0,2.0,2.0,0.0,0.0,4.0,4.0,1.8,H
2020-2021,9,2020-11-21,20:00,Sat,Manchester United,West Brom,1.0,0.0,,Old Trafford,D Coote,0.0,0.0,17.0,7.0,7.0,2.0,8.0,2.0,12.0,17.0,1.0,1.0,0.0,0.0,1.3,5.5,9.5,H
2020-2021,9,2020-11-22,12:00,Sun,Fulham,Everton,2.0,3.0,,Craven Cottage,A Madley,1.0,3.0,14.0,9.0,6.0,7.0,2.0,5.0,14.0,10.0,2.0,0.0,0.0,0.0,3.9,3.9,1.85,A
2020-2021,9,2020-11-22,14:00,Sun,Sheffield United,West Ham,0.0,1.0,,Bramall Lane,M Atkinson,0.0,0.0,9.0,15.0,5.0,3.0,2.0,6.0,7.0,6.0,0.0,0.0,0.0,0.0,3.0,3.25,2.4,A
2020-2021,9,2020-11-22,16:30,Sun,Leeds United,Arsenal,0.0,0.0,,Elland Road,A Taylor,0.0,0.0,25.0,9.0,4.0,2.0,5.0,3.0,9.0,8.0,3.0,0.0,0.0,1.0,3.0,3.75,2.2,D
2020-2021,9,2020-11-22,19:15,Sun,Liverpool,Leicester City,3.0,0.0,,Anfield,C Kavanagh,2.0,0.0,24.0,11.0,13.0,4.0,10.0,3.0,15.0,6.0,0.0,2.0,0.0,0.0,1.85,4.0,3.8,H
2020-2021,9,2020-11-23,17:30,Mon,Burnley,Crystal Palace,1.0,0.0,,Turf Moor,K Friend,1.0,0.0,10.0,15.0,4.0,5.0,4.0,7.0,13.0,9.0,2.0,0.0,0.0,0.0,2.75,3.1,2.75,H
2020-2021,9,2020-11-23,20:00,Mon,Wolves,Southampton,1.0,1.0,,Molineux Stadium,A Marriner,0.0,0.0,20.0,7.0,9.0,2.0,7.0,4.0,14.0,13.0,2.0,0.0,0.0,0.0,2.3,3.25,3.25,D
2020-2021,10,2020-11-27,20:00,Fri,Crystal Palace,Newcastle United,0.0,2.0,,Selhurst Park,G Scott,0.0,0.0,12.0,14.0,3.0,7.0,7.0,3.0,9.0,10.0,2.0,2.0,0.0,0.0,2.05,3.25,3.75,A
2020-2021,10,2020-11-28,12:30,Sat,Brighton,Liverpool,1.0,1.0,,The American Express Community Stadium,S Attwell,0.0,0.0,11.0,6.0,3.0,2.0,4.0,3.0,9.0,13.0,2.0,1.0,0.0,0.0,5.5,4.2,1.57,D
2020-2021,10,2020-11-28,15:00,Sat,Manchester City,Burnley,5.0,0.0,,Etihad Stadium,L Mason,3.0,0.0,19.0,9.0,6.0,1.0,6.0,4.0,12.0,4.0,0.0,0.0,0.0,0.0,1.16,7.5,16.0,H
2020-2021,10,2020-11-28,17:30,Sat,Everton,Leeds United,0.0,1.0,,Goodison Park,C Kavanagh,0.0,0.0,15.0,23.0,8.0,7.0,4.0,2.0,8.0,14.0,1.0,2.0,0.0,0.0,1.95,3.8,3.6,A
2020-2021,10,2020-11-28,20:00,Sat,West Brom,Sheffield United,1.0,0.0,,The Hawthorns,M Dean,1.0,0.0,17.0,21.0,6.0,5.0,14.0,9.0,10.0,9.0,2.0,3.0,0.0,0.0,2.6,3.2,2.8,H
2020-2021,10,2020-11-29,14:00,Sun,Southampton,Manchester United,2.0,3.0,,St. Mary's Stadium,J Moss,2.0,0.0,10.0,15.0,5.0,6.0,5.0,9.0,12.0,12.0,1.0,0.0,0.0,0.0,4.0,3.5,1.95,A
2020-2021,10,2020-11-29,16:30,Sun,Chelsea,Tottenham,0.0,0.0,,Stamford Bridge,P Tierney,0.0,0.0,13.0,5.0,3.0,1.0,3.0,3.0,20.0,9.0,4.0,2.0,0.0,0.0,2.05,3.5,3.6,D
2020-2021,10,2020-11-29,19:15,Sun,Arsenal,Wolves,1.0,2.0,,Emirates Stadium,M Oliver,1.0,2.0,13.0,11.0,2.0,5.0,8.0,4.0,13.0,13.0,3.0,4.0,0.0,0.0,2.05,3.4,3.75,A
2020-2021,10,2020-11-30,17:30,Mon,Leicester City,Fulham,1.0,2.0,,King Power Stadium,S Hooper,0.0,2.0,16.0,10.0,3.0,5.0,6.0,5.0,9.0,21.0,0.0,2.0,0.0,0.0,1.5,4.33,6.5,A
2020-2021,10,2020-11-30,20:00,Mon,West Ham,Aston Villa,2.0,1.0,,London Stadium,P Bankes,1.0,1.0,6.0,16.0,2.0,6.0,3.0,7.0,20.0,7.0,1.0,1.0,0.0,0.0,2.25,3.6,3.0,H
2020-2021,11,2020-12-05,12:30,Sat,Burnley,Everton,1.0,1.0,,Turf Moor,A Taylor,1.0,1.0,8.0,13.0,3.0,6.0,8.0,4.0,6.0,9.0,0.0,0.0,0.0,0.0,4.0,3.5,1.9,D
2020-2021,11,2020-12-05,15:00,Sat,Manchester City,Fulham,2.0,0.0,,Etihad Stadium,J Moss,2.0,0.0,16.0,6.0,6.0,1.0,9.0,3.0,7.0,6.0,0.0,0.0,0.0,0.0,1.1,11.0,19.0,H
2020-2021,11,2020-12-05,17:30,Sat,West Ham,Manchester United,1.0,3.0,2000.0,London Stadium,A Marriner,1.0,0.0,19.0,15.0,6.0,6.0,5.0,4.0,9.0,10.0,0.0,0.0,0.0,0.0,3.6,3.6,2.0,A
2020-2021,11,2020-12-05,20:00,Sat,Chelsea,Leeds United,3.0,1.0,2000.0,Stamford Bridge,K Friend,1.0,1.0,23.0,8.0,11.0,3.0,8.0,4.0,12.0,9.0,0.0,2.0,0.0,0.0,1.5,4.5,6.0,H
2020-2021,11,2020-12-06,12:00,Sun,West Brom,Crystal Palace,1.0,5.0,,The Hawthorns,P Tierney,1.0,1.0,9.0,18.0,4.0,6.0,4.0,6.0,10.0,16.0,2.0,2.0,1.0,0.0,2.87,3.2,2.55,A
2020-2021,11,2020-12-06,14:15,Sun,Sheffield United,Leicester City,1.0,2.0,,Bramall Lane,S Attwell,1.0,1.0,4.0,13.0,1.0,4.0,6.0,5.0,13.0,6.0,1.0,3.0,0.0,0.0,3.8,3.5,1.95,A
2020-2021,11,2020-12-06,16:30,Sun,Tottenham,Arsenal,2.0,0.0,2000.0,Tottenham Hotspur Stadium,M Atkinson,2.0,0.0,6.0,11.0,3.0,2.0,3.0,9.0,16.0,12.0,1.0,2.0,0.0,0.0,1.95,3.6,3.8,H
2020-2021,11,2020-12-06,19:15,Sun,Liverpool,Wolves,4.0,0.0,2000.0,Anfield,C Pawson,1.0,0.0,11.0,9.0,6.0,3.0,4.0,6.0,8.0,14.0,1.0,1.0,0.0,0.0,1.5,4.33,6.5,H
2020-2021,11,2020-12-07,20:00,Mon,Brighton,Southampton,1.0,2.0,2000.0,The American Express Community Stadium,D Coote,1.0,1.0,12.0,10.0,4.0,3.0,4.0,3.0,12.0,12.0,3.0,3.0,0.0,0.0,2.45,3.4,2.9,A
2020-2021,12,2020-12-11,20:00,Fri,Leeds United,West Ham,1.0,2.0,,Elland Road,M Oliver,1.0,1.0,13.0,19.0,7.0,8.0,5.0,6.0,12.0,10.0,1.0,2.0,0.0,0.0,2.15,3.7,3.1,A
2020-2021,12,2020-12-12,12:30,Sat,Wolves,Aston Villa,0.0,1.0,,Molineux Stadium,M Dean,0.0,0.0,16.0,13.0,7.0,2.0,5.0,8.0,23.0,15.0,2.0,5.0,0.0,0.0,2.25,3.25,3.25,A
2020-2021,12,2020-12-12,15:00,Sat,Newcastle United,West Brom,2.0,1.0,,St. James' Park,D England,1.0,0.0,12.0,13.0,7.0,3.0,4.0,3.0,9.0,12.0,2.0,3.0,0.0,0.0,2.45,3.2,3.0,H
2020-2021,12,2020-12-12,17:30,Sat,Manchester United,Manchester City,0.0,0.0,,Old Trafford,C Kavanagh,0.0,0.0,11.0,9.0,2.0,2.0,4.0,3.0,13.0,6.0,1.0,1.0,0.0,0.0,4.33,4.2,1.72,D
2020-2021,12,2020-12-12,20:00,Sat,Everton,Chelsea,1.0,0.0,2000.0,Goodison Park,J Moss,1.0,0.0,9.0,10.0,4.0,3.0,6.0,6.0,10.0,11.0,2.0,3.0,0.0,0.0,4.33,4.2,1.7,H
2020-2021,12,2020-12-13,12:00,Sun,Southampton,Sheffield United,3.0,0.0,2000.0,St. Mary's Stadium,A Madley,1.0,0.0,16.0,3.0,6.0,0.0,8.0,4.0,8.0,14.0,0.0,1.0,0.0,0.0,1.7,3.75,5.0,H
2020-2021,12,2020-12-13,14:15,Sun,Crystal Palace,Tottenham,1.0,1.0,2000.0,Selhurst Park,K Friend,0.0,1.0,16.0,14.0,5.0,6.0,4.0,7.0,15.0,11.0,1.0,1.0,0.0,0.0,4.5,3.9,1.72,D
2020-2021,12,2020-12-13,16:30,Sun,Fulham,Liverpool,1.0,1.0,2000.0,Craven Cottage,A Marriner,1.0,0.0,10.0,12.0,5.0,6.0,6.0,8.0,9.0,5.0,3.0,1.0,0.0,0.0,9.0,5.5,1.3,D
2020-2021,12,2020-12-13,19:15,Sun,Leicester City,Brighton,3.0,0.0,,King Power Stadium,M Atkinson,3.0,0.0,15.0,12.0,6.0,4.0,9.0,5.0,9.0,11.0,2.0,1.0,0.0,0.0,2.0,3.5,3.8,H
2020-2021,12,2020-12-13,19:15,Sun,Arsenal,Burnley,0.0,1.0,2000.0,Emirates Stadium,G Scott,0.0,0.0,18.0,10.0,6.0,2.0,13.0,4.0,5.0,11.0,2.0,1.0,1.0,0.0,1.53,4.2,6.25,A
2020-2021,13,2020-12-15,18:00,Tue,Wolves,Chelsea,2.0,1.0,,Molineux Stadium,S Attwell,0.0,0.0,12.0,13.0,4.0,3.0,5.0,6.0,12.0,12.0,2.0,2.0,0.0,0.0,5.25,3.8,1.66,H
2020-2021,13,2020-12-15,20:00,Tue,Manchester City,West Brom,1.0,1.0,,Etihad Stadium,P Bankes,1.0,1.0,26.0,5.0,7.0,1.0,13.0,2.0,5.0,8.0,2.0,3.0,0.0,0.0,1.09,11.0,21.0,D
2020-2021,13,2020-12-16,18:00,Wed,Arsenal,Southampton,1.0,1.0,,Emirates Stadium,P Tierney,0.0,1.0,9.0,13.0,4.0,3.0,2.0,7.0,13.0,13.0,1.0,3.0,1.0,0.0,2.25,3.5,3.1,D
2020-2021,13,2020-12-16,18:00,Wed,Leicester City,Everton,0.0,2.0,,King Power Stadium,L Mason,0.0,1.0,14.0,11.0,2.0,6.0,4.0,6.0,12.0,9.0,2.0,3.0,0.0,0.0,2.15,3.6,3.25,A
2020-2021,13,2020-12-16,18:00,Wed,Leeds United,Newcastle United,5.0,2.0,,Elland Road,S Hooper,1.0,1.0,25.0,10.0,10.0,4.0,7.0,4.0,10.0,13.0,3.0,1.0,0.0,0.0,1.75,4.0,4.33,H
2020-2021,13,2020-12-16,20:00,Wed,Liverpool,Tottenham,2.0,1.0,2000.0,Anfield,A Taylor,1.0,1.0,17.0,8.0,11.0,2.0,7.0,4.0,8.0,9.0,0.0,2.0,0.0,0.0,1.75,3.8,4.5,H
2020-2021,13,2020-12-16,20:00,Wed,West Ham,Crystal Palace,1.0,1.0,,London Stadium,D Coote,0.0,1.0,9.0,8.0,2.0,2.0,5.0,3.0,8.0,12.0,0.0,1.0,0.0,1.0,2.05,3.4,3.6,D
2020-2021,13,2020-12-16,20:00,Wed,Fulham,Brighton,0.0,0.0,,Craven Cottage,R Jones,0.0,0.0,9.0,9.0,4.0,4.0,1.0,8.0,15.0,11.0,1.0,0.0,0.0,0.0,2.87,3.3,2.5,D
2020-2021,13,2020-12-17,18:00,Thu,Aston Villa,Burnley,0.0,0.0,,Villa Park,C Pawson,0.0,0.0,27.0,6.0,7.0,4.0,11.0,1.0,17.0,19.0,1.0,1.0,0.0,0.0,1.75,3.8,4.5,D
2020-2021,13,2020-12-17,20:00,Thu,Sheffield United,Manchester United,2.0,3.0,,Bramall Lane,M Oliver,1.0,2.0,12.0,14.0,6.0,8.0,6.0,3.0,17.0,8.0,3.0,2.0,0.0,0.0,7.0,4.6,1.44,A
2020-2021,14,2020-12-19,12:30,Sat,Crystal Palace,Liverpool,0.0,7.0,,Selhurst Park,J Moss,0.0,3.0,5.0,14.0,3.0,8.0,5.0,4.0,5.0,11.0,1.0,0.0,0.0,0.0,6.5,4.33,1.5,A
2020-2021,14,2020-12-19,15:00,Sat,Southampton,Manchester City,0.0,1.0,,St. Mary's Stadium,M Dean,0.0,1.0,9.0,11.0,3.0,5.0,6.0,6.0,9.0,11.0,2.0,2.0,0.0,0.0,7.0,4.5,1.44,A
2020-2021,14,2020-12-19,17:30,Sat,Everton,Arsenal,2.0,1.0,,Goodison Park,A Marriner,2.0,1.0,9.0,13.0,2.0,2.0,4.0,3.0,9.0,9.0,1.0,3.0,0.0,0.0,2.45,3.5,2.8,H
2020-2021,14,2020-12-19,20:00,Sat,Newcastle United,Fulham,1.0,1.0,,St. James' Park,G Scott,0.0,1.0,12.0,11.0,5.0,4.0,2.0,9.0,7.0,17.0,1.0,2.0,0.0,1.0,2.5,3.25,2.9,D
2020-2021,14,2020-12-20,12:00,Sun,Brighton,Sheffield United,1.0,1.0,,The American Express Community Stadium,P Bankes,0.0,0.0,21.0,5.0,5.0,3.0,14.0,2.0,9.0,11.0,1.0,5.0,0.0,1.0,1.65,3.75,5.5,D
2020-2021,14,2020-12-20,14:15,Sun,Tottenham,Leicester City,0.0,2.0,,Tottenham Hotspur Stadium,C Pawson,0.0,1.0,8.0,17.0,3.0,4.0,5.0,3.0,15.0,14.0,2.0,2.0,0.0,0.0,2.05,3.5,3.6,A
2020-2021,14,2020-12-20,16:30,Sun,Manchester United,Leeds United,6.0,2.0,,Old Trafford,A Taylor,4.0,1.0,26.0,17.0,14.0,3.0,11.0,13.0,6.0,6.0,1.0,0.0,0.0,0.0,1.66,4.33,4.5,H
2020-2021,14,2020-12-20,19:15,Sun,West Brom,Aston Villa,0.0,3.0,,The Hawthorns,M Atkinson,0.0,1.0,1.0,19.0,1.0,10.0,1.0,7.0,14.0,8.0,1.0,2.0,1.0,0.0,3.6,3.8,1.95,A
2020-2021,14,2020-12-21,17:30,Mon,Burnley,Wolves,2.0,1.0,,Turf Moor,L Mason,1.0,0.0,10.0,15.0,4.0,3.0,1.0,7.0,11.0,15.0,2.0,1.0,0.0,0.0,3.5,3.25,2.2,H
2020-2021,14,2020-12-21,20:00,Mon,Chelsea,West Ham,3.0,0.0,,Stamford Bridge,C Kavanagh,1.0,0.0,11.0,6.0,7.0,0.0,5.0,4.0,11.0,6.0,0.0,0.0,0.0,0.0,1.44,5.0,6.25,H
2020-2021,15,2020-12-26,12:30,Sat,Leicester City,Manchester United,2.0,2.0,,King Power Stadium,M Dean,1.0,1.0,10.0,9.0,2.0,4.0,5.0,0.0,10.0,17.0,2.0,1.0,0.0,0.0,2.9,3.6,2.3,D
2020-2021,15,2020-12-26,15:00,Sat,Aston Villa,Crystal Palace,3.0,0.0,,Villa Park,A Taylor,1.0,0.0,21.0,13.0,10.0,6.0,4.0,4.0,18.0,16.0,1.0,4.0,1.0,0.0,1.9,3.75,3.8,H
2020-2021,15,2020-12-26,15:00,Sat,Fulham,Southampton,0.0,0.0,,Craven Cottage,D England,0.0,0.0,10.0,3.0,1.0,2.0,6.0,3.0,15.0,12.0,2.0,0.0,0.0,0.0,3.2,3.3,2.3,D
2020-2021,15,2020-12-26,17:30,Sat,Arsenal,Chelsea,3.0,1.0,,Emirates Stadium,M Oliver,2.0,0.0,15.0,19.0,7.0,3.0,7.0,9.0,13.0,10.0,2.0,1.0,0.0,0.0,4.0,3.6,1.9,H
2020-2021,15,2020-12-26,20:00,Sat,Sheffield United,Everton,0.0,1.0,,Bramall Lane,D Coote,0.0,0.0,10.0,7.0,2.0,3.0,6.0,3.0,11.0,10.0,2.0,4.0,0.0,0.0,4.2,3.6,1.85,A
2020-2021,15,2020-12-26,20:00,Sat,Manchester City,Newcastle United,2.0,0.0,,Etihad Stadium,A Marriner,1.0,0.0,11.0,7.0,6.0,2.0,7.0,3.0,5.0,12.0,2.0,2.0,0.0,0.0,1.11,10.0,19.0,H
2020-2021,15,2020-12-27,12:00,Sun,Leeds United,Burnley,1.0,0.0,,Elland Road,R Jones,1.0,0.0,11.0,14.0,4.0,6.0,4.0,12.0,8.0,14.0,0.0,3.0,0.0,0.0,1.72,4.0,4.33,H
2020-2021,15,2020-12-27,14:15,Sun,West Ham,Brighton,2.0,2.0,,London Stadium,S Hooper,0.0,1.0,11.0,13.0,4.0,4.0,5.0,4.0,6.0,8.0,0.0,0.0,0.0,0.0,2.3,3.4,3.1,D
2020-2021,15,2020-12-27,16:30,Sun,Liverpool,West Brom,1.0,1.0,2000.0,Anfield,K Friend,1.0,0.0,17.0,5.0,2.0,3.0,8.0,3.0,8.0,5.0,0.0,1.0,0.0,0.0,1.11,10.0,19.0,D
2020-2021,15,2020-12-27,19:15,Sun,Wolves,Tottenham,1.0,1.0,,Molineux Stadium,P Tierney,0.0,1.0,11.0,6.0,6.0,3.0,9.0,2.0,20.0,13.0,4.0,1.0,0.0,0.0,3.6,3.25,2.15,D
2020-2021,16,2020-12-28,15:00,Mon,Crystal Palace,Leicester City,1.0,1.0,,Selhurst Park,G Scott,0.0,0.0,4.0,17.0,1.0,3.0,2.0,5.0,10.0,7.0,0.0,1.0,0.0,0.0,3.75,3.5,2.0,D
2020-2021,16,2020-12-28,17:30,Mon,Chelsea,Aston Villa,1.0,1.0,,Stamford Bridge,S Attwell,1.0,0.0,16.0,10.0,5.0,2.0,11.0,4.0,16.0,3.0,3.0,1.0,0.0,0.0,1.61,4.2,5.0,D
2020-2021,16,2020-12-29,18:00,Tue,West Brom,Leeds United,0.0,5.0,,The Hawthorns,L Mason,0.0,4.0,4.0,14.0,1.0,6.0,3.0,10.0,7.0,10.0,0.0,1.0,0.0,0.0,3.6,3.6,2.0,A
2020-2021,16,2020-12-29,18:00,Tue,Southampton,West Ham,0.0,0.0,,St. Mary's Stadium,A Madley,0.0,0.0,8.0,8.0,3.0,3.0,4.0,3.0,16.0,15.0,3.0,1.0,0.0,0.0,2.1,3.6,3.4,D
2020-2021,16,2020-12-29,18:00,Tue,Burnley,Sheffield United,1.0,0.0,,Turf Moor,C Kavanagh,1.0,0.0,5.0,7.0,3.0,3.0,3.0,5.0,13.0,17.0,1.0,2.0,0.0,0.0,2.37,3.1,3.25,H
2020-2021,16,2020-12-29,18:00,Tue,Brighton,Arsenal,0.0,1.0,,The American Express Community Stadium,M Atkinson,0.0,0.0,13.0,11.0,2.0,3.0,5.0,4.0,11.0,4.0,2.0,0.0,0.0,0.0,3.25,3.5,2.2,A
2020-2021,16,2020-12-29,20:00,Tue,Manchester United,Wolves,1.0,0.0,,Old Trafford,J Moss,0.0,0.0,11.0,9.0,3.0,5.0,2.0,2.0,11.0,7.0,1.0,1.0,0.0,0.0,1.53,4.2,6.25,H
2020-2021,16,2020-12-30,20:00,Wed,Newcastle United,Liverpool,0.0,0.0,,St. James' Park,P Tierney,0.0,0.0,8.0,11.0,2.0,4.0,5.0,12.0,9.0,13.0,2.0,3.0,0.0,0.0,12.0,6.0,1.25,D
2020-2021,17,2021-01-01,17:30,Fri,Everton,West Ham,0.0,1.0,,Goodison Park,K Friend,0.0,0.0,10.0,11.0,2.0,5.0,5.0,4.0,9.0,7.0,2.0,0.0,0.0,0.0,2.1,3.5,3.5,A
2020-2021,17,2021-01-01,20:00,Fri,Manchester United,Aston Villa,2.0,1.0,,Old Trafford,M Oliver,1.0,0.0,19.0,5.0,9.0,5.0,5.0,10.0,22.0,10.0,4.0,0.0,0.0,0.0,1.72,4.2,4.2,H
2020-2021,17,2021-01-02,12:30,Sat,Tottenham,Leeds United,3.0,0.0,,Tottenham Hotspur Stadium,D Coote,2.0,0.0,20.0,18.0,7.0,5.0,3.0,5.0,15.0,13.0,2.0,1.0,1.0,0.0,1.75,4.1,4.2,H
2020-2021,17,2021-01-02,15:00,Sat,Crystal Palace,Sheffield United,2.0,0.0,,Selhurst Park,S Attwell,2.0,0.0,9.0,7.0,4.0,2.0,3.0,6.0,8.0,18.0,1.0,3.0,0.0,0.0,1.95,3.5,3.9,H
2020-2021,17,2021-01-02,17:30,Sat,Brighton,Wolves,3.0,3.0,,The American Express Community Stadium,A Madley,1.0,3.0,13.0,11.0,4.0,4.0,5.0,8.0,13.0,8.0,2.0,1.0,0.0,0.0,2.62,3.25,2.75,D
2020-2021,17,2021-01-02,20:00,Sat,West Brom,Arsenal,0.0,4.0,,The Hawthorns,M Atkinson,0.0,2.0,7.0,21.0,3.0,12.0,3.0,5.0,7.0,4.0,1.0,2.0,0.0,0.0,5.75,4.0,1.57,A
2020-2021,17,2021-01-03,14:15,Sun,Newcastle United,Leicester City,1.0,2.0,,St. James' Park,R Jones,0.0,0.0,8.0,9.0,2.0,3.0,3.0,6.0,10.0,11.0,0.0,2.0,0.0,0.0,5.25,4.2,1.61,A
2020-2021,17,2021-01-03,16:30,Sun,Chelsea,Manchester City,1.0,3.0,,Stamford Bridge,A Taylor,0.0,3.0,9.0,18.0,2.0,6.0,5.0,3.0,11.0,10.0,3.0,1.0,0.0,0.0,3.0,3.7,2.2,A
2020-2021,17,2021-01-04,20:00,Mon,Southampton,Liverpool,1.0,0.0,,St. Mary's Stadium,A Marriner,1.0,0.0,7.0,17.0,3.0,1.0,1.0,10.0,5.0,12.0,1.0,3.0,0.0,0.0,5.0,4.33,1.61,H
2020-2021,18,2021-01-12,18:00,Tue,Sheffield United,Newcastle United,1.0,0.0,,Bramall Lane,A Madley,0.0,0.0,17.0,7.0,4.0,3.0,5.0,2.0,13.0,12.0,2.0,3.0,0.0,1.0,2.45,3.1,3.1,H
2020-2021,1,2021-01-12,20:15,Tue,Burnley,Manchester United,0.0,1.0,,Turf Moor,K Friend,0.0,0.0,11.0,13.0,0.0,7.0,3.0,4.0,15.0,13.0,1.0,2.0,0.0,0.0,7.0,4.5,1.45,A
2020-2021,18,2021-01-12,20:15,Tue,Wolves,Everton,1.0,2.0,,Molineux Stadium,M Atkinson,1.0,1.0,12.0,5.0,3.0,3.0,6.0,5.0,6.0,11.0,2.0,2.0,0.0,0.0,2.45,3.1,3.1,A
2020-2021,18,2021-01-13,18:00,Wed,Manchester City,Brighton,1.0,0.0,,Etihad Stadium,D England,1.0,0.0,16.0,5.0,6.0,1.0,8.0,4.0,4.0,12.0,0.0,2.0,0.0,0.0,1.14,8.5,16.0,H
2020-2021,16,2021-01-13,20:15,Wed,Tottenham,Fulham,1.0,1.0,,Tottenham Hotspur Stadium,P Tierney,1.0,0.0,15.0,15.0,6.0,4.0,6.0,5.0,13.0,15.0,1.0,2.0,0.0,0.0,1.36,5.0,8.5,D
2020-2021,18,2021-01-14,20:00,Thu,Arsenal,Crystal Palace,0.0,0.0,,Emirates Stadium,A Marriner,0.0,0.0,11.0,12.0,4.0,2.0,7.0,3.0,10.0,11.0,1.0,1.0,0.0,0.0,1.53,4.0,6.5,D
2020-2021,19,2021-01-16,12:30,Sat,Wolves,West Brom,2.0,3.0,,Molineux Stadium,M Oliver,2.0,1.0,23.0,12.0,6.0,5.0,11.0,0.0,10.0,14.0,2.0,1.0,0.0,0.0,1.6,3.5,7.0,A
2020-2021,19,2021-01-16,15:00,Sat,West Ham,Burnley,1.0,0.0,,London Stadium,C Kavanagh,1.0,0.0,15.0,10.0,4.0,2.0,7.0,4.0,12.0,9.0,2.0,1.0,0.0,0.0,1.8,3.5,4.75,H
2020-2021,19,2021-01-16,15:00,Sat,Leeds United,Brighton,0.0,1.0,,Elland Road,K Friend,0.0,1.0,7.0,7.0,2.0,2.0,5.0,2.0,8.0,9.0,1.0,1.0,0.0,0.0,2.1,3.5,3.4,A
2020-2021,19,2021-01-16,17:30,Sat,Fulham,Chelsea,0.0,1.0,,Craven Cottage,P Bankes,0.0,0.0,10.0,21.0,3.0,6.0,1.0,12.0,11.0,10.0,2.0,3.0,1.0,0.0,6.5,4.33,1.5,A
2020-2021,19,2021-01-16,20:00,Sat,Leicester City,Southampton,2.0,0.0,,King Power Stadium,S Attwell,1.0,0.0,16.0,8.0,5.0,3.0,2.0,5.0,10.0,11.0,2.0,2.0,0.0,0.0,1.8,3.75,4.5,H
2020-2021,19,2021-01-17,14:00,Sun,Sheffield United,Tottenham,1.0,3.0,,Bramall Lane,A Marriner,0.0,2.0,15.0,14.0,5.0,5.0,5.0,7.0,13.0,4.0,4.0,0.0,0.0,0.0,6.25,3.75,1.6,A
2020-2021,19,2021-01-17,16:30,Sun,Liverpool,Manchester United,0.0,0.0,,Anfield,P Tierney,0.0,0.0,17.0,8.0,3.0,4.0,7.0,3.0,15.0,6.0,2.0,1.0,0.0,0.0,1.95,3.8,3.6,D
2020-2021,19,2021-01-17,19:15,Sun,Manchester City,Crystal Palace,4.0,0.0,,Etihad Stadium,L Mason,1.0,0.0,13.0,2.0,6.0,0.0,11.0,1.0,9.0,8.0,0.0,0.0,0.0,0.0,1.14,8.5,17.0,H
2020-2021,19,2021-01-18,20:00,Mon,Arsenal,Newcastle United,3.0,0.0,,Emirates Stadium,D Coote,0.0,0.0,20.0,4.0,6.0,1.0,7.0,2.0,9.0,8.0,0.0,0.0,0.0,0.0,1.4,4.5,8.0,H
2020-2021,18,2021-01-19,18:00,Tue,West Ham,West Brom,2.0,1.0,,London Stadium,G Scott,1.0,0.0,14.0,6.0,6.0,2.0,3.0,1.0,10.0,10.0,0.0,1.0,0.0,0.0,1.57,4.2,5.5,H
2020-2021,18,2021-01-19,20:15,Tue,Leicester City,Chelsea,2.0,0.0,,King Power Stadium,C Pawson,2.0,0.0,8.0,9.0,6.0,5.0,6.0,3.0,7.0,16.0,1.0,3.0,0.0,0.0,2.87,3.4,2.45,H
2020-2021,1,2021-01-20,18:00,Wed,Manchester City,Aston Villa,2.0,0.0,,Etihad Stadium,J Moss,0.0,0.0,28.0,11.0,9.0,4.0,16.0,2.0,10.0,9.0,0.0,2.0,0.0,0.0,1.22,6.5,12.0,H
2020-2021,18,2021-01-20,20:15,Wed,Fulham,Manchester United,1.0,2.0,,Craven Cottage,M Atkinson,1.0,1.0,12.0,15.0,5.0,5.0,2.0,8.0,6.0,10.0,3.0,1.0,0.0,0.0,6.0,4.33,1.53,A
2020-2021,18,2021-01-21,20:00,Thu,Liverpool,Burnley,0.0,1.0,,Anfield,M Dean,0.0,0.0,27.0,6.0,6.0,4.0,12.0,0.0,11.0,8.0,2.0,1.0,0.0,0.0,1.18,7.5,15.0,A
2020-2021,11,2021-01-23,20:00,Sat,Aston Villa,Newcastle United,2.0,0.0,,Villa Park,S Hooper,2.0,0.0,14.0,7.0,5.0,1.0,5.0,4.0,9.0,18.0,0.0,3.0,0.0,0.0,1.45,4.75,6.5,H
2020-2021,20,2021-01-26,18:00,Tue,Newcastle United,Leeds United,1.0,2.0,,St. James' Park,A Taylor,0.0,1.0,22.0,9.0,5.0,2.0,9.0,5.0,10.0,15.0,1.0,3.0,0.0,0.0,3.9,3.8,1.85,A
2020-2021,20,2021-01-26,18:00,Tue,Crystal Palace,West Ham,2.0,3.0,,Selhurst Park,S Attwell,1.0,2.0,6.0,17.0,3.0,7.0,3.0,4.0,9.0,8.0,0.0,0.0,0.0,0.0,3.1,3.25,2.37,A
2020-2021,20,2021-01-26,20:15,Tue,West Brom,Manchester City,0.0,5.0,,The Hawthorns,C Kavanagh,0.0,4.0,4.0,18.0,1.0,7.0,3.0,8.0,8.0,8.0,2.0,0.0,0.0,0.0,15.0,7.5,1.18,A
2020-2021,20,2021-01-26,20:15,Tue,Southampton,Arsenal,1.0,3.0,,St. Mary's Stadium,K Friend,1.0,2.0,13.0,9.0,5.0,5.0,4.0,5.0,11.0,6.0,1.0,2.0,0.0,0.0,3.5,3.6,2.05,A
2020-2021,20,2021-01-27,18:00,Wed,Chelsea,Wolves,0.0,0.0,,Stamford Bridge,A Madley,0.0,0.0,14.0,4.0,5.0,0.0,13.0,1.0,14.0,7.0,1.0,1.0,0.0,0.0,1.6,4.2,5.25,D
2020-2021,20,2021-01-27,18:00,Wed,Burnley,Aston Villa,3.0,2.0,,Turf Moor,P Tierney,0.0,1.0,10.0,18.0,5.0,10.0,2.0,4.0,16.0,7.0,1.0,0.0,0.0,0.0,3.8,3.5,1.95,H
2020-2021,20,2021-01-27,19:30,Wed,Brighton,Fulham,0.0,0.0,,The American Express Community Stadium,C Pawson,0.0,0.0,16.0,10.0,5.0,3.0,10.0,0.0,10.0,14.0,2.0,1.0,0.0,0.0,2.05,3.4,3.75,D
2020-2021,20,2021-01-27,20:15,Wed,Everton,Leicester City,1.0,1.0,,Goodison Park,M Dean,1.0,0.0,8.0,19.0,2.0,6.0,5.0,11.0,12.0,10.0,1.0,1.0,0.0,0.0,2.8,3.3,2.55,D
2020-2021,20,2021-01-27,20:15,Wed,Manchester United,Sheffield United,1.0,2.0,,Old Trafford,P Bankes,0.0,1.0,16.0,5.0,4.0,3.0,7.0,2.0,10.0,12.0,1.0,1.0,0.0,0.0,1.25,6.0,11.0,A
2020-2021,20,2021-01-28,20:00,Thu,Tottenham,Liverpool,1.0,3.0,,Tottenham Hotspur Stadium,M Atkinson,0.0,1.0,3.0,14.0,2.0,7.0,1.0,2.0,9.0,11.0,1.0,2.0,0.0,0.0,3.2,3.6,2.2,A
2020-2021,21,2021-01-30,12:30,Sat,Everton,Newcastle United,0.0,2.0,,Goodison Park,S Attwell,0.0,0.0,11.0,13.0,3.0,3.0,7.0,12.0,13.0,6.0,3.0,4.0,0.0,0.0,1.55,4.0,6.5,A
2020-2021,21,2021-01-30,15:00,Sat,Crystal Palace,Wolves,1.0,0.0,,Selhurst Park,S Hooper,0.0,0.0,11.0,6.0,2.0,4.0,1.0,6.0,7.0,10.0,1.0,2.0,0.0,0.0,2.87,3.2,2.55,H
2020-2021,21,2021-01-30,15:00,Sat,Manchester City,Sheffield United,1.0,0.0,,Etihad Stadium,D Coote,1.0,0.0,10.0,4.0,5.0,1.0,10.0,0.0,7.0,10.0,0.0,3.0,0.0,0.0,1.12,9.0,18.0,H
2020-2021,21,2021-01-30,15:00,Sat,West Brom,Fulham,2.0,2.0,,The Hawthorns,A Taylor,0.0,1.0,5.0,12.0,3.0,7.0,2.0,3.0,9.0,10.0,1.0,0.0,0.0,0.0,3.3,3.2,2.3,D
2020-2021,21,2021-01-30,17:30,Sat,Arsenal,Manchester United,0.0,0.0,,Emirates Stadium,M Oliver,0.0,0.0,17.0,14.0,3.0,3.0,4.0,7.0,9.0,16.0,1.0,3.0,0.0,0.0,2.8,3.5,2.45,D
2020-2021,21,2021-01-30,20:00,Sat,Southampton,Aston Villa,0.0,1.0,,St. Mary's Stadium,L Mason,0.0,1.0,20.0,8.0,5.0,4.0,7.0,1.0,12.0,11.0,1.0,0.0,0.0,0.0,2.8,3.6,2.37,A
2020-2021,21,2021-01-31,12:00,Sun,Chelsea,Burnley,2.0,0.0,,Stamford Bridge,G Scott,1.0,0.0,19.0,1.0,8.0,0.0,4.0,2.0,7.0,9.0,0.0,1.0,0.0,0.0,1.33,5.0,9.5,H
2020-2021,21,2021-01-31,14:00,Sun,Leicester City,Leeds United,1.0,3.0,,King Power Stadium,C Kavanagh,1.0,1.0,18.0,8.0,8.0,7.0,6.0,4.0,17.0,16.0,0.0,3.0,0.0,0.0,1.8,4.0,4.2,A
2020-2021,21,2021-01-31,16:30,Sun,West Ham,Liverpool,1.0,3.0,,London Stadium,J Moss,0.0,0.0,8.0,14.0,2.0,5.0,6.0,5.0,7.0,8.0,2.0,0.0,0.0,0.0,4.33,4.0,1.75,A
2020-2021,21,2021-01-31,19:15,Sun,Brighton,Tottenham,1.0,0.0,,The American Express Community Stadium,P Bankes,1.0,0.0,16.0,8.0,5.0,4.0,9.0,2.0,11.0,11.0,2.0,1.0,0.0,0.0,3.2,3.4,2.25,H
2020-2021,22,2021-02-02,18:00,Tue,Sheffield United,West Brom,2.0,1.0,,Bramall Lane,P Tierney,0.0,1.0,14.0,8.0,6.0,4.0,9.0,2.0,11.0,9.0,2.0,1.0,0.0,0.0,2.0,3.3,4.0,H
2020-2021,22,2021-02-02,18:00,Tue,Wolves,Arsenal,2.0,1.0,,Molineux Stadium,C Pawson,1.0,1.0,11.0,9.0,7.0,3.0,9.0,6.0,11.0,8.0,3.0,2.0,0.0,2.0,3.6,3.3,2.1,H
2020-2021,22,2021-02-02,20:15,Tue,Manchester United,Southampton,9.0,0.0,,Old Trafford,M Dean,4.0,0.0,24.0,3.0,14.0,1.0,5.0,3.0,11.0,6.0,2.0,3.0,0.0,2.0,1.4,4.75,7.0,H
2020-2021,22,2021-02-02,20:15,Tue,Newcastle United,Crystal Palace,1.0,2.0,,St. James' Park,D England,1.0,2.0,21.0,6.0,5.0,3.0,9.0,1.0,14.0,11.0,1.0,3.0,0.0,0.0,2.8,3.2,2.6,A
2020-2021,22,2021-02-03,18:00,Wed,Burnley,Manchester City,0.0,2.0,,Turf Moor,M Atkinson,0.0,2.0,2.0,17.0,0.0,6.0,1.0,3.0,8.0,5.0,2.0,1.0,0.0,0.0,13.0,7.0,1.2,A
2020-2021,22,2021-02-03,18:00,Wed,Fulham,Leicester City,0.0,2.0,,Craven Cottage,R Jones,0.0,2.0,8.0,9.0,1.0,5.0,5.0,2.0,17.0,10.0,3.0,1.0,0.0,0.0,4.0,3.5,1.9,A
2020-2021,22,2021-02-03,19:30,Wed,Leeds United,Everton,1.0,2.0,,Elland Road,M Oliver,0.0,2.0,16.0,10.0,7.0,6.0,7.0,1.0,12.0,12.0,2.0,3.0,0.0,0.0,2.5,3.5,2.7,A
2020-2021,22,2021-02-03,20:15,Wed,Liverpool,Brighton,0.0,1.0,,Anfield,K Friend,0.0,0.0,11.0,13.0,1.0,4.0,6.0,3.0,12.0,6.0,1.0,0.0,0.0,0.0,1.33,5.25,9.0,A
2020-2021,22,2021-02-03,20:15,Wed,Aston Villa,West Ham,1.0,3.0,,Villa Park,A Madley,0.0,0.0,9.0,20.0,2.0,10.0,7.0,3.0,11.0,15.0,1.0,1.0,0.0,0.0,2.2,3.4,3.25,A
2020-2021,22,2021-02-04,20:00,Thu,Tottenham,Chelsea,0.0,1.0,,Tottenham Hotspur Stadium,A Marriner,0.0,1.0,7.0,18.0,2.0,2.0,2.0,7.0,20.0,14.0,2.0,3.0,0.0,0.0,3.5,3.4,2.1,A
2020-2021,23,2021-02-06,12:30,Sat,Aston Villa,Arsenal,1.0,0.0,,Villa Park,C Kavanagh,1.0,0.0,12.0,14.0,8.0,3.0,3.0,7.0,12.0,12.0,3.0,2.0,0.0,0.0,2.62,3.5,2.6,H
2020-2021,23,2021-02-06,15:00,Sat,Burnley,Brighton,1.0,1.0,,Turf Moor,A Taylor,0.0,1.0,20.0,10.0,7.0,2.0,8.0,7.0,8.0,10.0,2.0,0.0,0.0,0.0,3.6,3.1,2.2,D
2020-2021,23,2021-02-06,15:00,Sat,Newcastle United,Southampton,3.0,2.0,,St. James' Park,C Pawson,3.0,1.0,6.0,14.0,4.0,5.0,0.0,7.0,11.0,14.0,2.0,1.0,1.0,0.0,3.0,3.3,2.4,H
2020-2021,23,2021-02-06,17:30,Sat,Fulham,West Ham,0.0,0.0,,Craven Cottage,M Dean,0.0,0.0,20.0,8.0,2.0,1.0,7.0,3.0,11.0,10.0,1.0,2.0,0.0,1.0,3.6,3.5,2.05,D
2020-2021,23,2021-02-06,20:00,Sat,Manchester United,Everton,3.0,3.0,,Old Trafford,J Moss,2.0,0.0,14.0,6.0,5.0,3.0,5.0,1.0,14.0,10.0,2.0,1.0,0.0,0.0,1.53,4.2,6.0,D
2020-2021,23,2021-02-07,12:00,Sun,Tottenham,West Brom,2.0,0.0,,Tottenham Hotspur Stadium,S Attwell,0.0,0.0,13.0,4.0,6.0,1.0,8.0,0.0,16.0,12.0,1.0,2.0,0.0,0.0,1.45,4.5,7.0,H
2020-2021,23,2021-02-07,14:00,Sun,Wolves,Leicester City,0.0,0.0,,Molineux Stadium,M Atkinson,0.0,0.0,13.0,13.0,1.0,3.0,8.0,2.0,11.0,15.0,1.0,3.0,0.0,0.0,3.5,3.4,2.1,D
2020-2021,23,2021-02-07,16:30,Sun,Liverpool,Manchester City,1.0,4.0,,Anfield,M Oliver,0.0,0.0,8.0,8.0,3.0,5.0,6.0,1.0,13.0,8.0,2.0,1.0,0.0,0.0,3.4,3.6,2.05,A
2020-2021,23,2021-02-07,19:15,Sun,Sheffield United,Chelsea,1.0,2.0,,Bramall Lane,K Friend,0.0,1.0,8.0,9.0,3.0,3.0,1.0,8.0,8.0,8.0,1.0,0.0,0.0,0.0,7.0,4.5,1.45,A
2020-2021,23,2021-02-08,20:00,Mon,Leeds United,Crystal Palace,2.0,0.0,,Elland Road,A Marriner,1.0,0.0,17.0,8.0,7.0,3.0,5.0,3.0,7.0,8.0,0.0,2.0,0.0,0.0,1.8,3.8,4.2,H
2020-2021,24,2021-02-13,12:30,Sat,Leicester City,Liverpool,3.0,1.0,,King Power Stadium,A Taylor,0.0,0.0,11.0,15.0,6.0,4.0,2.0,12.0,9.0,6.0,1.0,2.0,0.0,0.0,3.5,3.4,2.1,H
2020-2021,24,2021-02-13,15:00,Sat,Crystal Palace,Burnley,0.0,3.0,,Selhurst Park,M Oliver,0.0,2.0,13.0,16.0,3.0,4.0,7.0,4.0,15.0,14.0,0.0,0.0,0.0,0.0,2.37,3.1,3.2,A
2020-2021,24,2021-02-13,17:30,Sat,Manchester City,Tottenham,3.0,0.0,,Etihad Stadium,P Tierney,1.0,0.0,15.0,7.0,6.0,3.0,4.0,2.0,12.0,13.0,1.0,3.0,0.0,0.0,1.28,5.75,9.5,H
2020-2021,24,2021-02-13,20:00,Sat,Brighton,Aston Villa,0.0,0.0,,The American Express Community Stadium,D England,0.0,0.0,26.0,4.0,9.0,1.0,9.0,2.0,16.0,12.0,2.0,3.0,0.0,0.0,2.7,3.5,2.5,D
2020-2021,24,2021-02-14,12:00,Sun,Southampton,Wolves,1.0,2.0,,St. Mary's Stadium,G Scott,1.0,0.0,7.0,10.0,3.0,4.0,4.0,6.0,10.0,9.0,2.0,2.0,0.0,0.0,2.37,3.2,3.1,A
2020-2021,24,2021-02-14,14:00,Sun,West Brom,Manchester United,1.0,1.0,,The Hawthorns,C Pawson,1.0,1.0,7.0,10.0,3.0,7.0,4.0,5.0,13.0,10.0,5.0,0.0,0.0,0.0,10.0,5.5,1.3,D
2020-2021,24,2021-02-14,16:30,Sun,Arsenal,Leeds United,4.0,2.0,,Emirates Stadium,S Attwell,3.0,0.0,13.0,9.0,5.0,5.0,4.0,5.0,8.0,17.0,0.0,2.0,0.0,0.0,1.83,3.8,4.0,H
2020-2021,24,2021-02-14,19:00,Sun,Everton,Fulham,0.0,2.0,,Goodison Park,A Madley,0.0,0.0,7.0,12.0,2.0,3.0,5.0,4.0,7.0,16.0,1.0,1.0,0.0,0.0,1.85,3.6,4.2,A
2020-2021,24,2021-02-15,18:00,Mon,West Ham,Sheffield United,3.0,0.0,,London Stadium,S Hooper,1.0,0.0,13.0,8.0,9.0,5.0,7.0,7.0,11.0,12.0,0.0,2.0,0.0,0.0,1.66,3.75,5.25,H
2020-2021,24,2021-02-15,20:00,Mon,Chelsea,Newcastle United,2.0,0.0,,Stamford Bridge,P Bankes,2.0,0.0,18.0,10.0,5.0,4.0,10.0,5.0,9.0,13.0,0.0,0.0,0.0,0.0,1.22,6.5,12.0,H
2020-2021,17,2021-02-17,18:00,Wed,Burnley,Fulham,1.0,1.0,,Turf Moor,J Moss,0.0,0.0,8.0,8.0,3.0,3.0,5.0,5.0,7.0,13.0,1.0,1.0,0.0,0.0,2.75,3.2,2.7,D
2020-2021,16,2021-02-17,20:15,Wed,Everton,Manchester City,1.0,3.0,,Goodison Park,A Marriner,1.0,1.0,3.0,16.0,2.0,7.0,0.0,10.0,8.0,8.0,2.0,1.0,0.0,0.0,8.5,5.5,1.33,A
2020-2021,25,2021-02-19,20:00,Fri,Wolves,Leeds United,1.0,0.0,,Molineux Stadium,D Coote,0.0,0.0,15.0,18.0,5.0,7.0,7.0,9.0,13.0,8.0,1.0,0.0,0.0,0.0,2.37,3.3,3.0,H
2020-2021,25,2021-02-20,12:30,Sat,Southampton,Chelsea,1.0,1.0,,St. Mary's Stadium,A Taylor,1.0,0.0,4.0,9.0,1.0,3.0,3.0,6.0,10.0,10.0,1.0,1.0,0.0,0.0,5.0,3.8,1.7,D
2020-2021,25,2021-02-20,15:00,Sat,Burnley,West Brom,0.0,0.0,,Turf Moor,M Dean,0.0,0.0,6.0,10.0,1.0,3.0,5.0,5.0,16.0,10.0,3.0,0.0,0.0,1.0,2.0,3.3,4.0,D
2020-2021,25,2021-02-20,17:30,Sat,Liverpool,Everton,0.0,2.0,,Anfield,C Kavanagh,0.0,1.0,15.0,9.0,6.0,6.0,7.0,2.0,10.0,10.0,2.0,1.0,0.0,0.0,1.44,4.5,7.0,A
2020-2021,25,2021-02-20,20:00,Sat,Fulham,Sheffield United,1.0,0.0,,Craven Cottage,M Atkinson,0.0,0.0,15.0,4.0,7.0,2.0,6.0,4.0,11.0,14.0,1.0,2.0,0.0,0.0,2.15,3.2,3.6,H
2020-2021,25,2021-02-21,12:00,Sun,West Ham,Tottenham,2.0,1.0,,London Stadium,C Pawson,1.0,0.0,4.0,20.0,4.0,4.0,5.0,7.0,14.0,7.0,4.0,3.0,0.0,0.0,2.62,3.4,2.7,H
2020-2021,25,2021-02-21,14:05,Sun,Aston Villa,Leicester City,1.0,2.0,,Villa Park,M Oliver,0.0,2.0,11.0,16.0,2.0,7.0,7.0,8.0,11.0,12.0,2.0,1.0,0.0,0.0,2.87,3.5,2.4,A
2020-2021,25,2021-02-21,16:30,Sun,Arsenal,Manchester City,0.0,1.0,,Emirates Stadium,J Moss,0.0,1.0,7.0,15.0,1.0,3.0,1.0,3.0,11.0,9.0,2.0,2.0,0.0,0.0,6.5,4.33,1.5,A
2020-2021,25,2021-02-21,19:00,Sun,Manchester United,Newcastle United,3.0,1.0,,Old Trafford,P Tierney,1.0,1.0,15.0,10.0,7.0,6.0,6.0,4.0,9.0,11.0,1.0,2.0,0.0,0.0,1.28,5.5,10.0,H
2020-2021,25,2021-02-22,20:00,Mon,Brighton,Crystal Palace,1.0,2.0,,The American Express Community Stadium,K Friend,0.0,1.0,25.0,3.0,5.0,2.0,13.0,0.0,11.0,6.0,2.0,0.0,0.0,0.0,1.7,3.5,5.5,A
2020-2021,18,2021-02-23,18:00,Tue,Leeds United,Southampton,3.0,0.0,,Elland Road,A Marriner,0.0,0.0,11.0,13.0,7.0,5.0,2.0,4.0,11.0,13.0,1.0,2.0,0.0,0.0,2.25,3.5,3.1,H
2020-2021,26,2021-02-27,12:30,Sat,Manchester City,West Ham,2.0,1.0,,Etihad Stadium,M Oliver,1.0,1.0,10.0,9.0,3.0,3.0,4.0,2.0,8.0,11.0,1.0,1.0,0.0,0.0,1.22,6.5,12.0,H
2020-2021,26,2021-02-27,15:00,Sat,West Brom,Brighton,1.0,0.0,,The Hawthorns,L Mason,1.0,0.0,6.0,15.0,2.0,6.0,7.0,4.0,11.0,12.0,0.0,0.0,0.0,0.0,4.2,3.3,1.95,H
2020-2021,26,2021-02-27,17:30,Sat,Leeds United,Aston Villa,0.0,1.0,,Elland Road,P Bankes,0.0,1.0,13.0,9.0,3.0,4.0,7.0,5.0,14.0,14.0,3.0,2.0,0.0,0.0,2.15,3.6,3.2,A
2020-2021,26,2021-02-27,20:00,Sat,Newcastle United,Wolves,1.0,1.0,,St. James' Park,M Dean,0.0,0.0,19.0,14.0,7.0,4.0,3.0,5.0,11.0,13.0,2.0,0.0,0.0,0.0,3.5,3.2,2.2,D
2020-2021,26,2021-02-28,12:00,Sun,Crystal Palace,Fulham,0.0,0.0,,Selhurst Park,A Taylor,0.0,0.0,3.0,16.0,0.0,4.0,1.0,3.0,10.0,14.0,1.0,1.0,0.0,0.0,3.5,3.2,2.2,D
2020-2021,26,2021-02-28,12:00,Sun,Leicester City,Arsenal,1.0,3.0,,King Power Stadium,P Tierney,1.0,2.0,8.0,12.0,3.0,4.0,2.0,7.0,15.0,3.0,2.0,1.0,0.0,0.0,2.5,3.4,2.8,A
2020-2021,26,2021-02-28,14:00,Sun,Tottenham,Burnley,4.0,0.0,,Tottenham Hotspur Stadium,K Friend,3.0,0.0,16.0,10.0,7.0,3.0,3.0,4.0,6.0,10.0,0.0,0.0,0.0,0.0,1.53,4.0,6.5,H
2020-2021,26,2021-02-28,16:30,Sun,Chelsea,Manchester United,0.0,0.0,,Stamford Bridge,S Attwell,0.0,0.0,18.0,11.0,6.0,4.0,3.0,4.0,11.0,12.0,1.0,2.0,0.0,0.0,2.15,3.4,3.4,D
2020-2021,26,2021-02-28,19:15,Sun,Sheffield United,Liverpool,0.0,2.0,,Bramall Lane,J Moss,0.0,0.0,8.0,16.0,2.0,8.0,4.0,3.0,9.0,9.0,0.0,0.0,0.0,0.0,8.0,5.0,1.36,A
2020-2021,26,2021-03-01,20:00,Mon,Everton,Southampton,1.0,0.0,,Goodison Park,M Atkinson,1.0,0.0,7.0,9.0,1.0,1.0,4.0,10.0,13.0,9.0,0.0,2.0,0.0,0.0,2.15,3.5,3.3,H
2020-2021,29,2021-03-02,20:00,Tue,Manchester City,Wolves,4.0,1.0,,Etihad Stadium,C Kavanagh,1.0,0.0,22.0,6.0,10.0,1.0,10.0,2.0,9.0,5.0,0.0,1.0,0.0,0.0,1.18,7.0,15.0,H
2020-2021,29,2021-03-03,18:00,Wed,Sheffield United,Aston Villa,1.0,0.0,,Bramall Lane,R Jones,1.0,0.0,9.0,16.0,2.0,4.0,2.0,7.0,13.0,6.0,1.0,0.0,1.0,0.0,3.75,3.4,2.05,H
2020-2021,29,2021-03-03,18:00,Wed,Burnley,Leicester City,1.0,1.0,,Turf Moor,A Madley,1.0,1.0,12.0,15.0,7.0,4.0,5.0,8.0,6.0,12.0,0.0,2.0,0.0,0.0,4.0,3.25,2.0,D
2020-2021,29,2021-03-03,20:15,Wed,Crystal Palace,Manchester United,0.0,0.0,,Selhurst Park,A Marriner,0.0,0.0,8.0,11.0,2.0,1.0,4.0,6.0,4.0,13.0,1.0,0.0,0.0,0.0,8.0,4.75,1.4,D
2020-2021,29,2021-03-04,18:00,Thu,West Brom,Everton,0.0,1.0,,The Hawthorns,D England,0.0,0.0,11.0,11.0,3.0,3.0,3.0,3.0,9.0,7.0,3.0,1.0,0.0,0.0,4.33,3.6,1.83,A
2020-2021,33,2021-03-04,18:00,Thu,Fulham,Tottenham,0.0,1.0,,Craven Cottage,D Coote,0.0,1.0,11.0,9.0,3.0,2.0,4.0,1.0,13.0,9.0,2.0,1.0,0.0,0.0,4.0,3.6,1.9,A
2020-2021,29,2021-03-04,20:15,Thu,Liverpool,Chelsea,0.0,1.0,,Anfield,M Atkinson,0.0,1.0,7.0,11.0,1.0,5.0,5.0,2.0,9.0,8.0,0.0,0.0,0.0,0.0,2.25,3.6,3.0,A
2020-2021,27,2021-03-06,12:30,Sat,Burnley,Arsenal,1.0,1.0,,Turf Moor,A Marriner,1.0,1.0,9.0,15.0,5.0,3.0,2.0,4.0,5.0,12.0,1.0,1.0,0.0,0.0,5.5,4.0,1.61,D
2020-2021,27,2021-03-06,15:00,Sat,Sheffield United,Southampton,0.0,2.0,,Bramall Lane,P Tierney,0.0,1.0,8.0,15.0,2.0,5.0,7.0,3.0,17.0,11.0,4.0,3.0,0.0,0.0,3.6,3.5,2.0,A
2020-2021,27,2021-03-06,17:30,Sat,Aston Villa,Wolves,0.0,0.0,,Villa Park,A Madley,0.0,0.0,9.0,10.0,1.0,2.0,5.0,3.0,13.0,13.0,1.0,0.0,0.0,0.0,2.37,3.25,3.1,D
2020-2021,27,2021-03-06,20:00,Sat,Brighton,Leicester City,1.0,2.0,,The American Express Community Stadium,M Oliver,1.0,0.0,7.0,8.0,2.0,4.0,6.0,6.0,14.0,8.0,0.0,1.0,0.0,0.0,2.55,3.25,2.8,A
2020-2021,27,2021-03-07,12:00,Sun,West Brom,Newcastle United,0.0,0.0,,The Hawthorns,M Atkinson,0.0,0.0,13.0,9.0,3.0,5.0,9.0,7.0,11.0,10.0,0.0,0.0,0.0,0.0,2.37,3.2,3.1,D
2020-2021,27,2021-03-07,14:00,Sun,Liverpool,Fulham,0.0,1.0,,Anfield,K Friend,0.0,1.0,16.0,10.0,3.0,3.0,9.0,4.0,10.0,8.0,2.0,3.0,0.0,0.0,1.36,5.0,8.5,A
2020-2021,27,2021-03-07,16:30,Sun,Manchester City,Manchester United,0.0,2.0,,Etihad Stadium,A Taylor,0.0,1.0,23.0,8.0,6.0,6.0,6.0,2.0,9.0,12.0,0.0,3.0,0.0,0.0,1.45,4.5,7.0,A
2020-2021,27,2021-03-07,19:15,Sun,Tottenham,Crystal Palace,4.0,1.0,,Tottenham Hotspur Stadium,S Attwell,1.0,1.0,12.0,5.0,5.0,1.0,1.0,5.0,8.0,17.0,2.0,3.0,0.0,0.0,1.45,4.5,7.0,H
2020-2021,27,2021-03-08,18:00,Mon,Chelsea,Everton,2.0,0.0,,Stamford Bridge,D Coote,1.0,0.0,19.0,7.0,9.0,1.0,7.0,3.0,11.0,12.0,0.0,3.0,0.0,0.0,1.53,4.0,6.5,H
2020-2021,27,2021-03-08,20:00,Mon,West Ham,Leeds United,2.0,0.0,,London Stadium,M Dean,2.0,0.0,16.0,17.0,5.0,2.0,6.0,6.0,9.0,9.0,1.0,1.0,0.0,0.0,2.05,3.6,3.5,H
2020-2021,33,2021-03-10,18:00,Wed,Manchester City,Southampton,5.0,2.0,,Etihad Stadium,J Moss,3.0,1.0,17.0,11.0,10.0,6.0,5.0,5.0,6.0,4.0,1.0,0.0,0.0,0.0,1.18,7.5,15.0,H
2020-2021,28,2021-03-12,20:00,Fri,Newcastle United,Aston Villa,1.0,1.0,,St. James' Park,P Tierney,0.0,0.0,12.0,15.0,3.0,6.0,2.0,2.0,10.0,10.0,2.0,3.0,0.0,0.0,3.8,3.3,2.05,D
2020-2021,28,2021-03-13,12:30,Sat,Leeds United,Chelsea,0.0,0.0,,Elland Road,K Friend,0.0,0.0,7.0,15.0,4.0,8.0,8.0,5.0,16.0,6.0,3.0,0.0,0.0,0.0,4.75,4.0,1.7,D
2020-2021,28,2021-03-13,15:00,Sat,Crystal Palace,West Brom,1.0,0.0,,Selhurst Park,S Hooper,1.0,0.0,6.0,12.0,4.0,1.0,3.0,2.0,16.0,15.0,3.0,1.0,0.0,0.0,2.15,3.2,3.6,H
2020-2021,28,2021-03-13,17:30,Sat,Everton,Burnley,1.0,2.0,,Goodison Park,J Moss,1.0,2.0,14.0,14.0,4.0,5.0,7.0,4.0,9.0,6.0,0.0,4.0,0.0,0.0,1.83,3.5,4.5,A
2020-2021,28,2021-03-13,20:00,Sat,Fulham,Manchester City,0.0,3.0,,Craven Cottage,A Marriner,0.0,0.0,3.0,8.0,0.0,7.0,4.0,2.0,14.0,13.0,0.0,0.0,0.0,0.0,10.0,5.0,1.33,A
2020-2021,28,2021-03-14,12:00,Sun,Southampton,Brighton,1.0,2.0,,St. Mary's Stadium,S Attwell,1.0,1.0,9.0,8.0,4.0,6.0,4.0,5.0,11.0,10.0,0.0,0.0,0.0,0.0,2.9,3.1,2.5,A
2020-2021,28,2021-03-14,14:00,Sun,Leicester City,Sheffield United,5.0,0.0,,King Power Stadium,P Bankes,1.0,0.0,19.0,1.0,10.0,0.0,9.0,1.0,10.0,9.0,0.0,2.0,0.0,0.0,1.5,4.2,6.5,H
2020-2021,28,2021-03-14,16:30,Sun,Arsenal,Tottenham,2.0,1.0,,Emirates Stadium,M Oliver,1.0,1.0,13.0,6.0,3.0,3.0,6.0,3.0,12.0,14.0,1.0,2.0,0.0,1.0,2.55,3.4,2.75,H
2020-2021,28,2021-03-14,19:15,Sun,Manchester United,West Ham,1.0,0.0,,Old Trafford,M Atkinson,0.0,0.0,15.0,7.0,4.0,0.0,6.0,3.0,12.0,2.0,4.0,0.0,0.0,0.0,1.83,3.6,4.33,H
2020-2021,28,2021-03-15,20:00,Mon,Wolves,Liverpool,0.0,1.0,,Molineux Stadium,C Pawson,0.0,1.0,10.0,12.0,5.0,4.0,3.0,2.0,17.0,10.0,2.0,1.0,0.0,0.0,4.75,3.75,1.72,A
2020-2021,29,2021-03-19,20:00,Fri,Fulham,Leeds United,1.0,2.0,,Craven Cottage,D Coote,1.0,1.0,13.0,13.0,6.0,4.0,13.0,7.0,13.0,12.0,2.0,2.0,0.0,0.0,2.37,3.4,3.0,A
2020-2021,29,2021-03-20,20:00,Sat,Brighton,Newcastle United,3.0,0.0,,The American Express Community Stadium,A Taylor,1.0,0.0,11.0,3.0,6.0,1.0,3.0,1.0,12.0,5.0,0.0,1.0,0.0,0.0,1.66,3.5,6.0,H
2020-2021,29,2021-03-21,15:00,Sun,West Ham,Arsenal,3.0,3.0,,London Stadium,J Moss,3.0,1.0,15.0,16.0,5.0,7.0,3.0,5.0,18.0,8.0,3.0,1.0,0.0,0.0,2.8,3.5,2.45,D
2020-2021,18,2021-03-21,19:30,Sun,Aston Villa,Tottenham,0.0,2.0,,Villa Park,M Dean,0.0,1.0,8.0,9.0,1.0,3.0,5.0,8.0,18.0,13.0,3.0,2.0,0.0,0.0,2.9,3.3,2.45,A
2020-2021,30,2021-04-03,12:30,Sat,Chelsea,West Brom,2.0,5.0,,Stamford Bridge,D Coote,1.0,2.0,18.0,14.0,8.0,7.0,10.0,3.0,11.0,6.0,1.0,1.0,1.0,0.0,1.22,6.0,15.0,A
2020-2021,30,2021-04-03,15:00,Sat,Leeds United,Sheffield United,2.0,1.0,,Elland Road,G Scott,1.0,1.0,23.0,9.0,8.0,1.0,5.0,7.0,12.0,13.0,1.0,2.0,0.0,0.0,1.5,4.33,6.5,H
2020-2021,30,2021-04-03,17:30,Sat,Leicester City,Manchester City,0.0,2.0,,King Power Stadium,A Taylor,0.0,0.0,5.0,11.0,2.0,4.0,1.0,1.0,13.0,12.0,2.0,3.0,0.0,0.0,6.0,4.2,1.53,A
2020-2021,30,2021-04-03,20:00,Sat,Arsenal,Liverpool,0.0,3.0,,Emirates Stadium,S Attwell,0.0,0.0,3.0,16.0,2.0,7.0,1.0,2.0,10.0,10.0,1.0,1.0,0.0,0.0,3.1,3.7,2.15,A
2020-2021,30,2021-04-04,12:00,Sun,Southampton,Burnley,3.0,2.0,,St. Mary's Stadium,A Marriner,2.0,2.0,24.0,7.0,9.0,5.0,6.0,7.0,11.0,10.0,0.0,0.0,0.0,0.0,2.05,3.3,3.8,H
2020-2021,30,2021-04-04,14:05,Sun,Newcastle United,Tottenham,2.0,2.0,,St. James' Park,C Pawson,1.0,2.0,22.0,11.0,6.0,5.0,7.0,3.0,13.0,14.0,3.0,2.0,0.0,0.0,5.5,4.0,1.6,D
2020-2021,30,2021-04-04,16:30,Sun,Aston Villa,Fulham,3.0,1.0,,Villa Park,A Madley,0.0,0.0,14.0,15.0,4.0,7.0,4.0,4.0,14.0,20.0,1.0,2.0,0.0,0.0,2.25,3.3,3.3,H
2020-2021,30,2021-04-04,19:30,Sun,Manchester United,Brighton,2.0,1.0,,Old Trafford,M Dean,0.0,1.0,15.0,5.0,7.0,3.0,5.0,6.0,14.0,7.0,2.0,2.0,0.0,0.0,1.61,4.0,5.5,H
2020-2021,30,2021-04-05,18:00,Mon,Everton,Crystal Palace,1.0,1.0,,Goodison Park,K Friend,0.0,0.0,15.0,13.0,7.0,6.0,3.0,4.0,10.0,10.0,2.0,0.0,0.0,0.0,1.75,3.5,5.0,D
2020-2021,30,2021-04-05,20:15,Mon,Wolves,West Ham,2.0,3.0,,Molineux Stadium,M Oliver,1.0,3.0,20.0,9.0,5.0,6.0,4.0,2.0,9.0,9.0,1.0,4.0,0.0,0.0,2.87,3.2,2.55,A
2020-2021,31,2021-04-09,20:00,Fri,Fulham,Wolves,0.0,1.0,,Craven Cottage,J Moss,0.0,0.0,14.0,7.0,3.0,3.0,3.0,4.0,11.0,8.0,0.0,0.0,0.0,0.0,2.5,3.0,3.1,A
2020-2021,31,2021-04-10,12:30,Sat,Manchester City,Leeds United,1.0,2.0,,Etihad Stadium,A Marriner,0.0,1.0,29.0,2.0,7.0,2.0,9.0,3.0,12.0,15.0,3.0,1.0,0.0,1.0,1.28,5.75,10.0,A
2020-2021,31,2021-04-10,15:00,Sat,Liverpool,Aston Villa,2.0,1.0,,Anfield,P Tierney,0.0,1.0,23.0,9.0,10.0,5.0,7.0,0.0,16.0,11.0,2.0,4.0,0.0,0.0,1.5,4.33,6.5,H
2020-2021,31,2021-04-10,17:30,Sat,Crystal Palace,Chelsea,1.0,4.0,,Selhurst Park,M Oliver,0.0,3.0,1.0,23.0,1.0,10.0,0.0,8.0,7.0,12.0,1.0,0.0,0.0,0.0,7.0,3.8,1.53,A
2020-2021,31,2021-04-11,12:00,Sun,Burnley,Newcastle United,1.0,2.0,,Turf Moor,A Taylor,1.0,0.0,24.0,10.0,4.0,5.0,13.0,3.0,11.0,12.0,1.0,0.0,0.0,0.0,2.3,3.1,3.4,A
2020-2021,31,2021-04-11,14:05,Sun,West Ham,Leicester City,3.0,2.0,,London Stadium,M Dean,2.0,0.0,4.0,15.0,4.0,5.0,1.0,9.0,7.0,13.0,3.0,3.0,0.0,0.0,3.0,3.3,2.37,H
2020-2021,31,2021-04-11,16:30,Sun,Tottenham,Manchester United,1.0,3.0,,Tottenham Hotspur Stadium,C Kavanagh,1.0,0.0,12.0,12.0,3.0,7.0,7.0,5.0,11.0,15.0,1.0,5.0,0.0,0.0,2.87,3.4,2.45,A
2020-2021,31,2021-04-11,19:00,Sun,Sheffield United,Arsenal,0.0,3.0,,Bramall Lane,P Bankes,0.0,1.0,7.0,14.0,2.0,5.0,2.0,4.0,9.0,6.0,1.0,1.0,0.0,0.0,6.5,3.75,1.57,A
2020-2021,31,2021-04-12,18:00,Mon,West Brom,Southampton,3.0,0.0,,The Hawthorns,S Hooper,2.0,0.0,15.0,14.0,6.0,4.0,5.0,10.0,12.0,11.0,0.0,1.0,0.0,0.0,3.6,3.3,2.1,H
2020-2021,31,2021-04-12,20:15,Mon,Brighton,Everton,0.0,0.0,,The American Express Community Stadium,D England,0.0,0.0,23.0,8.0,3.0,1.0,10.0,3.0,12.0,7.0,1.0,2.0,0.0,0.0,2.25,3.3,3.3,D
2020-2021,32,2021-04-16,20:00,Fri,Everton,Tottenham,2.0,2.0,,Goodison Park,M Oliver,1.0,1.0,18.0,12.0,7.0,3.0,6.0,3.0,8.0,8.0,1.0,1.0,0.0,0.0,3.4,3.5,2.1,D
2020-2021,32,2021-04-17,12:30,Sat,Newcastle United,West Ham,3.0,2.0,,St. James' Park,K Friend,2.0,0.0,16.0,16.0,8.0,6.0,3.0,8.0,9.0,7.0,2.0,0.0,0.0,1.0,3.5,3.5,2.05,H
2020-2021,32,2021-04-17,20:15,Sat,Wolves,Sheffield United,1.0,0.0,,Molineux Stadium,R Jones,0.0,0.0,10.0,8.0,5.0,2.0,3.0,3.0,8.0,15.0,1.0,2.0,0.0,0.0,1.66,3.5,5.75,H
2020-2021,32,2021-04-18,13:30,Sun,Arsenal,Fulham,1.0,1.0,,Emirates Stadium,C Pawson,0.0,0.0,18.0,3.0,5.0,1.0,11.0,1.0,9.0,11.0,0.0,3.0,0.0,0.0,1.7,3.8,4.8,D
2020-2021,32,2021-04-18,16:00,Sun,Manchester United,Burnley,3.0,1.0,,Old Trafford,J Moss,0.0,0.0,17.0,10.0,9.0,3.0,8.0,3.0,9.0,12.0,1.0,2.0,0.0,0.0,1.33,5.25,9.0,H
2020-2021,32,2021-04-19,20:00,Mon,Leeds United,Liverpool,1.0,1.0,,Elland Road,A Taylor,0.0,1.0,12.0,17.0,5.0,7.0,10.0,8.0,17.0,15.0,2.0,1.0,0.0,0.0,4.5,4.33,1.66,D
2020-2021,32,2021-04-20,20:15,Tue,Chelsea,Brighton,0.0,0.0,,Stamford Bridge,S Attwell,0.0,0.0,7.0,11.0,4.0,2.0,0.0,3.0,8.0,9.0,2.0,0.0,0.0,1.0,1.57,4.0,6.0,D
2020-2021,29,2021-04-21,18:00,Wed,Tottenham,Southampton,2.0,1.0,,Tottenham Hotspur Stadium,D Coote,0.0,1.0,12.0,10.0,3.0,5.0,5.0,5.0,10.0,14.0,2.0,1.0,0.0,0.0,1.75,3.8,4.5,H
2020-2021,32,2021-04-21,20:15,Wed,Aston Villa,Manchester City,1.0,2.0,,Villa Park,P Bankes,1.0,2.0,8.0,13.0,3.0,3.0,1.0,11.0,12.0,7.0,0.0,1.0,1.0,1.0,9.0,4.75,1.36,A
2020-2021,32,2021-04-22,20:00,Thu,Leicester City,West Brom,3.0,0.0,,King Power Stadium,A Madley,3.0,0.0,17.0,4.0,7.0,1.0,7.0,3.0,13.0,12.0,0.0,2.0,0.0,0.0,1.53,3.8,6.0,H
2020-2021,33,2021-04-23,20:00,Fri,Arsenal,Everton,0.0,1.0,,Emirates Stadium,J Moss,0.0,0.0,14.0,8.0,3.0,1.0,7.0,3.0,13.0,10.0,1.0,3.0,0.0,0.0,2.0,3.5,3.75,A
2020-2021,33,2021-04-24,12:30,Sat,Liverpool,Newcastle United,1.0,1.0,,Anfield,A Marriner,1.0,0.0,22.0,7.0,9.0,4.0,6.0,3.0,9.0,7.0,2.0,1.0,0.0,0.0,1.22,6.5,12.0,D
2020-2021,33,2021-04-24,17:30,Sat,West Ham,Chelsea,0.0,1.0,,London Stadium,C Kavanagh,0.0,1.0,9.0,17.0,2.0,6.0,4.0,2.0,9.0,11.0,0.0,4.0,1.0,0.0,4.75,3.6,1.75,A
2020-2021,33,2021-04-24,20:00,Sat,Sheffield United,Brighton,1.0,0.0,,Bramall Lane,K Friend,1.0,0.0,7.0,17.0,3.0,4.0,2.0,12.0,13.0,7.0,3.0,0.0,0.0,0.0,5.25,3.4,1.75,H
2020-2021,33,2021-04-25,12:00,Sun,Wolves,Burnley,0.0,4.0,,Molineux Stadium,D England,0.0,3.0,12.0,14.0,2.0,7.0,8.0,5.0,8.0,9.0,1.0,2.0,0.0,0.0,2.0,3.4,3.9,A
2020-2021,33,2021-04-25,14:00,Sun,Leeds United,Manchester United,0.0,0.0,,Elland Road,C Pawson,0.0,0.0,6.0,16.0,3.0,4.0,2.0,6.0,21.0,11.0,4.0,1.0,0.0,0.0,4.0,4.2,1.75,D
2020-2021,33,2021-04-25,19:00,Sun,Aston Villa,West Brom,2.0,2.0,,Villa Park,S Attwell,1.0,1.0,24.0,10.0,11.0,4.0,11.0,4.0,14.0,9.0,0.0,2.0,0.0,0.0,1.85,3.6,4.2,D
2020-2021,33,2021-04-26,20:00,Mon,Leicester City,Crystal Palace,2.0,1.0,,King Power Stadium,G Scott,0.0,1.0,13.0,4.0,5.0,2.0,7.0,2.0,13.0,12.0,0.0,1.0,0.0,0.0,1.4,4.33,8.5,H
2020-2021,34,2021-04-30,20:00,Fri,Southampton,Leicester City,1.0,1.0,,St. Mary's Stadium,R Jones,0.0,0.0,5.0,23.0,3.0,9.0,0.0,10.0,9.0,13.0,1.0,0.0,1.0,0.0,3.8,3.8,1.9,D
2020-2021,34,2021-05-01,12:30,Sat,Crystal Palace,Manchester City,0.0,2.0,,Selhurst Park,D Coote,0.0,0.0,9.0,20.0,4.0,3.0,2.0,6.0,9.0,10.0,2.0,0.0,0.0,0.0,10.0,5.0,1.33,A
2020-2021,34,2021-05-01,15:00,Sat,Brighton,Leeds United,2.0,0.0,,The American Express Community Stadium,C Kavanagh,1.0,0.0,17.0,11.0,5.0,2.0,2.0,9.0,17.0,6.0,1.0,1.0,0.0,0.0,2.05,3.5,3.5,H
2020-2021,34,2021-05-01,17:30,Sat,Chelsea,Fulham,2.0,0.0,,Stamford Bridge,K Friend,1.0,0.0,9.0,10.0,5.0,3.0,1.0,8.0,15.0,8.0,1.0,1.0,0.0,0.0,1.44,4.4,7.5,H
2020-2021,34,2021-05-01,20:00,Sat,Everton,Aston Villa,1.0,2.0,,Goodison Park,S Hooper,1.0,1.0,16.0,13.0,3.0,5.0,3.0,6.0,10.0,13.0,0.0,2.0,0.0,0.0,1.95,3.6,3.8,A
2020-2021,34,2021-05-02,14:00,Sun,Newcastle United,Arsenal,0.0,2.0,,St. James' Park,M Dean,0.0,1.0,5.0,19.0,1.0,5.0,3.0,7.0,10.0,9.0,2.0,1.0,1.0,0.0,3.6,3.6,2.0,A
2020-2021,34,2021-05-02,19:15,Sun,Tottenham,Sheffield United,4.0,0.0,,Tottenham Hotspur Stadium,A Marriner,1.0,0.0,20.0,8.0,11.0,1.0,6.0,6.0,8.0,9.0,1.0,1.0,0.0,0.0,1.25,6.0,12.0,H
2020-2021,34,2021-05-03,18:00,Mon,West Brom,Wolves,1.0,1.0,,The Hawthorns,P Tierney,0.0,1.0,10.0,20.0,4.0,10.0,5.0,6.0,17.0,11.0,2.0,0.0,0.0,0.0,2.9,3.2,2.5,D
2020-2021,34,2021-05-03,20:15,Mon,Burnley,West Ham,1.0,2.0,,Turf Moor,A Taylor,1.0,2.0,8.0,22.0,3.0,4.0,5.0,4.0,4.0,8.0,2.0,1.0,0.0,0.0,3.1,3.6,2.2,A
2020-2021,35,2021-05-07,20:00,Fri,Leicester City,Newcastle United,2.0,4.0,,King Power Stadium,D England,0.0,2.0,25.0,14.0,9.0,6.0,9.0,6.0,12.0,9.0,1.0,1.0,0.0,0.0,1.4,4.75,8.0,A
2020-2021,35,2021-05-08,12:30,Sat,Leeds United,Tottenham,3.0,1.0,,Elland Road,M Oliver,2.0,1.0,16.0,11.0,7.0,3.0,8.0,6.0,12.0,10.0,1.0,2.0,0.0,0.0,3.4,3.8,2.0,H
2020-2021,35,2021-05-08,15:00,Sat,Sheffield United,Crystal Palace,0.0,2.0,,Bramall Lane,S Hooper,0.0,1.0,7.0,21.0,0.0,8.0,5.0,11.0,11.0,8.0,1.0,1.0,0.0,0.0,3.0,3.2,2.45,A
2020-2021,35,2021-05-08,17:30,Sat,Manchester City,Chelsea,1.0,2.0,,Etihad Stadium,A Taylor,1.0,0.0,16.0,12.0,4.0,5.0,6.0,2.0,12.0,10.0,2.0,0.0,0.0,0.0,1.9,3.4,4.2,A
2020-2021,35,2021-05-08,20:15,Sat,Liverpool,Southampton,2.0,0.0,,Anfield,K Friend,1.0,0.0,14.0,12.0,6.0,6.0,8.0,4.0,10.0,6.0,0.0,1.0,0.0,0.0,1.25,6.0,11.0,H
2020-2021,35,2021-05-09,12:00,Sun,Wolves,Brighton,2.0,1.0,,Molineux Stadium,J Moss,0.0,1.0,16.0,5.0,6.0,3.0,10.0,5.0,12.0,7.0,2.0,2.0,0.0,2.0,3.3,3.3,2.2,H
2020-2021,35,2021-05-09,14:05,Sun,Aston Villa,Manchester United,1.0,3.0,,Villa Park,C Kavanagh,1.0,0.0,11.0,18.0,5.0,7.0,5.0,6.0,13.0,18.0,1.0,1.0,1.0,0.0,4.2,3.8,1.8,A
2020-2021,35,2021-05-09,16:30,Sun,West Ham,Everton,0.0,1.0,,London Stadium,S Attwell,0.0,1.0,11.0,9.0,0.0,3.0,5.0,6.0,8.0,10.0,2.0,1.0,0.0,0.0,2.2,3.5,3.2,A
2020-2021,35,2021-05-09,19:00,Sun,Arsenal,West Brom,3.0,1.0,,Emirates Stadium,P Bankes,2.0,0.0,15.0,12.0,7.0,1.0,6.0,6.0,7.0,9.0,1.0,2.0,0.0,0.0,1.44,4.5,7.0,H
2020-2021,35,2021-05-10,20:00,Mon,Fulham,Burnley,0.0,2.0,,Craven Cottage,D Coote,0.0,2.0,21.0,14.0,3.0,5.0,8.0,4.0,11.0,10.0,2.0,0.0,0.0,0.0,2.2,3.4,3.3,A
2020-2021,36,2021-05-11,18:00,Tue,Manchester United,Leicester City,1.0,2.0,,Old Trafford,C Pawson,1.0,1.0,4.0,12.0,1.0,3.0,3.0,4.0,9.0,12.0,0.0,0.0,0.0,0.0,2.5,3.4,2.8,A
2020-2021,32,2021-05-11,20:15,Tue,Southampton,Crystal Palace,3.0,1.0,,St. Mary's Stadium,A Madley,1.0,1.0,13.0,11.0,6.0,4.0,12.0,8.0,20.0,13.0,2.0,3.0,0.0,0.0,2.05,3.6,3.5,H
2020-2021,36,2021-05-12,20:15,Wed,Chelsea,Arsenal,0.0,1.0,,Stamford Bridge,A Marriner,0.0,1.0,19.0,5.0,5.0,2.0,9.0,1.0,7.0,6.0,0.0,1.0,0.0,0.0,1.65,4.0,5.0,A
2020-2021,19,2021-05-13,18:00,Thu,Aston Villa,Everton,0.0,0.0,,Villa Park,M Atkinson,0.0,0.0,13.0,15.0,2.0,5.0,9.0,1.0,9.0,12.0,2.0,0.0,0.0,0.0,2.7,3.4,2.6,D
2020-2021,34,2021-05-13,20:15,Thu,Manchester United,Liverpool,2.0,4.0,,Old Trafford,A Taylor,1.0,2.0,18.0,17.0,3.0,8.0,6.0,4.0,10.0,12.0,3.0,0.0,0.0,0.0,3.0,3.75,2.2,A
2020-2021,36,2021-05-14,20:00,Fri,Newcastle United,Manchester City,3.0,4.0,,St. James' Park,K Friend,2.0,2.0,11.0,15.0,5.0,6.0,4.0,5.0,11.0,10.0,2.0,2.0,0.0,0.0,11.0,6.0,1.25,A
2020-2021,36,2021-05-15,12:30,Sat,Burnley,Leeds United,0.0,4.0,,Turf Moor,G Scott,0.0,1.0,16.0,16.0,4.0,6.0,6.0,8.0,10.0,10.0,1.0,1.0,0.0,0.0,3.2,3.75,2.1,A
2020-2021,36,2021-05-15,15:00,Sat,Southampton,Fulham,3.0,1.0,,St. Mary's Stadium,C Pawson,1.0,0.0,11.0,10.0,7.0,3.0,6.0,5.0,9.0,15.0,0.0,1.0,0.0,0.0,2.0,3.6,3.6,H
2020-2021,36,2021-05-15,20:00,Sat,Brighton,West Ham,1.0,1.0,,The American Express Community Stadium,A Marriner,0.0,0.0,10.0,15.0,2.0,3.0,3.0,3.0,7.0,5.0,1.0,1.0,0.0,0.0,2.9,3.6,2.3,D
2020-2021,36,2021-05-16,12:00,Sun,Crystal Palace,Aston Villa,3.0,2.0,,Selhurst Park,D Coote,1.0,2.0,23.0,19.0,8.0,5.0,7.0,7.0,23.0,13.0,3.0,2.0,0.0,0.0,3.0,3.6,2.25,H
2020-2021,36,2021-05-16,14:05,Sun,Tottenham,Wolves,2.0,0.0,,Tottenham Hotspur Stadium,M Atkinson,1.0,0.0,24.0,15.0,13.0,3.0,10.0,3.0,8.0,11.0,1.0,0.0,0.0,0.0,1.5,4.33,6.5,H
2020-2021,36,2021-05-16,16:30,Sun,West Brom,Liverpool,1.0,2.0,,The Hawthorns,M Dean,1.0,1.0,10.0,26.0,3.0,6.0,9.0,13.0,7.0,14.0,0.0,0.0,0.0,0.0,12.0,6.5,1.22,A
2020-2021,36,2021-05-16,19:00,Sun,Everton,Sheffield United,0.0,1.0,,Goodison Park,A Moss,0.0,1.0,16.0,10.0,6.0,3.0,11.0,4.0,8.0,12.0,1.0,3.0,0.0,0.0,1.36,4.75,8.5,A
2020-2021,37,2021-05-18,18:00,Tue,Manchester United,Fulham,1.0,1.0,10000.0,Old Trafford,L Mason,1.0,0.0,13.0,8.0,6.0,5.0,6.0,1.0,10.0,15.0,2.0,3.0,0.0,0.0,1.28,6.0,9.0,D
2020-2021,37,2021-05-18,18:00,Tue,Southampton,Leeds United,0.0,2.0,8000.0,St. Mary's Stadium,P Bankes,0.0,0.0,18.0,15.0,3.0,7.0,4.0,5.0,10.0,12.0,0.0,3.0,0.0,0.0,2.55,3.9,2.5,A
2020-2021,37,2021-05-18,19:00,Tue,Brighton,Manchester City,3.0,2.0,7945.0,The American Express Community Stadium,S Attwell,0.0,1.0,19.0,8.0,6.0,4.0,5.0,3.0,13.0,11.0,3.0,3.0,0.0,1.0,7.0,4.5,1.45,H
2020-2021,37,2021-05-18,20:15,Tue,Chelsea,Leicester City,2.0,1.0,8000.0,Stamford Bridge,M Dean,0.0,0.0,17.0,7.0,6.0,3.0,6.0,5.0,15.0,16.0,2.0,4.0,0.0,0.0,1.7,3.75,5.0,H
2020-2021,37,2021-05-19,18:00,Wed,Newcastle United,Sheffield United,1.0,0.0,10000.0,St. James' Park,R Jones,1.0,0.0,16.0,11.0,5.0,1.0,5.0,2.0,7.0,7.0,0.0,2.0,0.0,0.0,1.72,3.8,4.75,H
2020-2021,37,2021-05-19,18:00,Wed,Tottenham,Aston Villa,1.0,2.0,10000.0,Tottenham Hotspur Stadium,C Pawson,1.0,2.0,10.0,20.0,4.0,4.0,4.0,5.0,14.0,13.0,1.0,1.0,0.0,0.0,1.5,4.5,6.0,A
2020-2021,37,2021-05-19,18:00,Wed,Everton,Wolves,1.0,0.0,4988.0,Goodison Park,A Madley,0.0,0.0,14.0,9.0,4.0,3.0,7.0,12.0,11.0,11.0,0.0,2.0,0.0,0.0,1.85,3.6,4.2,H
2020-2021,37,2021-05-19,19:00,Wed,Crystal Palace,Arsenal,1.0,3.0,6500.0,Selhurst Park,A Taylor,0.0,1.0,12.0,6.0,6.0,3.0,6.0,7.0,7.0,7.0,2.0,1.0,0.0,0.0,6.0,4.5,1.5,A
2020-2021,37,2021-05-19,20:15,Wed,Burnley,Liverpool,0.0,3.0,3387.0,Turf Moor,C Kavanagh,0.0,1.0,10.0,20.0,4.0,3.0,6.0,7.0,10.0,7.0,0.0,0.0,0.0,0.0,11.0,7.0,1.22,A
2020-2021,37,2021-05-19,20:15,Wed,West Brom,West Ham,1.0,3.0,5371.0,The Hawthorns,M Oliver,1.0,1.0,14.0,21.0,4.0,9.0,6.0,8.0,8.0,11.0,2.0,2.0,0.0,0.0,5.0,4.33,1.6,A
2020-2021,38,2021-05-23,16:00,Sun,Aston Villa,Chelsea,2.0,1.0,10000.0,Villa Park,S Attwell,1.0,0.0,6.0,23.0,3.0,7.0,2.0,9.0,11.0,12.0,3.0,3.0,0.0,1.0,6.5,4.6,1.45,H
2020-2021,38,2021-05-23,16:00,Sun,Leicester City,Tottenham,2.0,4.0,8000.0,King Power Stadium,A Taylor,1.0,1.0,10.0,11.0,6.0,4.0,8.0,7.0,9.0,8.0,0.0,2.0,0.0,0.0,2.0,4.0,3.3,A
2020-2021,38,2021-05-23,16:00,Sun,Manchester City,Everton,5.0,0.0,10000.0,Etihad Stadium,M Oliver,2.0,0.0,21.0,8.0,11.0,3.0,7.0,5.0,8.0,10.0,2.0,2.0,0.0,0.0,1.44,5.0,6.5,H
2020-2021,38,2021-05-23,16:00,Sun,Sheffield United,Burnley,1.0,0.0,5000.0,Bramall Lane,K Friend,1.0,0.0,12.0,10.0,3.0,3.0,8.0,9.0,11.0,1.0,3.0,1.0,0.0,0.0,2.8,3.6,2.4,H
2020-2021,38,2021-05-23,16:00,Sun,Wolves,Manchester United,1.0,2.0,4500.0,Molineux Stadium,M Dean,1.0,2.0,14.0,9.0,4.0,4.0,6.0,2.0,14.0,3.0,4.0,1.0,0.0,0.0,2.5,3.5,2.7,A
2020-2021,38,2021-05-23,16:00,Sun,West Ham,Southampton,3.0,0.0,10000.0,London Stadium,M Atkinson,2.0,0.0,14.0,17.0,7.0,5.0,2.0,3.0,5.0,9.0,0.0,3.0,0.0,0.0,1.65,4.0,5.0,H
2020-2021,38,2021-05-23,16:00,Sun,Leeds United,West Brom,3.0,1.0,8000.0,Elland Road,D Coote,2.0,0.0,17.0,14.0,9.0,5.0,8.0,3.0,12.0,12.0,2.0,1.0,0.0,0.0,1.4,5.25,6.5,H
2020-2021,38,2021-05-23,16:00,Sun,Arsenal,Brighton,2.0,0.0,10000.0,Emirates Stadium,J Moss,0.0,0.0,16.0,5.0,5.0,1.0,11.0,3.0,10.0,8.0,0.0,0.0,0.0,0.0,1.57,4.33,5.25,H
2020-2021,38,2021-05-23,16:00,Sun,Liverpool,Crystal Palace,2.0,0.0,9901.0,Anfield,C Pawson,1.0,0.0,19.0,5.0,5.0,4.0,14.0,1.0,10.0,8.0,2.0,2.0,0.0,0.0,1.14,8.5,15.0,H
2020-2021,38,2021-05-23,16:00,Sun,Fulham,Newcastle United,0.0,2.0,2000.0,Craven Cottage,C Kavanagh,0.0,1.0,14.0,10.0,0.0,4.0,5.0,4.0,12.0,6.0,1.0,0.0,0.0,0.0,2.05,3.8,3.3,A
2021-2022,1,2021-08-13,20:00,Fri,Brentford,Arsenal,2.0,0.0,16479.0,Brentford Community Stadium,M Oliver,1.0,0.0,8.0,22.0,3.0,4.0,2.0,5.0,12.0,8.0,0.0,0.0,0.0,0.0,4.0,3.4,1.95,H
2021-2022,1,2021-08-14,12:30,Sat,Manchester United,Leeds United,5.0,1.0,72732.0,Old Trafford,P Tierney,1.0,0.0,16.0,10.0,8.0,3.0,5.0,4.0,11.0,9.0,1.0,2.0,0.0,0.0,1.53,4.5,5.75,H
2021-2022,1,2021-08-14,15:00,Sat,Leicester City,Wolves,1.0,0.0,31983.0,King Power Stadium,C Pawson,1.0,0.0,9.0,17.0,5.0,3.0,5.0,4.0,6.0,10.0,1.0,2.0,0.0,0.0,1.66,3.8,5.25,H
2021-2022,1,2021-08-14,15:00,Sat,Burnley,Brighton,1.0,2.0,16910.0,Turf Moor,D Coote,1.0,0.0,14.0,14.0,3.0,8.0,7.0,6.0,10.0,7.0,2.0,1.0,0.0,0.0,3.1,3.1,2.45,A
2021-2022,1,2021-08-14,15:00,Sat,Chelsea,Crystal Palace,3.0,0.0,38965.0,Stamford Bridge,J Moss,2.0,0.0,13.0,4.0,6.0,1.0,5.0,2.0,15.0,11.0,0.0,0.0,0.0,0.0,1.25,5.75,13.0,H
2021-2022,1,2021-08-14,15:00,Sat,Watford,Aston Villa,3.0,2.0,20051.0,Vicarage Road Stadium,M Dean,2.0,0.0,13.0,11.0,7.0,2.0,2.0,4.0,18.0,13.0,3.0,1.0,0.0,0.0,3.1,3.2,2.37,H
2021-2022,1,2021-08-14,15:00,Sat,Everton,Southampton,3.0,1.0,38487.0,Goodison Park,A Madley,0.0,1.0,14.0,6.0,6.0,3.0,6.0,8.0,13.0,15.0,2.0,0.0,0.0,0.0,1.9,3.5,4.0,H
2021-2022,1,2021-08-14,17:30,Sat,Norwich City,Liverpool,0.0,3.0,27023.0,Carrow Road,A Marriner,0.0,1.0,14.0,19.0,3.0,8.0,3.0,11.0,4.0,14.0,1.0,1.0,0.0,0.0,9.0,5.75,1.3,A
2021-2022,1,2021-08-15,14:00,Sun,Newcastle United,West Ham,2.0,4.0,50673.0,St. James' Park,M Atkinson,2.0,1.0,17.0,8.0,3.0,9.0,7.0,6.0,4.0,3.0,1.0,0.0,0.0,0.0,3.2,3.5,2.2,A
2021-2022,1,2021-08-15,16:30,Sun,Tottenham,Manchester City,1.0,0.0,58262.0,Tottenham Hotspur Stadium,A Taylor,0.0,0.0,13.0,18.0,3.0,4.0,3.0,11.0,11.0,8.0,2.0,1.0,0.0,0.0,5.5,4.2,1.6,H
2021-2022,2,2021-08-21,12:30,Sat,Liverpool,Burnley,2.0,0.0,52591.0,Anfield,M Dean,1.0,0.0,27.0,9.0,9.0,3.0,8.0,4.0,6.0,12.0,0.0,0.0,0.0,0.0,1.18,7.5,13.0,H
2021-2022,2,2021-08-21,15:00,Sat,Aston Villa,Newcastle United,2.0,0.0,41964.0,Villa Park,D Coote,1.0,0.0,10.0,9.0,2.0,1.0,3.0,4.0,8.0,18.0,3.0,4.0,0.0,0.0,1.8,3.75,4.33,H
2021-2022,2,2021-08-21,15:00,Sat,Manchester City,Norwich City,5.0,0.0,51437.0,Etihad Stadium,G Scott,2.0,0.0,16.0,1.0,4.0,0.0,6.0,1.0,13.0,7.0,1.0,0.0,0.0,0.0,1.08,11.0,26.0,H
2021-2022,2,2021-08-21,15:00,Sat,Leeds United,Everton,2.0,2.0,36293.0,Elland Road,D England,1.0,1.0,17.0,17.0,4.0,8.0,8.0,5.0,6.0,13.0,2.0,4.0,0.0,0.0,2.37,3.4,3.0,D
2021-2022,2,2021-08-21,15:00,Sat,Crystal Palace,Brentford,0.0,0.0,23091.0,Selhurst Park,M Atkinson,0.0,0.0,7.0,14.0,2.0,3.0,3.0,5.0,12.0,9.0,3.0,1.0,0.0,0.0,2.55,3.2,2.87,D
2021-2022,2,2021-08-21,17:30,Sat,Brighton,Watford,2.0,0.0,29485.0,The American Express Community Stadium,A Taylor,2.0,0.0,13.0,10.0,3.0,1.0,7.0,2.0,11.0,6.0,4.0,0.0,0.0,0.0,1.7,3.5,5.75,H
2021-2022,2,2021-08-22,14:00,Sun,Wolves,Tottenham,0.0,1.0,30368.0,Molineux Stadium,S Attwell,0.0,1.0,25.0,8.0,6.0,6.0,5.0,4.0,9.0,7.0,1.0,4.0,0.0,0.0,3.2,3.2,2.35,A
2021-2022,2,2021-08-22,14:00,Sun,Southampton,Manchester United,1.0,1.0,32000.0,St. Mary's Stadium,C Pawson,1.0,0.0,8.0,15.0,3.0,4.0,7.0,7.0,12.0,10.0,2.0,3.0,0.0,0.0,5.5,4.2,1.57,D
2021-2022,2,2021-08-22,16:30,Sun,Arsenal,Chelsea,0.0,2.0,58729.0,Emirates Stadium,P Tierney,0.0,2.0,6.0,22.0,3.0,5.0,9.0,8.0,10.0,4.0,3.0,0.0,0.0,0.0,4.75,3.75,1.72,A
2021-2022,2,2021-08-23,20:00,Mon,West Ham,Leicester City,4.0,1.0,59901.0,London Stadium,M Oliver,1.0,0.0,13.0,5.0,7.0,1.0,10.0,0.0,8.0,8.0,0.0,1.0,0.0,1.0,2.5,3.5,2.75,H
2021-2022,3,2021-08-28,12:30,Sat,Manchester City,Arsenal,5.0,0.0,52276.0,Etihad Stadium,M Atkinson,3.0,0.0,25.0,1.0,10.0,0.0,14.0,0.0,5.0,7.0,1.0,2.0,0.0,1.0,1.25,6.0,12.0,H
2021-2022,3,2021-08-28,15:00,Sat,Norwich City,Leicester City,1.0,2.0,26765.0,Carrow Road,R Jones,1.0,1.0,14.0,9.0,4.0,3.0,9.0,9.0,8.0,9.0,2.0,1.0,0.0,0.0,4.5,3.5,1.85,A
2021-2022,3,2021-08-28,15:00,Sat,West Ham,Crystal Palace,2.0,2.0,59751.0,London Stadium,S Attwell,1.0,0.0,14.0,9.0,4.0,2.0,5.0,3.0,10.0,7.0,1.0,0.0,0.0,0.0,1.55,4.0,6.5,D
2021-2022,3,2021-08-28,15:00,Sat,Aston Villa,Brentford,1.0,1.0,42045.0,Villa Park,P Bankes,1.0,1.0,7.0,9.0,5.0,2.0,3.0,2.0,15.0,14.0,3.0,3.0,0.0,0.0,1.95,3.6,3.8,D
2021-2022,3,2021-08-28,15:00,Sat,Newcastle United,Southampton,2.0,2.0,44017.0,St. James' Park,P Tierney,0.0,0.0,10.0,22.0,5.0,6.0,4.0,4.0,11.0,6.0,3.0,3.0,0.0,0.0,2.5,3.4,2.8,D
2021-2022,3,2021-08-28,15:00,Sat,Brighton,Everton,0.0,2.0,30548.0,The American Express Community Stadium,J Moss,0.0,1.0,14.0,14.0,3.0,5.0,4.0,5.0,7.0,9.0,1.0,2.0,0.0,0.0,2.3,3.2,3.3,A
2021-2022,3,2021-08-28,17:30,Sat,Liverpool,Chelsea,1.0,1.0,54000.0,Anfield,A Taylor,1.0,1.0,24.0,6.0,7.0,3.0,12.0,3.0,13.0,4.0,0.0,2.0,0.0,1.0,2.45,3.3,2.9,D
2021-2022,3,2021-08-29,14:00,Sun,Burnley,Leeds United,1.0,1.0,20000.0,Turf Moor,M Oliver,0.0,0.0,12.0,12.0,3.0,2.0,5.0,5.0,13.0,9.0,4.0,3.0,0.0,0.0,3.1,3.5,2.25,D
2021-2022,3,2021-08-29,14:00,Sun,Tottenham,Watford,1.0,0.0,57672.0,Tottenham Hotspur Stadium,A Marriner,1.0,0.0,15.0,9.0,8.0,2.0,10.0,3.0,8.0,14.0,3.0,3.0,0.0,0.0,1.36,4.75,9.0,H
2021-2022,3,2021-08-29,16:30,Sun,Wolves,Manchester United,0.0,1.0,30621.0,Molineux Stadium,M Dean,0.0,0.0,15.0,10.0,6.0,3.0,5.0,7.0,7.0,9.0,3.0,4.0,0.0,0.0,5.0,3.5,1.75,A
2021-2022,4,2021-09-11,12:30,Sat,Crystal Palace,Tottenham,3.0,0.0,26000.0,Selhurst Park,J Moss,0.0,0.0,18.0,2.0,4.0,1.0,8.0,2.0,13.0,15.0,2.0,1.0,0.0,1.0,4.2,3.5,1.9,H
2021-2022,4,2021-09-11,15:00,Sat,Watford,Wolves,0.0,2.0,20019.0,Vicarage Road Stadium,P Bankes,0.0,0.0,6.0,14.0,2.0,5.0,6.0,8.0,15.0,13.0,3.0,3.0,0.0,0.0,3.4,3.2,2.25,A
2021-2022,4,2021-09-11,15:00,Sat,Brentford,Brighton,0.0,1.0,16518.0,Brentford Community Stadium,G Scott,0.0,0.0,7.0,4.0,1.0,2.0,1.0,6.0,9.0,12.0,3.0,2.0,0.0,0.0,2.8,3.2,2.62,A
2021-2022,4,2021-09-11,15:00,Sat,Arsenal,Norwich City,1.0,0.0,58000.0,Emirates Stadium,M Oliver,0.0,0.0,30.0,10.0,7.0,1.0,8.0,4.0,9.0,11.0,1.0,2.0,0.0,0.0,1.5,4.6,6.0,H
2021-2022,4,2021-09-11,15:00,Sat,Manchester United,Newcastle United,4.0,1.0,72732.0,Old Trafford,A Taylor,1.0,0.0,21.0,12.0,7.0,3.0,7.0,3.0,9.0,2.0,1.0,0.0,0.0,0.0,1.18,7.5,15.0,H
2021-2022,4,2021-09-11,15:00,Sat,Leicester City,Manchester City,0.0,1.0,32087.0,King Power Stadium,P Tierney,0.0,0.0,6.0,25.0,1.0,8.0,5.0,8.0,4.0,11.0,1.0,2.0,0.0,0.0,6.0,4.0,1.57,A
2021-2022,4,2021-09-11,15:00,Sat,Southampton,West Ham,0.0,0.0,30000.0,St. Mary's Stadium,D Coote,0.0,0.0,11.0,13.0,3.0,3.0,5.0,4.0,10.0,12.0,3.0,1.0,0.0,1.0,2.9,3.5,2.4,D
2021-2022,4,2021-09-11,17:30,Sat,Chelsea,Aston Villa,3.0,0.0,39969.0,Stamford Bridge,S Attwell,1.0,0.0,12.0,18.0,4.0,6.0,4.0,11.0,11.0,11.0,1.0,4.0,0.0,0.0,1.28,5.5,11.0,H
2021-2022,4,2021-09-12,16:30,Sun,Leeds United,Liverpool,0.0,3.0,36507.0,Elland Road,C Pawson,0.0,1.0,9.0,30.0,4.0,9.0,2.0,11.0,9.0,8.0,2.0,1.0,1.0,0.0,4.33,4.0,1.75,A
2021-2022,4,2021-09-13,20:00,Mon,Everton,Burnley,3.0,1.0,30000.0,Goodison Park,M Atkinson,0.0,0.0,14.0,11.0,6.0,6.0,4.0,6.0,3.0,6.0,1.0,1.0,0.0,0.0,1.7,3.75,5.0,H
2021-2022,5,2021-09-17,20:00,Fri,Newcastle United,Leeds United,1.0,1.0,50407.0,St. James' Park,M Dean,1.0,1.0,17.0,22.0,7.0,9.0,4.0,5.0,9.0,11.0,2.0,2.0,0.0,0.0,3.0,3.6,2.3,D
2021-2022,5,2021-09-18,12:30,Sat,Wolves,Brentford,0.0,2.0,30000.0,Molineux Stadium,D England,0.0,2.0,11.0,9.0,0.0,3.0,4.0,2.0,10.0,7.0,4.0,2.0,0.0,1.0,1.83,3.25,5.0,A
2021-2022,5,2021-09-18,15:00,Sat,Manchester City,Southampton,0.0,0.0,52698.0,Etihad Stadium,J Moss,0.0,0.0,18.0,10.0,1.0,2.0,8.0,5.0,5.0,12.0,0.0,2.0,0.0,0.0,1.12,9.5,17.0,D
2021-2022,5,2021-09-18,15:00,Sat,Liverpool,Crystal Palace,3.0,0.0,52000.0,Anfield,A Madley,1.0,0.0,25.0,13.0,10.0,2.0,10.0,5.0,17.0,11.0,3.0,1.0,0.0,0.0,1.2,7.0,13.0,H
2021-2022,5,2021-09-18,15:00,Sat,Norwich City,Watford,1.0,3.0,26649.0,Carrow Road,R Jones,1.0,1.0,12.0,12.0,5.0,8.0,4.0,8.0,10.0,14.0,1.0,1.0,0.0,0.0,2.15,3.3,3.5,A
2021-2022,5,2021-09-18,15:00,Sat,Burnley,Arsenal,0.0,1.0,20000.0,Turf Moor,A Taylor,0.0,1.0,18.0,13.0,3.0,3.0,8.0,3.0,9.0,8.0,2.0,1.0,0.0,0.0,3.8,3.6,1.95,A
2021-2022,5,2021-09-18,17:30,Sat,Aston Villa,Everton,3.0,0.0,41888.0,Villa Park,C Pawson,0.0,0.0,15.0,11.0,3.0,1.0,5.0,4.0,7.0,10.0,1.0,1.0,0.0,0.0,2.4,3.3,3.0,H
2021-2022,5,2021-09-19,14:00,Sun,West Ham,Manchester United,1.0,2.0,60000.0,London Stadium,M Atkinson,1.0,1.0,13.0,17.0,4.0,10.0,2.0,11.0,5.0,8.0,0.0,0.0,0.0,0.0,4.33,4.0,1.75,A
2021-2022,5,2021-09-19,14:00,Sun,Brighton,Leicester City,2.0,1.0,31078.0,The American Express Community Stadium,S Attwell,1.0,0.0,12.0,14.0,5.0,3.0,4.0,9.0,8.0,10.0,2.0,1.0,0.0,0.0,2.7,3.2,2.75,H
2021-2022,5,2021-09-19,16:30,Sun,Tottenham,Chelsea,0.0,3.0,60059.0,Tottenham Hotspur Stadium,P Tierney,0.0,0.0,8.0,20.0,2.0,10.0,5.0,11.0,4.0,15.0,0.0,1.0,0.0,0.0,5.0,3.8,1.7,A
2021-2022,6,2021-09-25,12:30,Sat,Manchester United,Aston Villa,0.0,1.0,72922.0,Old Trafford,M Dean,0.0,0.0,28.0,7.0,4.0,3.0,5.0,5.0,9.0,13.0,2.0,2.0,0.0,0.0,1.36,5.25,8.0,A
2021-2022,6,2021-09-25,12:30,Sat,Chelsea,Manchester City,0.0,1.0,40036.0,Stamford Bridge,M Oliver,0.0,0.0,5.0,15.0,0.0,4.0,4.0,13.0,12.0,10.0,3.0,2.0,0.0,0.0,2.62,3.2,2.75,A
2021-2022,6,2021-09-25,15:00,Sat,Leicester City,Burnley,2.0,2.0,31650.0,King Power Stadium,C Kavanagh,1.0,2.0,22.0,9.0,5.0,3.0,8.0,4.0,10.0,8.0,2.0,4.0,0.0,0.0,1.57,4.0,6.0,D
2021-2022,6,2021-09-25,15:00,Sat,Leeds United,West Ham,1.0,2.0,36417.0,Elland Road,K Friend,1.0,0.0,15.0,20.0,5.0,7.0,5.0,7.0,10.0,6.0,3.0,2.0,0.0,0.0,3.0,3.6,2.25,A
2021-2022,6,2021-09-25,15:00,Sat,Watford,Newcastle United,1.0,1.0,20650.0,Vicarage Road Stadium,J Gillett,0.0,1.0,15.0,20.0,4.0,6.0,5.0,6.0,19.0,12.0,4.0,3.0,0.0,0.0,2.2,3.4,3.3,D
2021-2022,6,2021-09-25,15:00,Sat,Everton,Norwich City,2.0,0.0,38821.0,Goodison Park,D Coote,1.0,0.0,11.0,10.0,4.0,2.0,6.0,4.0,12.0,9.0,2.0,3.0,0.0,0.0,1.61,3.8,5.75,H
2021-2022,6,2021-09-25,17:30,Sat,Brentford,Liverpool,3.0,3.0,16876.0,Brentford Community Stadium,S Attwell,1.0,1.0,12.0,16.0,4.0,6.0,2.0,11.0,8.0,7.0,1.0,1.0,0.0,0.0,7.0,4.5,1.45,D
2021-2022,6,2021-09-26,14:00,Sun,Southampton,Wolves,0.0,1.0,28002.0,St. Mary's Stadium,A Madley,0.0,0.0,18.0,5.0,6.0,3.0,5.0,5.0,12.0,8.0,0.0,0.0,0.0,0.0,2.62,3.2,2.8,A
2021-2022,6,2021-09-26,16:30,Sun,Arsenal,Tottenham,3.0,1.0,59919.0,Emirates Stadium,C Pawson,3.0,0.0,12.0,10.0,7.0,4.0,4.0,4.0,12.0,13.0,2.0,1.0,0.0,0.0,2.15,3.3,3.5,H
2021-2022,6,2021-09-27,20:00,Mon,Crystal Palace,Brighton,1.0,1.0,22975.0,Selhurst Park,A Marriner,1.0,0.0,8.0,8.0,3.0,4.0,6.0,5.0,12.0,10.0,2.0,3.0,0.0,0.0,3.1,3.2,2.45,D
2021-2022,7,2021-10-02,12:30,Sat,Manchester United,Everton,1.0,1.0,73128.0,Old Trafford,M Oliver,1.0,0.0,13.0,12.0,6.0,2.0,10.0,1.0,10.0,9.0,1.0,1.0,0.0,0.0,1.45,4.33,7.5,D
2021-2022,7,2021-10-02,15:00,Sat,Wolves,Newcastle United,2.0,1.0,30483.0,Molineux Stadium,G Scott,1.0,1.0,7.0,8.0,3.0,2.0,0.0,4.0,15.0,5.0,0.0,2.0,0.0,0.0,1.61,4.2,5.25,H
2021-2022,7,2021-10-02,15:00,Sat,Burnley,Norwich City,0.0,0.0,17427.0,Turf Moor,K Friend,0.0,0.0,14.0,10.0,4.0,2.0,9.0,5.0,13.0,3.0,5.0,2.0,0.0,0.0,1.85,3.6,4.33,D
2021-2022,7,2021-10-02,15:00,Sat,Chelsea,Southampton,3.0,1.0,40109.0,Stamford Bridge,M Atkinson,1.0,0.0,20.0,6.0,9.0,2.0,7.0,2.0,11.0,13.0,1.0,3.0,0.0,1.0,1.36,4.75,9.0,H
2021-2022,7,2021-10-02,15:00,Sat,Leeds United,Watford,1.0,0.0,36261.0,Elland Road,S Hooper,1.0,0.0,20.0,5.0,4.0,1.0,6.0,3.0,10.0,16.0,0.0,3.0,0.0,0.0,1.7,4.0,4.75,H
2021-2022,7,2021-10-02,17:30,Sat,Brighton,Arsenal,0.0,0.0,31266.0,The American Express Community Stadium,J Moss,0.0,0.0,21.0,8.0,2.0,2.0,8.0,5.0,8.0,5.0,2.0,1.0,0.0,0.0,3.0,3.25,2.4,D
2021-2022,7,2021-10-03,14:00,Sun,Tottenham,Aston Villa,2.0,1.0,53076.0,Tottenham Hotspur Stadium,C Kavanagh,1.0,0.0,17.0,14.0,8.0,3.0,5.0,8.0,11.0,14.0,2.0,1.0,0.0,0.0,2.1,3.6,3.4,H
2021-2022,7,2021-10-03,14:00,Sun,Crystal Palace,Leicester City,2.0,2.0,25000.0,Selhurst Park,A Taylor,0.0,2.0,18.0,9.0,4.0,5.0,1.0,3.0,15.0,11.0,2.0,3.0,0.0,0.0,3.1,3.4,2.3,D
2021-2022,7,2021-10-03,14:00,Sun,West Ham,Brentford,1.0,2.0,49940.0,London Stadium,P Bankes,0.0,1.0,18.0,13.0,5.0,6.0,11.0,6.0,16.0,13.0,2.0,3.0,0.0,0.0,1.75,3.75,4.75,A
2021-2022,7,2021-10-03,16:30,Sun,Liverpool,Manchester City,2.0,2.0,53102.0,Anfield,P Tierney,0.0,0.0,6.0,12.0,4.0,3.0,3.0,4.0,10.0,12.0,3.0,3.0,0.0,0.0,2.87,3.5,2.4,D
2021-2022,8,2021-10-16,12:30,Sat,Watford,Liverpool,0.0,5.0,21085.0,Vicarage Road Stadium,J Moss,0.0,2.0,6.0,19.0,2.0,8.0,1.0,9.0,4.0,10.0,0.0,0.0,0.0,0.0,8.5,5.5,1.33,A
2021-2022,8,2021-10-16,15:00,Sat,Leicester City,Manchester United,4.0,2.0,32219.0,King Power Stadium,C Pawson,1.0,1.0,22.0,18.0,11.0,6.0,4.0,3.0,5.0,17.0,0.0,3.0,0.0,0.0,3.5,3.6,2.05,H
2021-2022,8,2021-10-16,15:00,Sat,Manchester City,Burnley,2.0,0.0,52711.0,Etihad Stadium,M Atkinson,1.0,0.0,15.0,7.0,6.0,2.0,6.0,2.0,11.0,5.0,1.0,0.0,0.0,0.0,1.12,9.0,19.0,H
2021-2022,8,2021-10-16,15:00,Sat,Southampton,Leeds United,1.0,0.0,30506.0,St. Mary's Stadium,D Coote,0.0,0.0,19.0,3.0,5.0,0.0,8.0,1.0,16.0,14.0,2.0,3.0,0.0,0.0,2.3,3.5,3.0,H
2021-2022,8,2021-10-16,15:00,Sat,Aston Villa,Wolves,2.0,3.0,41951.0,Villa Park,M Oliver,0.0,0.0,14.0,9.0,5.0,4.0,6.0,7.0,8.0,17.0,2.0,3.0,0.0,0.0,2.15,3.25,3.5,A
2021-2022,8,2021-10-16,15:00,Sat,Norwich City,Brighton,0.0,0.0,26777.0,Carrow Road,P Bankes,0.0,0.0,15.0,11.0,3.0,3.0,8.0,4.0,5.0,14.0,3.0,5.0,0.0,0.0,3.6,3.4,2.1,D
2021-2022,8,2021-10-16,17:30,Sat,Brentford,Chelsea,0.0,1.0,16940.0,Brentford Community Stadium,A Taylor,0.0,1.0,17.0,5.0,7.0,1.0,5.0,5.0,13.0,8.0,1.0,1.0,0.0,0.0,6.5,3.8,1.57,A
2021-2022,8,2021-10-17,14:00,Sun,Everton,West Ham,0.0,1.0,39132.0,Goodison Park,S Attwell,0.0,0.0,15.0,16.0,2.0,4.0,7.0,9.0,3.0,3.0,0.0,2.0,0.0,0.0,2.5,3.4,2.8,A
2021-2022,8,2021-10-17,16:30,Sun,Newcastle United,Tottenham,2.0,3.0,52214.0,St. James' Park,A Marriner,1.0,3.0,7.0,14.0,1.0,4.0,2.0,9.0,13.0,4.0,4.0,1.0,1.0,0.0,3.5,3.6,2.05,A
2021-2022,8,2021-10-18,20:00,Mon,Arsenal,Crystal Palace,2.0,2.0,59475.0,Emirates Stadium,M Dean,1.0,0.0,17.0,9.0,6.0,6.0,6.0,4.0,7.0,4.0,1.0,1.0,0.0,0.0,1.6,3.8,6.0,D
2021-2022,9,2021-10-22,20:00,Fri,Arsenal,Aston Villa,3.0,1.0,59496.0,Emirates Stadium,C Pawson,2.0,0.0,22.0,10.0,9.0,4.0,7.0,4.0,17.0,10.0,2.0,5.0,0.0,0.0,1.83,3.75,4.2,H
2021-2022,9,2021-10-23,12:30,Sat,Chelsea,Norwich City,7.0,0.0,40113.0,Stamford Bridge,A Madley,3.0,0.0,23.0,3.0,13.0,1.0,5.0,0.0,14.0,16.0,0.0,2.0,0.0,1.0,1.18,7.0,15.0,H
2021-2022,9,2021-10-23,15:00,Sat,Leeds United,Wolves,1.0,1.0,36475.0,Elland Road,R Jones,0.0,1.0,18.0,8.0,4.0,4.0,6.0,3.0,15.0,14.0,2.0,3.0,0.0,0.0,2.4,3.4,2.87,D
2021-2022,9,2021-10-23,15:00,Sat,Crystal Palace,Newcastle United,1.0,1.0,24609.0,Selhurst Park,D England,0.0,0.0,15.0,6.0,3.0,2.0,3.0,7.0,13.0,9.0,3.0,4.0,0.0,0.0,1.9,3.6,4.0,D
2021-2022,9,2021-10-23,15:00,Sat,Everton,Watford,2.0,5.0,38834.0,Goodison Park,G Scott,1.0,1.0,15.0,20.0,4.0,8.0,3.0,5.0,9.0,13.0,4.0,3.0,0.0,0.0,1.65,3.8,5.5,A
2021-2022,9,2021-10-23,15:00,Sat,Southampton,Burnley,2.0,2.0,29145.0,St. Mary's Stadium,C Kavanagh,1.0,1.0,16.0,9.0,4.0,5.0,6.0,2.0,10.0,11.0,1.0,3.0,0.0,0.0,1.95,3.5,3.9,D
2021-2022,9,2021-10-23,17:30,Sat,Brighton,Manchester City,1.0,4.0,31215.0,The American Express Community Stadium,K Friend,0.0,3.0,10.0,23.0,5.0,14.0,7.0,6.0,10.0,6.0,2.0,3.0,0.0,0.0,8.0,4.75,1.4,A
2021-2022,9,2021-10-24,14:00,Sun,West Ham,Tottenham,1.0,0.0,59924.0,London Stadium,P Tierney,0.0,0.0,13.0,7.0,4.0,4.0,2.0,4.0,11.0,4.0,2.0,1.0,0.0,0.0,2.3,3.5,3.0,H
2021-2022,9,2021-10-24,14:00,Sun,Brentford,Leicester City,1.0,2.0,16814.0,Brentford Community Stadium,S Hooper,0.0,1.0,15.0,10.0,5.0,6.0,9.0,2.0,13.0,7.0,1.0,1.0,0.0,0.0,2.62,3.3,2.7,A
2021-2022,9,2021-10-24,16:30,Sun,Manchester United,Liverpool,0.0,5.0,73088.0,Old Trafford,A Taylor,0.0,4.0,12.0,19.0,4.0,8.0,6.0,3.0,10.0,8.0,6.0,0.0,1.0,0.0,3.1,3.6,2.2,A
2021-2022,10,2021-10-30,12:30,Sat,Leicester City,Arsenal,0.0,2.0,32209.0,King Power Stadium,M Oliver,0.0,2.0,16.0,9.0,8.0,5.0,7.0,6.0,8.0,11.0,2.0,0.0,0.0,0.0,2.4,3.5,2.87,A
2021-2022,10,2021-10-30,15:00,Sat,Newcastle United,Chelsea,0.0,3.0,52208.0,St. James' Park,P Tierney,0.0,0.0,6.0,19.0,1.0,6.0,0.0,2.0,14.0,12.0,3.0,2.0,0.0,0.0,8.5,5.0,1.36,A
2021-2022,10,2021-10-30,15:00,Sat,Liverpool,Brighton,2.0,2.0,52598.0,Anfield,M Dean,2.0,1.0,14.0,9.0,3.0,6.0,5.0,3.0,8.0,5.0,2.0,2.0,0.0,0.0,1.22,6.5,13.0,D
2021-2022,10,2021-10-30,15:00,Sat,Burnley,Brentford,3.0,1.0,18821.0,Turf Moor,J Moss,3.0,0.0,15.0,12.0,6.0,5.0,4.0,2.0,7.0,10.0,1.0,1.0,0.0,0.0,2.6,3.3,2.75,H
2021-2022,10,2021-10-30,15:00,Sat,Watford,Southampton,0.0,1.0,20869.0,Vicarage Road Stadium,P Bankes,0.0,1.0,10.0,12.0,4.0,1.0,5.0,8.0,16.0,6.0,2.0,2.0,0.0,0.0,3.2,3.3,2.3,A
2021-2022,10,2021-10-30,15:00,Sat,Manchester City,Crystal Palace,0.0,2.0,53014.0,Etihad Stadium,A Marriner,0.0,1.0,14.0,8.0,3.0,3.0,7.0,1.0,11.0,11.0,2.0,3.0,1.0,0.0,1.14,8.0,19.0,A
2021-2022,10,2021-10-30,17:30,Sat,Tottenham,Manchester United,0.0,3.0,60356.0,Tottenham Hotspur Stadium,S Attwell,0.0,1.0,9.0,10.0,0.0,4.0,10.0,2.0,12.0,14.0,2.0,3.0,0.0,0.0,2.87,3.6,2.37,A
2021-2022,10,2021-10-31,14:00,Sun,Norwich City,Leeds United,1.0,2.0,26913.0,Carrow Road,A Taylor,0.0,0.0,14.0,13.0,3.0,6.0,5.0,0.0,14.0,23.0,1.0,4.0,0.0,0.0,3.4,3.5,2.1,A
2021-2022,10,2021-10-31,16:30,Sun,Aston Villa,West Ham,1.0,4.0,41874.0,Villa Park,C Kavanagh,1.0,2.0,9.0,21.0,3.0,9.0,3.0,6.0,7.0,13.0,1.0,2.0,1.0,0.0,2.8,3.5,2.45,A
2021-2022,10,2021-11-01,20:00,Mon,Wolves,Everton,2.0,1.0,30617.0,Molineux Stadium,M Atkinson,2.0,0.0,10.0,14.0,4.0,5.0,4.0,3.0,10.0,8.0,1.0,1.0,0.0,0.0,2.2,3.2,3.5,H
2021-2022,11,2021-11-05,20:00,Fri,Southampton,Aston Villa,1.0,0.0,30178.0,St. Mary's Stadium,A Madley,1.0,0.0,9.0,14.0,3.0,3.0,10.0,8.0,12.0,12.0,2.0,2.0,0.0,0.0,1.95,3.6,3.75,H
2021-2022,11,2021-11-06,12:30,Sat,Manchester United,Manchester City,0.0,2.0,73086.0,Old Trafford,M Oliver,0.0,2.0,5.0,16.0,1.0,5.0,1.0,9.0,9.0,12.0,1.0,2.0,0.0,0.0,4.75,4.0,1.7,A
2021-2022,11,2021-11-06,15:00,Sat,Brentford,Norwich City,1.0,2.0,16837.0,Brentford Community Stadium,J Gillett,0.0,2.0,19.0,9.0,7.0,5.0,6.0,2.0,12.0,13.0,2.0,3.0,0.0,0.0,1.6,4.0,5.75,A
2021-2022,11,2021-11-06,15:00,Sat,Chelsea,Burnley,1.0,1.0,39798.0,Stamford Bridge,A Marriner,1.0,0.0,25.0,5.0,4.0,2.0,14.0,2.0,6.0,9.0,1.0,4.0,0.0,0.0,1.25,6.0,12.0,D
2021-2022,11,2021-11-06,15:00,Sat,Crystal Palace,Wolves,2.0,0.0,24390.0,Selhurst Park,G Scott,0.0,0.0,13.0,4.0,6.0,2.0,4.0,6.0,14.0,13.0,2.0,1.0,0.0,0.0,2.45,3.2,3.0,H
2021-2022,11,2021-11-06,17:30,Sat,Brighton,Newcastle United,1.0,1.0,31267.0,The American Express Community Stadium,D Coote,1.0,0.0,14.0,6.0,5.0,1.0,2.0,5.0,16.0,10.0,3.0,4.0,1.0,0.0,1.57,3.9,6.0,D
2021-2022,11,2021-11-07,14:00,Sun,Everton,Tottenham,0.0,0.0,39059.0,Goodison Park,C Kavanagh,0.0,0.0,12.0,8.0,2.0,0.0,4.0,2.0,13.0,17.0,2.0,4.0,1.0,0.0,3.1,3.25,2.37,D
2021-2022,11,2021-11-07,14:00,Sun,Leeds United,Leicester City,1.0,1.0,36478.0,Elland Road,D England,1.0,1.0,18.0,9.0,5.0,3.0,10.0,5.0,12.0,5.0,1.0,1.0,0.0,0.0,2.8,3.5,2.45,D
2021-2022,11,2021-11-07,14:00,Sun,Arsenal,Watford,1.0,0.0,59833.0,Emirates Stadium,K Friend,0.0,0.0,14.0,7.0,6.0,1.0,4.0,2.0,6.0,19.0,4.0,2.0,0.0,1.0,1.36,4.75,8.5,H
2021-2022,11,2021-11-07,16:30,Sun,West Ham,Liverpool,3.0,2.0,59909.0,London Stadium,C Pawson,1.0,1.0,7.0,16.0,3.0,5.0,3.0,2.0,11.0,6.0,1.0,1.0,0.0,0.0,4.75,4.0,1.7,H
2021-2022,12,2021-11-20,12:30,Sat,Leicester City,Chelsea,0.0,3.0,35497.0,King Power Stadium,P Tierney,0.0,2.0,4.0,16.0,3.0,7.0,3.0,5.0,15.0,8.0,3.0,1.0,0.0,0.0,4.75,3.75,1.75,A
2021-2022,12,2021-11-20,15:00,Sat,Wolves,West Ham,1.0,0.0,30667.0,Molineux Stadium,M Dean,0.0,0.0,15.0,8.0,5.0,3.0,7.0,3.0,6.0,9.0,1.0,1.0,0.0,0.0,3.0,3.25,2.4,H
2021-2022,12,2021-11-20,15:00,Sat,Watford,Manchester United,4.0,1.0,21087.0,Vicarage Road Stadium,J Moss,2.0,0.0,20.0,9.0,7.0,3.0,9.0,3.0,7.0,5.0,2.0,1.0,0.0,1.0,6.5,4.75,1.45,H
2021-2022,12,2021-11-20,15:00,Sat,Norwich City,Southampton,2.0,1.0,26885.0,Carrow Road,M Atkinson,1.0,1.0,8.0,17.0,4.0,5.0,5.0,7.0,8.0,9.0,3.0,2.0,0.0,0.0,3.6,3.5,2.05,H
2021-2022,12,2021-11-20,15:00,Sat,Aston Villa,Brighton,2.0,0.0,41925.0,Villa Park,A Taylor,0.0,0.0,9.0,6.0,5.0,2.0,5.0,7.0,7.0,13.0,3.0,3.0,0.0,0.0,2.45,3.3,2.9,H
2021-2022,12,2021-11-20,15:00,Sat,Newcastle United,Brentford,3.0,3.0,52131.0,St. James' Park,R Jones,2.0,2.0,23.0,10.0,9.0,4.0,8.0,2.0,13.0,11.0,2.0,2.0,0.0,0.0,2.62,3.4,2.7,D
2021-2022,12,2021-11-20,15:00,Sat,Burnley,Crystal Palace,3.0,3.0,18028.0,Turf Moor,S Hooper,2.0,3.0,15.0,18.0,9.0,8.0,3.0,6.0,14.0,15.0,2.0,3.0,0.0,0.0,2.7,3.2,2.7,D
2021-2022,12,2021-11-20,17:30,Sat,Liverpool,Arsenal,4.0,0.0,53092.0,Anfield,M Oliver,1.0,0.0,19.0,5.0,9.0,3.0,6.0,1.0,15.0,12.0,2.0,0.0,0.0,0.0,1.45,4.75,6.5,H
2021-2022,12,2021-11-21,14:00,Sun,Manchester City,Everton,3.0,0.0,52571.0,Etihad Stadium,S Attwell,1.0,0.0,17.0,4.0,7.0,1.0,7.0,1.0,5.0,7.0,1.0,1.0,0.0,0.0,1.14,8.0,19.0,H
2021-2022,12,2021-11-21,16:30,Sun,Tottenham,Leeds United,2.0,1.0,58989.0,Tottenham Hotspur Stadium,A Marriner,0.0,1.0,13.0,18.0,4.0,7.0,4.0,8.0,11.0,12.0,1.0,4.0,0.0,0.0,1.7,4.2,4.5,H
2021-2022,13,2021-11-27,12:30,Sat,Arsenal,Newcastle United,2.0,0.0,59886.0,Emirates Stadium,S Attwell,0.0,0.0,24.0,9.0,6.0,5.0,4.0,4.0,6.0,12.0,1.0,3.0,0.0,0.0,1.44,4.75,7.0,H
2021-2022,13,2021-11-27,15:00,Sat,Crystal Palace,Aston Villa,1.0,2.0,25203.0,Selhurst Park,M Salisbury,0.0,1.0,8.0,10.0,3.0,3.0,7.0,3.0,12.0,10.0,3.0,3.0,0.0,0.0,2.2,3.4,3.3,A
2021-2022,13,2021-11-27,15:00,Sat,Liverpool,Southampton,4.0,0.0,53040.0,Anfield,A Marriner,3.0,0.0,20.0,7.0,6.0,3.0,5.0,7.0,7.0,14.0,0.0,1.0,0.0,0.0,1.28,6.0,9.0,H
2021-2022,13,2021-11-27,15:00,Sat,Norwich City,Wolves,0.0,0.0,26911.0,Carrow Road,S Hooper,0.0,0.0,14.0,5.0,4.0,2.0,4.0,3.0,11.0,10.0,2.0,2.0,0.0,0.0,3.5,3.3,2.15,D
2021-2022,13,2021-11-27,17:30,Sat,Brighton,Leeds United,0.0,0.0,31166.0,The American Express Community Stadium,C Pawson,0.0,0.0,20.0,11.0,4.0,4.0,6.0,1.0,12.0,14.0,1.0,3.0,0.0,0.0,2.05,3.4,3.75,D
2021-2022,13,2021-11-28,14:00,Sun,Brentford,Everton,1.0,0.0,16957.0,Brentford Community Stadium,D England,1.0,0.0,6.0,14.0,4.0,5.0,3.0,3.0,8.0,11.0,4.0,3.0,0.0,0.0,2.25,3.2,3.4,H
2021-2022,13,2021-11-28,14:00,Sun,Leicester City,Watford,4.0,2.0,32020.0,King Power Stadium,A Madley,3.0,1.0,18.0,16.0,8.0,5.0,8.0,6.0,5.0,19.0,0.0,0.0,0.0,0.0,1.61,4.0,5.5,H
2021-2022,13,2021-11-28,14:00,Sun,Manchester City,West Ham,2.0,1.0,53245.0,Etihad Stadium,M Oliver,1.0,0.0,19.0,5.0,9.0,3.0,8.0,4.0,7.0,6.0,2.0,0.0,0.0,0.0,1.28,5.75,10.0,H
2021-2022,13,2021-11-28,16:30,Sun,Chelsea,Manchester United,1.0,1.0,40041.0,Stamford Bridge,A Taylor,0.0,0.0,24.0,3.0,6.0,2.0,15.0,2.0,13.0,14.0,2.0,5.0,0.0,0.0,1.57,4.0,6.0,D
2021-2022,14,2021-11-30,19:30,Tue,Newcastle United,Norwich City,1.0,1.0,50757.0,St. James' Park,A Madley,0.0,0.0,9.0,16.0,1.0,6.0,2.0,5.0,8.0,11.0,0.0,0.0,0.0,1.0,1.95,3.5,3.9,D
2021-2022,14,2021-11-30,20:15,Tue,Leeds United,Crystal Palace,1.0,0.0,35558.0,Elland Road,K Friend,0.0,0.0,15.0,9.0,3.0,1.0,7.0,4.0,15.0,15.0,5.0,3.0,0.0,0.0,2.4,3.3,3.0,H
2021-2022,14,2021-12-01,19:30,Wed,Southampton,Leicester City,2.0,2.0,26951.0,St. Mary's Stadium,R Jones,2.0,1.0,15.0,15.0,7.0,6.0,2.0,4.0,14.0,11.0,1.0,3.0,0.0,0.0,2.37,3.5,2.87,D
2021-2022,14,2021-12-01,19:30,Wed,West Ham,Brighton,1.0,1.0,59626.0,London Stadium,C Kavanagh,1.0,0.0,14.0,9.0,6.0,3.0,9.0,5.0,10.0,8.0,1.0,1.0,0.0,0.0,1.95,3.6,3.8,D
2021-2022,14,2021-12-01,19:30,Wed,Wolves,Burnley,0.0,0.0,30328.0,Molineux Stadium,J Brooks,0.0,0.0,16.0,6.0,2.0,1.0,5.0,5.0,5.0,7.0,2.0,3.0,0.0,0.0,1.85,3.5,4.33,D
2021-2022,14,2021-12-01,19:30,Wed,Watford,Chelsea,1.0,2.0,20388.0,Vicarage Road Stadium,D Coote,1.0,1.0,13.0,8.0,6.0,4.0,6.0,0.0,18.0,16.0,4.0,3.0,0.0,0.0,10.0,5.25,1.3,A
2021-2022,14,2021-12-01,20:15,Wed,Aston Villa,Manchester City,1.0,2.0,41400.0,Villa Park,M Dean,0.0,2.0,9.0,17.0,3.0,7.0,4.0,11.0,8.0,12.0,0.0,0.0,0.0,0.0,9.0,5.25,1.33,A
2021-2022,14,2021-12-01,20:15,Wed,Everton,Liverpool,1.0,4.0,39641.0,Goodison Park,P Tierney,1.0,2.0,8.0,16.0,2.0,7.0,3.0,11.0,8.0,16.0,4.0,3.0,0.0,0.0,7.5,5.25,1.36,A
2021-2022,14,2021-12-02,19:30,Thu,Tottenham,Brentford,2.0,0.0,54202.0,Tottenham Hotspur Stadium,J Moss,1.0,0.0,11.0,6.0,6.0,2.0,11.0,5.0,13.0,11.0,0.0,0.0,0.0,0.0,1.6,4.2,5.25,H
2021-2022,14,2021-12-02,20:15,Thu,Manchester United,Arsenal,3.0,2.0,73123.0,Old Trafford,M Atkinson,1.0,1.0,14.0,17.0,10.0,8.0,3.0,8.0,9.0,10.0,1.0,0.0,0.0,0.0,1.95,3.75,3.75,H
2021-2022,15,2021-12-04,12:30,Sat,West Ham,Chelsea,3.0,2.0,59942.0,London Stadium,A Marriner,1.0,2.0,11.0,19.0,5.0,7.0,1.0,9.0,10.0,10.0,1.0,3.0,0.0,0.0,4.75,3.6,1.75,H
2021-2022,15,2021-12-04,15:00,Sat,Newcastle United,Burnley,1.0,0.0,51948.0,St. James' Park,P Tierney,1.0,0.0,19.0,10.0,4.0,1.0,10.0,3.0,11.0,9.0,1.0,1.0,0.0,0.0,2.3,3.3,3.2,H
2021-2022,15,2021-12-04,15:00,Sat,Southampton,Brighton,1.0,1.0,28706.0,St. Mary's Stadium,A Taylor,1.0,0.0,14.0,14.0,4.0,4.0,6.0,2.0,15.0,12.0,4.0,2.0,0.0,0.0,2.45,3.2,3.0,D
2021-2022,15,2021-12-04,15:00,Sat,Wolves,Liverpool,0.0,1.0,30729.0,Molineux Stadium,C Kavanagh,0.0,0.0,3.0,17.0,1.0,5.0,2.0,8.0,4.0,7.0,2.0,2.0,0.0,0.0,8.0,4.75,1.4,A
2021-2022,15,2021-12-04,17:30,Sat,Watford,Manchester City,1.0,3.0,20673.0,Vicarage Road Stadium,S Hooper,0.0,2.0,11.0,26.0,4.0,13.0,5.0,11.0,10.0,7.0,3.0,0.0,0.0,0.0,12.0,7.0,1.2,A
2021-2022,15,2021-12-05,14:00,Sun,Leeds United,Brentford,2.0,2.0,35639.0,Elland Road,D Coote,1.0,0.0,13.0,9.0,6.0,3.0,5.0,1.0,11.0,9.0,5.0,3.0,0.0,0.0,1.95,3.6,3.8,D
2021-2022,15,2021-12-05,14:00,Sun,Tottenham,Norwich City,3.0,0.0,57088.0,Tottenham Hotspur Stadium,J Gillett,1.0,0.0,17.0,10.0,7.0,1.0,6.0,4.0,11.0,4.0,1.0,2.0,0.0,0.0,1.36,5.0,8.5,H
2021-2022,15,2021-12-05,14:00,Sun,Manchester United,Crystal Palace,1.0,0.0,73172.0,Old Trafford,C Pawson,0.0,0.0,16.0,8.0,3.0,2.0,9.0,6.0,16.0,9.0,2.0,2.0,0.0,0.0,1.5,4.33,6.5,H
2021-2022,15,2021-12-05,16:30,Sun,Aston Villa,Leicester City,2.0,1.0,41572.0,Villa Park,M Oliver,1.0,1.0,13.0,12.0,4.0,5.0,3.0,6.0,8.0,25.0,1.0,1.0,0.0,0.0,2.37,3.4,3.0,H
2021-2022,15,2021-12-06,20:00,Mon,Everton,Arsenal,2.0,1.0,38906.0,Goodison Park,M Dean,0.0,1.0,11.0,10.0,5.0,3.0,3.0,3.0,8.0,12.0,2.0,2.0,0.0,0.0,3.4,3.5,2.1,H
2021-2022,16,2021-12-10,20:00,Fri,Brentford,Watford,2.0,1.0,16861.0,Brentford Community Stadium,M Oliver,0.0,1.0,14.0,6.0,5.0,2.0,8.0,2.0,12.0,18.0,4.0,0.0,0.0,0.0,2.25,3.3,3.3,H
2021-2022,16,2021-12-11,12:30,Sat,Manchester City,Wolves,1.0,0.0,52613.0,Etihad Stadium,J Moss,0.0,0.0,24.0,2.0,10.0,1.0,14.0,1.0,12.0,5.0,3.0,2.0,0.0,1.0,1.14,8.0,19.0,H
2021-2022,16,2021-12-11,15:00,Sat,Liverpool,Aston Villa,1.0,0.0,53093.0,Anfield,S Attwell,0.0,0.0,20.0,4.0,5.0,0.0,11.0,3.0,13.0,6.0,1.0,2.0,0.0,0.0,1.2,7.0,13.0,H
2021-2022,16,2021-12-11,15:00,Sat,Arsenal,Southampton,3.0,0.0,59653.0,Emirates Stadium,J Gillett,2.0,0.0,15.0,11.0,5.0,6.0,9.0,8.0,5.0,9.0,2.0,0.0,0.0,0.0,1.61,4.0,5.5,H
2021-2022,16,2021-12-11,15:00,Sat,Chelsea,Leeds United,3.0,2.0,39959.0,Stamford Bridge,C Kavanagh,1.0,1.0,16.0,12.0,6.0,5.0,5.0,2.0,9.0,15.0,2.0,5.0,0.0,0.0,1.25,5.75,12.0,H
2021-2022,16,2021-12-11,17:30,Sat,Norwich City,Manchester United,0.0,1.0,27606.0,Carrow Road,D England,0.0,0.0,11.0,13.0,5.0,5.0,8.0,6.0,6.0,17.0,1.0,1.0,0.0,0.0,7.0,4.5,1.45,A
2021-2022,16,2021-12-12,14:00,Sun,Burnley,West Ham,0.0,0.0,18065.0,Turf Moor,G Scott,0.0,0.0,9.0,16.0,1.0,3.0,6.0,4.0,13.0,11.0,2.0,1.0,0.0,0.0,3.6,3.6,2.0,D
2021-2022,16,2021-12-12,14:00,Sun,Leicester City,Newcastle United,4.0,0.0,31959.0,King Power Stadium,P Bankes,1.0,0.0,8.0,12.0,5.0,3.0,4.0,6.0,9.0,16.0,2.0,3.0,0.0,0.0,1.66,4.1,4.75,H
2021-2022,16,2021-12-12,16:30,Sun,Crystal Palace,Everton,3.0,1.0,24066.0,Selhurst Park,A Madley,1.0,0.0,17.0,12.0,6.0,6.0,8.0,2.0,15.0,14.0,0.0,2.0,0.0,0.0,2.3,3.2,3.3,H
2021-2022,17,2021-12-14,19:45,Tue,Norwich City,Aston Villa,0.0,2.0,26836.0,Carrow Road,D Coote,0.0,1.0,7.0,17.0,3.0,6.0,7.0,10.0,12.0,9.0,3.0,1.0,0.0,0.0,3.3,3.3,2.25,A
2021-2022,17,2021-12-14,20:00,Tue,Manchester City,Leeds United,7.0,0.0,52401.0,Etihad Stadium,P Tierney,3.0,0.0,31.0,6.0,15.0,3.0,6.0,2.0,5.0,9.0,1.0,1.0,0.0,0.0,1.14,8.5,15.0,H
2021-2022,17,2021-12-15,19:30,Wed,Brighton,Wolves,0.0,1.0,30362.0,The American Express Community Stadium,T Harrington,0.0,1.0,12.0,8.0,2.0,5.0,7.0,4.0,11.0,14.0,2.0,0.0,0.0,0.0,2.25,3.1,3.5,A
2021-2022,17,2021-12-15,19:30,Wed,Crystal Palace,Southampton,2.0,2.0,22861.0,Selhurst Park,S Hooper,1.0,2.0,9.0,15.0,6.0,4.0,4.0,6.0,16.0,20.0,2.0,4.0,0.0,0.0,2.15,3.3,3.5,D
2021-2022,17,2021-12-15,20:00,Wed,Arsenal,West Ham,2.0,0.0,59777.0,Emirates Stadium,A Taylor,0.0,0.0,21.0,7.0,8.0,1.0,5.0,2.0,8.0,9.0,2.0,0.0,0.0,1.0,2.1,3.6,3.3,H
2021-2022,17,2021-12-16,19:45,Thu,Chelsea,Everton,1.0,1.0,13933.0,Stamford Bridge,M Oliver,0.0,0.0,23.0,5.0,10.0,3.0,7.0,1.0,11.0,11.0,2.0,3.0,0.0,0.0,1.22,6.5,13.0,D
2021-2022,17,2021-12-16,20:00,Thu,Liverpool,Newcastle United,3.0,1.0,52951.0,Anfield,M Dean,2.0,1.0,23.0,4.0,8.0,2.0,11.0,0.0,9.0,4.0,1.0,3.0,0.0,0.0,1.12,9.0,19.0,H
2021-2022,18,2021-12-18,17:30,Sat,Leeds United,Arsenal,1.0,4.0,36166.0,Elland Road,A Marriner,0.0,3.0,9.0,21.0,2.0,12.0,1.0,4.0,11.0,7.0,3.0,1.0,0.0,0.0,3.9,3.8,1.83,A
2021-2022,18,2021-12-19,14:00,Sun,Wolves,Chelsea,0.0,0.0,30631.0,Molineux Stadium,D Coote,0.0,0.0,4.0,8.0,1.0,1.0,4.0,9.0,9.0,7.0,0.0,2.0,0.0,0.0,7.0,4.2,1.5,D
2021-2022,18,2021-12-19,14:15,Sun,Newcastle United,Manchester City,0.0,4.0,52127.0,St. James' Park,M Atkinson,0.0,2.0,5.0,18.0,1.0,7.0,3.0,6.0,9.0,6.0,1.0,2.0,0.0,0.0,13.0,7.5,1.18,A
2021-2022,18,2021-12-19,16:30,Sun,Tottenham,Liverpool,2.0,2.0,45421.0,Tottenham Hotspur Stadium,P Tierney,1.0,1.0,10.0,18.0,5.0,6.0,6.0,4.0,12.0,11.0,4.0,4.0,0.0,1.0,5.25,4.75,1.53,D
2021-2022,19,2021-12-26,15:00,Sun,West Ham,Southampton,2.0,3.0,41027.0,London Stadium,K Friend,0.0,1.0,11.0,11.0,5.0,6.0,10.0,2.0,10.0,9.0,2.0,3.0,0.0,0.0,1.8,3.9,4.2,A
2021-2022,19,2021-12-26,15:00,Sun,Manchester City,Leicester City,6.0,3.0,53226.0,Etihad Stadium,C Kavanagh,4.0,0.0,17.0,14.0,9.0,8.0,14.0,4.0,11.0,9.0,1.0,2.0,0.0,0.0,1.18,7.5,13.0,H
2021-2022,19,2021-12-26,15:00,Sun,Norwich City,Arsenal,0.0,5.0,26940.0,Carrow Road,G Scott,0.0,2.0,4.0,16.0,2.0,6.0,3.0,5.0,13.0,7.0,1.0,2.0,0.0,0.0,8.0,4.75,1.4,A
2021-2022,19,2021-12-26,15:00,Sun,Tottenham,Crystal Palace,3.0,0.0,40539.0,Tottenham Hotspur Stadium,J Moss,2.0,0.0,17.0,4.0,6.0,0.0,4.0,2.0,16.0,10.0,1.0,1.0,0.0,1.0,1.72,3.8,4.75,H
2021-2022,19,2021-12-26,17:30,Sun,Aston Villa,Chelsea,1.0,3.0,41907.0,Villa Park,M Atkinson,1.0,1.0,8.0,10.0,1.0,4.0,2.0,5.0,8.0,11.0,3.0,1.0,0.0,0.0,5.25,3.8,1.65,A
2021-2022,19,2021-12-26,20:00,Sun,Brighton,Brentford,2.0,0.0,30141.0,The American Express Community Stadium,D England,2.0,0.0,15.0,16.0,5.0,6.0,6.0,9.0,8.0,10.0,1.0,3.0,0.0,0.0,1.9,3.4,4.2,H
2021-2022,19,2021-12-27,20:00,Mon,Newcastle United,Manchester United,1.0,1.0,52178.0,St. James' Park,C Pawson,1.0,0.0,13.0,13.0,8.0,4.0,2.0,4.0,11.0,8.0,3.0,3.0,0.0,0.0,6.5,4.75,1.44,D
2021-2022,20,2021-12-28,15:00,Tue,Southampton,Tottenham,1.0,1.0,31304.0,St. Mary's Stadium,A Taylor,1.0,1.0,9.0,21.0,2.0,11.0,3.0,7.0,15.0,5.0,2.0,2.0,1.0,0.0,3.75,3.5,2.0,D
2021-2022,20,2021-12-28,15:00,Tue,Crystal Palace,Norwich City,3.0,0.0,24433.0,Selhurst Park,P Tierney,3.0,0.0,19.0,12.0,6.0,3.0,8.0,8.0,9.0,13.0,1.0,2.0,0.0,0.0,1.65,3.75,5.5,H
2021-2022,20,2021-12-28,15:00,Tue,Watford,West Ham,1.0,4.0,20073.0,Vicarage Road Stadium,D England,1.0,2.0,14.0,13.0,5.0,6.0,4.0,5.0,12.0,12.0,0.0,1.0,0.0,0.0,3.4,3.6,2.1,A
2021-2022,20,2021-12-28,20:00,Tue,Leicester City,Liverpool,1.0,0.0,32230.0,King Power Stadium,M Oliver,0.0,0.0,6.0,21.0,1.0,4.0,1.0,12.0,8.0,11.0,0.0,1.0,0.0,0.0,8.0,5.5,1.33,H
2021-2022,20,2021-12-29,19:30,Wed,Chelsea,Brighton,1.0,1.0,40080.0,Stamford Bridge,M Dean,1.0,0.0,11.0,18.0,5.0,6.0,10.0,8.0,14.0,7.0,4.0,1.0,0.0,0.0,1.4,4.5,7.5,D
2021-2022,20,2021-12-29,20:15,Wed,Brentford,Manchester City,0.0,1.0,17009.0,Brentford Community Stadium,D Coote,0.0,1.0,6.0,12.0,2.0,3.0,3.0,5.0,12.0,10.0,0.0,0.0,0.0,0.0,19.0,8.0,1.14,A
2021-2022,20,2021-12-30,20:15,Thu,Manchester United,Burnley,3.0,1.0,73121.0,Old Trafford,J Moss,3.0,1.0,18.0,10.0,6.0,3.0,7.0,5.0,5.0,10.0,0.0,0.0,0.0,0.0,1.36,5.0,9.0,H
2021-2022,21,2022-01-01,12:30,Sat,Arsenal,Manchester City,1.0,2.0,59757.0,Emirates Stadium,S Attwell,1.0,0.0,7.0,15.0,2.0,2.0,5.0,5.0,13.0,5.0,3.0,2.0,1.0,0.0,5.75,4.75,1.5,A
2021-2022,21,2022-01-01,15:00,Sat,Watford,Tottenham,0.0,1.0,20391.0,Vicarage Road Stadium,R Jones,0.0,0.0,6.0,21.0,4.0,9.0,3.0,7.0,6.0,9.0,0.0,1.0,0.0,0.0,5.0,4.2,1.61,A
2021-2022,21,2022-01-01,17:30,Sat,Crystal Palace,West Ham,2.0,3.0,24351.0,Selhurst Park,D England,0.0,3.0,22.0,10.0,6.0,5.0,9.0,1.0,6.0,16.0,0.0,2.0,0.0,0.0,3.1,3.4,2.3,A
2021-2022,21,2022-01-02,14:00,Sun,Leeds United,Burnley,3.0,1.0,36083.0,Elland Road,P Tierney,1.0,0.0,22.0,8.0,7.0,2.0,9.0,3.0,11.0,7.0,2.0,1.0,0.0,0.0,2.05,3.5,3.5,H
2021-2022,21,2022-01-02,14:00,Sun,Brentford,Aston Villa,2.0,1.0,16876.0,Brentford Community Stadium,C Pawson,1.0,1.0,10.0,16.0,4.0,5.0,3.0,7.0,17.0,11.0,2.0,2.0,0.0,0.0,3.0,3.3,2.4,H
2021-2022,21,2022-01-02,14:00,Sun,Everton,Brighton,2.0,3.0,38203.0,Goodison Park,J Brooks,0.0,2.0,17.0,12.0,6.0,5.0,8.0,5.0,5.0,12.0,1.0,1.0,0.0,0.0,2.75,3.2,2.62,A
2021-2022,21,2022-01-02,16:30,Sun,Chelsea,Liverpool,2.0,2.0,40072.0,Stamford Bridge,A Taylor,2.0,2.0,15.0,10.0,6.0,6.0,6.0,7.0,5.0,13.0,1.0,2.0,0.0,0.0,3.1,3.5,2.25,D
2021-2022,21,2022-01-03,17:30,Mon,Manchester United,Wolves,0.0,1.0,73045.0,Old Trafford,M Dean,0.0,0.0,9.0,19.0,2.0,6.0,3.0,8.0,9.0,8.0,3.0,1.0,0.0,0.0,1.53,4.33,6.0,A
2021-2022,18,2022-01-11,19:45,Tue,Southampton,Brentford,4.0,1.0,27383.0,St. Mary's Stadium,S Attwell,2.0,1.0,12.0,5.0,6.0,4.0,5.0,2.0,9.0,8.0,0.0,1.0,0.0,0.0,2.05,3.4,3.6,H
2021-2022,18,2022-01-12,19:45,Wed,West Ham,Norwich City,2.0,0.0,59775.0,London Stadium,S Hooper,1.0,0.0,13.0,7.0,5.0,3.0,11.0,2.0,9.0,8.0,0.0,0.0,0.0,0.0,1.28,5.5,10.0,H
2021-2022,22,2022-01-14,20:00,Fri,Brighton,Crystal Palace,1.0,1.0,30675.0,The American Express Community Stadium,R Jones,0.0,0.0,19.0,3.0,4.0,1.0,9.0,0.0,11.0,7.0,0.0,2.0,0.0,0.0,2.05,3.3,3.8,D
2021-2022,22,2022-01-15,12:30,Sat,Manchester City,Chelsea,1.0,0.0,53319.0,Etihad Stadium,C Pawson,0.0,0.0,11.0,4.0,6.0,1.0,9.0,1.0,11.0,6.0,0.0,2.0,0.0,0.0,1.65,4.0,5.0,H
2021-2022,22,2022-01-15,15:00,Sat,Norwich City,Everton,2.0,1.0,26629.0,Carrow Road,A Madley,2.0,0.0,14.0,12.0,3.0,5.0,8.0,8.0,12.0,14.0,3.0,1.0,0.0,0.0,3.75,3.5,2.0,H
2021-2022,22,2022-01-15,15:00,Sat,Newcastle United,Watford,1.0,1.0,52223.0,St. James' Park,P Tierney,0.0,0.0,12.0,18.0,1.0,5.0,4.0,6.0,13.0,13.0,3.0,2.0,0.0,0.0,2.0,3.6,3.6,D
2021-2022,22,2022-01-15,15:00,Sat,Wolves,Southampton,3.0,1.0,30057.0,Molineux Stadium,M Salisbury,1.0,0.0,9.0,13.0,5.0,10.0,2.0,10.0,13.0,14.0,2.0,3.0,0.0,0.0,2.25,3.2,3.4,H
2021-2022,22,2022-01-15,17:30,Sat,Aston Villa,Manchester United,2.0,2.0,41968.0,Villa Park,D Coote,0.0,1.0,13.0,13.0,9.0,6.0,3.0,6.0,8.0,13.0,1.0,2.0,0.0,0.0,2.87,3.5,2.4,D
2021-2022,22,2022-01-16,14:00,Sun,West Ham,Leeds United,2.0,3.0,59951.0,London Stadium,M Dean,1.0,2.0,15.0,18.0,5.0,5.0,4.0,3.0,6.0,9.0,3.0,2.0,0.0,0.0,1.61,4.2,5.0,A
2021-2022,22,2022-01-16,14:00,Sun,Liverpool,Brentford,3.0,0.0,52824.0,Anfield,J Moss,1.0,0.0,27.0,6.0,13.0,1.0,9.0,0.0,6.0,6.0,0.0,1.0,0.0,0.0,1.3,5.5,10.0,H
2021-2022,24,2022-01-18,20:00,Tue,Brighton,Chelsea,1.0,1.0,30880.0,The American Express Community Stadium,K Friend,0.0,1.0,10.0,15.0,2.0,3.0,5.0,7.0,8.0,5.0,1.0,2.0,0.0,0.0,4.75,3.75,1.72,D
2021-2022,17,2022-01-19,19:30,Wed,Leicester City,Tottenham,2.0,3.0,31986.0,King Power Stadium,J Moss,1.0,1.0,14.0,27.0,4.0,10.0,3.0,8.0,6.0,12.0,1.0,2.0,0.0,0.0,3.0,3.5,2.3,A
2021-2022,17,2022-01-19,20:00,Wed,Brentford,Manchester United,1.0,3.0,17094.0,Brentford Community Stadium,A Marriner,0.0,0.0,18.0,13.0,8.0,5.0,6.0,9.0,7.0,9.0,0.0,0.0,0.0,0.0,4.5,3.7,1.8,A
2021-2022,23,2022-01-21,20:00,Fri,Watford,Norwich City,0.0,3.0,20782.0,Vicarage Road Stadium,M Dean,0.0,0.0,15.0,7.0,4.0,2.0,5.0,1.0,16.0,11.0,0.0,1.0,1.0,0.0,2.0,3.5,3.75,A
2021-2022,23,2022-01-22,12:30,Sat,Everton,Aston Villa,0.0,1.0,38203.0,Goodison Park,C Pawson,0.0,1.0,15.0,8.0,1.0,3.0,9.0,2.0,14.0,16.0,5.0,3.0,0.0,0.0,2.75,3.25,2.62,A
2021-2022,23,2022-01-22,15:00,Sat,Leeds United,Newcastle United,0.0,1.0,36405.0,Elland Road,C Kavanagh,0.0,0.0,13.0,15.0,4.0,3.0,6.0,7.0,9.0,9.0,4.0,2.0,0.0,0.0,2.0,3.5,3.75,A
2021-2022,23,2022-01-22,15:00,Sat,Manchester United,West Ham,1.0,0.0,73130.0,Old Trafford,J Moss,0.0,0.0,18.0,6.0,3.0,1.0,3.0,3.0,9.0,8.0,1.0,1.0,0.0,0.0,1.85,3.8,4.0,H
2021-2022,23,2022-01-22,15:00,Sat,Brentford,Wolves,1.0,2.0,16982.0,Brentford Community Stadium,P Bankes,0.0,0.0,11.0,7.0,1.0,2.0,6.0,3.0,6.0,7.0,2.0,3.0,0.0,0.0,3.2,2.8,2.6,A
2021-2022,23,2022-01-22,17:30,Sat,Southampton,Manchester City,1.0,1.0,31178.0,St. Mary's Stadium,S Hooper,1.0,0.0,7.0,20.0,3.0,5.0,2.0,11.0,13.0,5.0,3.0,0.0,0.0,0.0,10.0,6.5,1.25,D
2021-2022,23,2022-01-23,14:00,Sun,Crystal Palace,Liverpool,1.0,3.0,25002.0,Selhurst Park,K Friend,0.0,2.0,8.0,15.0,5.0,7.0,2.0,5.0,12.0,10.0,4.0,1.0,0.0,0.0,6.0,4.2,1.53,A
2021-2022,23,2022-01-23,14:00,Sun,Arsenal,Burnley,0.0,0.0,59255.0,Emirates Stadium,D Coote,0.0,0.0,20.0,10.0,5.0,1.0,12.0,4.0,9.0,13.0,0.0,2.0,0.0,0.0,1.36,4.75,9.0,D
2021-2022,23,2022-01-23,14:00,Sun,Leicester City,Brighton,1.0,1.0,31231.0,King Power Stadium,M Atkinson,0.0,0.0,15.0,14.0,5.0,5.0,4.0,5.0,6.0,8.0,0.0,1.0,0.0,0.0,2.5,3.25,2.9,D
2021-2022,23,2022-01-23,16:30,Sun,Chelsea,Tottenham,2.0,0.0,40020.0,Stamford Bridge,P Tierney,0.0,0.0,15.0,6.0,7.0,3.0,10.0,3.0,17.0,14.0,2.0,1.0,0.0,0.0,1.61,4.2,5.0,H
2021-2022,17,2022-02-05,18:00,Sat,Burnley,Watford,0.0,0.0,19527.0,Turf Moor,C Pawson,0.0,0.0,13.0,11.0,2.0,5.0,4.0,7.0,16.0,9.0,1.0,2.0,0.0,0.0,2.2,3.25,3.5,D
2021-2022,24,2022-02-08,19:45,Tue,West Ham,Watford,1.0,0.0,59581.0,London Stadium,M Atkinson,0.0,0.0,9.0,6.0,3.0,1.0,5.0,6.0,1.0,6.0,1.0,0.0,0.0,0.0,1.55,4.2,5.75,H
2021-2022,24,2022-02-08,19:45,Tue,Newcastle United,Everton,3.0,1.0,52186.0,St. James' Park,A Taylor,1.0,1.0,20.0,11.0,9.0,3.0,6.0,2.0,13.0,13.0,2.0,3.0,0.0,0.0,2.5,3.25,2.87,H
2021-2022,24,2022-02-08,20:00,Tue,Burnley,Manchester United,1.0,1.0,21233.0,Turf Moor,M Dean,0.0,1.0,9.0,22.0,3.0,5.0,2.0,10.0,11.0,10.0,2.0,1.0,0.0,0.0,5.5,4.0,1.61,D
2021-2022,24,2022-02-09,19:45,Wed,Tottenham,Southampton,2.0,3.0,54012.0,Tottenham Hotspur Stadium,D Coote,1.0,1.0,8.0,23.0,3.0,10.0,2.0,8.0,7.0,13.0,2.0,3.0,0.0,0.0,1.6,4.0,5.5,A
2021-2022,24,2022-02-09,19:45,Wed,Norwich City,Crystal Palace,1.0,1.0,26652.0,Carrow Road,P Tierney,1.0,0.0,5.0,13.0,1.0,5.0,4.0,6.0,11.0,15.0,1.0,2.0,0.0,0.0,3.5,3.25,2.15,D
2021-2022,24,2022-02-09,19:45,Wed,Manchester City,Brentford,2.0,0.0,51658.0,Etihad Stadium,D England,1.0,0.0,15.0,6.0,7.0,2.0,9.0,3.0,7.0,13.0,0.0,0.0,0.0,0.0,1.1,9.5,23.0,H
2021-2022,24,2022-02-09,20:00,Wed,Aston Villa,Leeds United,3.0,3.0,41927.0,Villa Park,J Gillett,3.0,2.0,12.0,16.0,4.0,8.0,6.0,11.0,11.0,9.0,1.0,3.0,1.0,0.0,1.8,3.8,4.2,D
2021-2022,24,2022-02-10,19:45,Thu,Liverpool,Leicester City,2.0,0.0,53050.0,Anfield,C Kavanagh,1.0,0.0,22.0,5.0,11.0,1.0,7.0,6.0,11.0,7.0,1.0,0.0,0.0,0.0,1.25,6.5,10.0,H
2021-2022,24,2022-02-10,19:45,Thu,Wolves,Arsenal,0.0,1.0,31523.0,Molineux Stadium,M Oliver,0.0,1.0,15.0,12.0,4.0,2.0,7.0,4.0,12.0,13.0,2.0,3.0,0.0,1.0,3.5,3.2,2.2,A
2021-2022,25,2022-02-12,12:30,Sat,Manchester United,Southampton,1.0,1.0,73084.0,Old Trafford,S Attwell,1.0,0.0,12.0,13.0,8.0,4.0,1.0,4.0,12.0,13.0,4.0,0.0,0.0,0.0,1.6,4.0,5.5,D
2021-2022,25,2022-02-12,15:00,Sat,Everton,Leeds United,3.0,0.0,39150.0,Goodison Park,G Scott,2.0,0.0,21.0,7.0,10.0,0.0,5.0,3.0,8.0,9.0,1.0,1.0,0.0,0.0,2.25,3.5,3.0,H
2021-2022,25,2022-02-12,15:00,Sat,Brentford,Crystal Palace,0.0,0.0,16958.0,Brentford Community Stadium,S Hooper,0.0,0.0,9.0,6.0,2.0,3.0,3.0,9.0,10.0,10.0,1.0,0.0,0.0,0.0,2.55,3.1,3.0,D
2021-2022,25,2022-02-12,15:00,Sat,Watford,Brighton,0.0,2.0,20795.0,Vicarage Road Stadium,J Moss,0.0,1.0,9.0,11.0,1.0,6.0,4.0,5.0,16.0,9.0,3.0,2.0,0.0,0.0,3.5,3.3,2.05,A
2021-2022,25,2022-02-12,17:30,Sat,Norwich City,Manchester City,0.0,4.0,27010.0,Carrow Road,A Marriner,0.0,1.0,8.0,22.0,3.0,9.0,4.0,12.0,7.0,8.0,0.0,2.0,0.0,0.0,15.0,8.0,1.16,A
2021-2022,25,2022-02-13,14:00,Sun,Newcastle United,Aston Villa,1.0,0.0,52207.0,St. James' Park,C Pawson,1.0,0.0,10.0,11.0,2.0,1.0,3.0,6.0,22.0,15.0,3.0,4.0,0.0,0.0,2.7,3.3,2.62,H
2021-2022,25,2022-02-13,14:00,Sun,Burnley,Liverpool,0.0,1.0,19563.0,Turf Moor,M Atkinson,0.0,1.0,8.0,12.0,5.0,4.0,5.0,8.0,7.0,6.0,0.0,1.0,0.0,0.0,10.0,5.25,1.28,A
2021-2022,25,2022-02-13,14:00,Sun,Tottenham,Wolves,0.0,2.0,56452.0,Tottenham Hotspur Stadium,K Friend,0.0,2.0,17.0,11.0,7.0,7.0,7.0,3.0,13.0,13.0,3.0,1.0,0.0,0.0,1.7,3.6,5.5,A
2021-2022,25,2022-02-13,16:30,Sun,Leicester City,West Ham,2.0,2.0,32061.0,King Power Stadium,M Oliver,1.0,1.0,13.0,8.0,2.0,3.0,5.0,4.0,10.0,9.0,1.0,2.0,0.0,0.0,2.9,3.5,2.3,D
2021-2022,18,2022-02-15,20:15,Tue,Manchester United,Brighton,2.0,0.0,73012.0,Old Trafford,P Bankes,0.0,0.0,19.0,10.0,7.0,3.0,10.0,2.0,8.0,10.0,3.0,1.0,0.0,1.0,1.72,3.75,4.75,H
2021-2022,26,2022-02-19,12:30,Sat,West Ham,Newcastle United,1.0,1.0,59949.0,London Stadium,C Kavanagh,1.0,1.0,11.0,14.0,3.0,3.0,3.0,7.0,3.0,7.0,3.0,3.0,0.0,0.0,1.7,4.0,4.75,D
2021-2022,26,2022-02-19,15:00,Sat,Aston Villa,Watford,0.0,1.0,41936.0,Villa Park,R Jones,0.0,0.0,20.0,8.0,1.0,4.0,10.0,5.0,12.0,7.0,1.0,2.0,0.0,0.0,1.65,3.6,5.75,A
2021-2022,26,2022-02-19,15:00,Sat,Arsenal,Brentford,2.0,1.0,59249.0,Emirates Stadium,J Moss,0.0,0.0,24.0,6.0,8.0,2.0,14.0,0.0,10.0,5.0,1.0,1.0,0.0,0.0,1.44,4.2,8.0,H
2021-2022,26,2022-02-19,15:00,Sat,Southampton,Everton,2.0,0.0,31312.0,St. Mary's Stadium,A Madley,0.0,0.0,19.0,9.0,11.0,0.0,4.0,4.0,6.0,9.0,0.0,2.0,0.0,0.0,2.1,3.5,3.5,H
2021-2022,26,2022-02-19,15:00,Sat,Liverpool,Norwich City,3.0,1.0,53135.0,Anfield,M Dean,0.0,0.0,29.0,6.0,8.0,1.0,9.0,4.0,7.0,8.0,0.0,1.0,0.0,0.0,1.1,9.0,23.0,H
2021-2022,26,2022-02-19,15:00,Sat,Brighton,Burnley,0.0,3.0,30361.0,The American Express Community Stadium,K Friend,0.0,2.0,11.0,10.0,1.0,4.0,4.0,4.0,12.0,12.0,1.0,4.0,0.0,0.0,1.66,3.5,6.0,A
2021-2022,26,2022-02-19,15:00,Sat,Crystal Palace,Chelsea,0.0,1.0,25109.0,Selhurst Park,D Coote,0.0,0.0,7.0,9.0,0.0,3.0,4.0,4.0,4.0,20.0,1.0,3.0,0.0,0.0,5.5,3.8,1.65,A
2021-2022,26,2022-02-19,17:30,Sat,Manchester City,Tottenham,2.0,3.0,53201.0,Etihad Stadium,A Taylor,1.0,1.0,21.0,6.0,4.0,5.0,10.0,0.0,5.0,7.0,0.0,3.0,0.0,0.0,1.28,6.0,10.0,A
2021-2022,26,2022-02-20,14:00,Sun,Leeds United,Manchester United,2.0,4.0,36715.0,Elland Road,P Tierney,0.0,2.0,16.0,15.0,6.0,9.0,3.0,3.0,13.0,19.0,6.0,3.0,0.0,0.0,3.9,3.8,1.85,A
2021-2022,26,2022-02-20,16:30,Sun,Wolves,Leicester City,2.0,1.0,31587.0,Molineux Stadium,C Pawson,1.0,1.0,11.0,17.0,3.0,7.0,7.0,10.0,12.0,9.0,4.0,4.0,0.0,0.0,2.25,3.3,3.25,H
2021-2022,13,2022-02-23,19:30,Wed,Burnley,Tottenham,1.0,0.0,19488.0,Turf Moor,G Scott,0.0,0.0,15.0,12.0,4.0,2.0,3.0,7.0,8.0,8.0,0.0,0.0,0.0,0.0,4.6,3.8,1.75,H
2021-2022,18,2022-02-23,19:30,Wed,Watford,Crystal Palace,1.0,4.0,20012.0,Vicarage Road Stadium,A Marriner,1.0,2.0,8.0,7.0,1.0,5.0,6.0,4.0,12.0,9.0,2.0,1.0,0.0,0.0,3.1,3.3,2.3,A
2021-2022,19,2022-02-23,19:45,Wed,Liverpool,Leeds United,6.0,0.0,53018.0,Anfield,M Oliver,3.0,0.0,23.0,3.0,15.0,2.0,4.0,0.0,5.0,11.0,0.0,3.0,0.0,0.0,1.16,8.0,15.0,H
2021-2022,20,2022-02-24,19:45,Thu,Arsenal,Wolves,2.0,1.0,59888.0,Emirates Stadium,M Atkinson,0.0,1.0,26.0,6.0,5.0,2.0,5.0,4.0,8.0,9.0,1.0,1.0,0.0,0.0,1.65,3.8,5.5,H
2021-2022,27,2022-02-25,20:00,Fri,Southampton,Norwich City,2.0,0.0,31182.0,St. Mary's Stadium,S Hooper,1.0,0.0,27.0,8.0,9.0,1.0,13.0,6.0,12.0,9.0,1.0,2.0,0.0,0.0,1.53,4.33,6.0,H
2021-2022,27,2022-02-26,12:30,Sat,Leeds United,Tottenham,0.0,4.0,36599.0,Elland Road,C Pawson,0.0,3.0,19.0,15.0,3.0,11.0,3.0,6.0,16.0,11.0,4.0,2.0,0.0,0.0,4.2,3.6,1.85,A
2021-2022,27,2022-02-26,15:00,Sat,Crystal Palace,Burnley,1.0,1.0,24203.0,Selhurst Park,J Moss,1.0,0.0,11.0,5.0,4.0,1.0,5.0,4.0,5.0,17.0,0.0,2.0,0.0,0.0,1.9,3.6,4.0,D
2021-2022,27,2022-02-26,15:00,Sat,Manchester United,Watford,0.0,0.0,73152.0,Old Trafford,K Friend,0.0,0.0,22.0,10.0,3.0,2.0,4.0,3.0,2.0,7.0,0.0,0.0,0.0,0.0,1.3,5.5,9.5,D
2021-2022,27,2022-02-26,15:00,Sat,Brighton,Aston Villa,0.0,2.0,31475.0,The American Express Community Stadium,J Brooks,0.0,1.0,12.0,9.0,1.0,4.0,7.0,2.0,17.0,11.0,4.0,5.0,0.0,0.0,2.2,3.3,3.5,A
2021-2022,27,2022-02-26,15:00,Sat,Brentford,Newcastle United,0.0,2.0,17039.0,Brentford Community Stadium,M Dean,0.0,2.0,6.0,26.0,1.0,11.0,6.0,6.0,9.0,7.0,3.0,1.0,1.0,0.0,2.5,3.2,3.0,A
2021-2022,27,2022-02-26,17:30,Sat,Everton,Manchester City,0.0,1.0,39105.0,Goodison Park,P Tierney,0.0,0.0,6.0,13.0,2.0,8.0,3.0,4.0,7.0,14.0,3.0,2.0,0.0,0.0,10.0,5.75,1.28,A
2021-2022,27,2022-02-27,14:00,Sun,West Ham,Wolves,1.0,0.0,59946.0,London Stadium,A Taylor,0.0,0.0,13.0,14.0,4.0,1.0,3.0,5.0,8.0,2.0,1.0,0.0,0.0,0.0,2.05,3.3,3.8,H
2021-2022,22,2022-03-01,19:45,Tue,Burnley,Leicester City,0.0,2.0,17825.0,Turf Moor,C Kavanagh,0.0,0.0,9.0,22.0,2.0,6.0,6.0,8.0,10.0,13.0,1.0,1.0,0.0,0.0,2.9,3.4,2.4,A
2021-2022,28,2022-03-05,12:30,Sat,Leicester City,Leeds United,1.0,0.0,32236.0,King Power Stadium,D Coote,0.0,0.0,7.0,19.0,4.0,4.0,5.0,10.0,9.0,12.0,1.0,2.0,0.0,0.0,1.75,4.0,4.2,H
2021-2022,28,2022-03-05,15:00,Sat,Newcastle United,Brighton,2.0,1.0,52214.0,St. James' Park,M Atkinson,2.0,0.0,10.0,15.0,4.0,4.0,4.0,7.0,8.0,10.0,1.0,1.0,0.0,0.0,2.75,3.2,2.62,H
2021-2022,28,2022-03-05,15:00,Sat,Aston Villa,Southampton,4.0,0.0,41855.0,Villa Park,P Bankes,2.0,0.0,14.0,11.0,9.0,1.0,4.0,7.0,10.0,8.0,1.0,1.0,0.0,0.0,2.3,3.5,3.0,H
2021-2022,28,2022-03-05,15:00,Sat,Burnley,Chelsea,0.0,4.0,19439.0,Turf Moor,A Marriner,0.0,0.0,6.0,11.0,1.0,5.0,5.0,2.0,12.0,7.0,2.0,0.0,0.0,0.0,6.5,4.33,1.5,A
2021-2022,28,2022-03-05,15:00,Sat,Wolves,Crystal Palace,0.0,2.0,31395.0,Molineux Stadium,A Madley,0.0,2.0,12.0,12.0,5.0,8.0,7.0,7.0,13.0,8.0,0.0,3.0,0.0,0.0,2.3,3.1,3.4,A
2021-2022,28,2022-03-05,15:00,Sat,Norwich City,Brentford,1.0,3.0,26887.0,Carrow Road,A Taylor,0.0,1.0,15.0,10.0,7.0,6.0,5.0,5.0,13.0,18.0,2.0,5.0,0.0,0.0,2.9,3.1,2.5,A
2021-2022,28,2022-03-05,17:30,Sat,Liverpool,West Ham,1.0,0.0,59925.0,Anfield,J Moss,1.0,0.0,22.0,13.0,5.0,5.0,4.0,6.0,7.0,7.0,2.0,1.0,0.0,0.0,1.28,5.75,9.5,H
2021-2022,28,2022-03-06,14:00,Sun,Watford,Arsenal,2.0,3.0,21142.0,Vicarage Road Stadium,C Pawson,1.0,2.0,13.0,16.0,7.0,4.0,1.0,5.0,5.0,11.0,1.0,2.0,0.0,0.0,6.0,4.0,1.57,A
2021-2022,28,2022-03-06,16:30,Sun,Manchester City,Manchester United,4.0,1.0,53165.0,Etihad Stadium,M Oliver,2.0,1.0,24.0,5.0,10.0,2.0,9.0,3.0,10.0,14.0,0.0,1.0,0.0,0.0,1.4,4.75,7.5,H
2021-2022,28,2022-03-07,20:00,Mon,Tottenham,Everton,5.0,0.0,59647.0,Tottenham Hotspur Stadium,S Attwell,3.0,0.0,14.0,6.0,7.0,0.0,5.0,2.0,15.0,10.0,2.0,0.0,0.0,0.0,1.57,3.8,5.75,H
2021-2022,19,2022-03-10,19:30,Thu,Wolves,Watford,4.0,0.0,29658.0,Molineux Stadium,D England,3.0,0.0,10.0,9.0,5.0,0.0,5.0,2.0,11.0,10.0,2.0,2.0,0.0,0.0,1.75,3.6,4.5,H
2021-2022,21,2022-03-10,19:30,Thu,Southampton,Newcastle United,1.0,2.0,30056.0,St. Mary's Stadium,K Friend,1.0,1.0,14.0,8.0,5.0,4.0,12.0,5.0,6.0,7.0,1.0,1.0,0.0,0.0,2.0,3.75,3.5,A
2021-2022,30,2022-03-10,19:30,Thu,Norwich City,Chelsea,1.0,3.0,26684.0,Carrow Road,M Atkinson,0.0,2.0,9.0,15.0,3.0,7.0,3.0,8.0,8.0,15.0,0.0,2.0,0.0,0.0,11.0,4.75,1.3,A
2021-2022,20,2022-03-10,19:45,Thu,Leeds United,Aston Villa,0.0,3.0,36400.0,Elland Road,S Hooper,0.0,1.0,4.0,15.0,1.0,9.0,3.0,5.0,17.0,11.0,5.0,3.0,0.0,0.0,2.7,3.5,2.5,A
2021-2022,29,2022-03-12,12:30,Sat,Brighton,Liverpool,0.0,2.0,31474.0,The American Express Community Stadium,M Dean,0.0,1.0,8.0,18.0,3.0,9.0,7.0,6.0,12.0,15.0,3.0,1.0,0.0,0.0,6.0,4.33,1.5,A
2021-2022,29,2022-03-12,15:00,Sat,Brentford,Burnley,2.0,0.0,17088.0,Brentford Community Stadium,P Tierney,0.0,0.0,13.0,7.0,4.0,1.0,2.0,9.0,6.0,10.0,1.0,1.0,0.0,1.0,2.15,3.2,3.6,H
2021-2022,29,2022-03-12,17:30,Sat,Manchester United,Tottenham,3.0,2.0,73458.0,Old Trafford,J Moss,2.0,1.0,10.0,10.0,6.0,3.0,4.0,5.0,8.0,7.0,2.0,1.0,0.0,0.0,2.2,3.4,3.25,H
2021-2022,29,2022-03-13,14:00,Sun,Chelsea,Newcastle United,1.0,0.0,40026.0,Stamford Bridge,D Coote,0.0,0.0,8.0,7.0,3.0,2.0,7.0,2.0,17.0,16.0,4.0,3.0,0.0,0.0,1.3,5.25,11.0,H
2021-2022,29,2022-03-13,14:00,Sun,Southampton,Watford,1.0,2.0,28863.0,St. Mary's Stadium,G Scott,1.0,2.0,13.0,9.0,7.0,5.0,11.0,3.0,8.0,12.0,3.0,2.0,0.0,0.0,1.6,4.2,5.25,A
2021-2022,29,2022-03-13,14:00,Sun,West Ham,Aston Villa,2.0,1.0,59957.0,London Stadium,J Gillett,0.0,0.0,11.0,13.0,4.0,7.0,5.0,7.0,9.0,3.0,1.0,0.0,0.0,0.0,2.25,3.3,3.3,H
2021-2022,29,2022-03-13,14:00,Sun,Everton,Wolves,0.0,1.0,39112.0,Goodison Park,M Oliver,0.0,0.0,8.0,14.0,2.0,3.0,5.0,2.0,13.0,11.0,2.0,1.0,1.0,0.0,2.3,3.2,3.3,A
2021-2022,29,2022-03-13,14:00,Sun,Leeds United,Norwich City,2.0,1.0,36321.0,Elland Road,S Attwell,1.0,0.0,13.0,12.0,7.0,4.0,6.0,2.0,18.0,8.0,3.0,1.0,0.0,0.0,1.55,4.2,5.75,H
2021-2022,29,2022-03-13,16:30,Sun,Arsenal,Leicester City,2.0,0.0,60111.0,Emirates Stadium,A Taylor,1.0,0.0,21.0,6.0,8.0,3.0,2.0,6.0,8.0,10.0,0.0,3.0,0.0,0.0,1.5,4.5,6.0,H
2021-2022,29,2022-03-14,20:00,Mon,Crystal Palace,Manchester City,0.0,0.0,25309.0,Selhurst Park,M Atkinson,0.0,0.0,7.0,18.0,1.0,4.0,2.0,6.0,6.0,11.0,3.0,1.0,0.0,0.0,10.0,5.0,1.33,D
2021-2022,16,2022-03-16,19:30,Wed,Brighton,Tottenham,0.0,2.0,31144.0,The American Express Community Stadium,R Jones,0.0,1.0,15.0,17.0,0.0,7.0,6.0,3.0,11.0,9.0,2.0,2.0,0.0,0.0,3.3,3.3,2.25,A
2021-2022,27,2022-03-16,20:15,Wed,Arsenal,Liverpool,0.0,2.0,59968.0,Emirates Stadium,A Marriner,0.0,0.0,9.0,9.0,2.0,3.0,1.0,6.0,9.0,9.0,0.0,1.0,0.0,0.0,3.5,4.0,1.9,A
2021-2022,20,2022-03-17,19:45,Thu,Everton,Newcastle United,1.0,0.0,39068.0,Goodison Park,C Pawson,0.0,0.0,9.0,17.0,3.0,6.0,5.0,7.0,13.0,11.0,2.0,1.0,1.0,0.0,2.4,3.25,3.1,H
2021-2022,30,2022-03-18,20:00,Fri,Wolves,Leeds United,2.0,3.0,31842.0,Molineux Stadium,K Friend,2.0,0.0,14.0,15.0,8.0,6.0,2.0,5.0,13.0,14.0,1.0,4.0,1.0,0.0,2.1,3.5,3.4,A
2021-2022,30,2022-03-19,12:30,Sat,Aston Villa,Arsenal,0.0,1.0,41956.0,Villa Park,A Madley,0.0,1.0,8.0,10.0,1.0,3.0,6.0,5.0,13.0,14.0,3.0,3.0,0.0,0.0,3.0,3.3,2.4,A
2021-2022,30,2022-03-20,14:00,Sun,Leicester City,Brentford,2.0,1.0,31830.0,King Power Stadium,D England,2.0,0.0,12.0,15.0,4.0,6.0,2.0,5.0,10.0,10.0,1.0,2.0,0.0,0.0,2.15,3.4,3.4,H
2021-2022,30,2022-03-20,16:30,Sun,Tottenham,West Ham,3.0,1.0,58685.0,Tottenham Hotspur Stadium,A Taylor,2.0,1.0,17.0,6.0,4.0,1.0,5.0,3.0,7.0,7.0,0.0,1.0,0.0,0.0,1.72,3.8,4.75,H
2021-2022,31,2022-04-02,12:30,Sat,Liverpool,Watford,2.0,0.0,53104.0,Anfield,S Attwell,1.0,0.0,20.0,5.0,3.0,2.0,9.0,3.0,9.0,8.0,1.0,1.0,0.0,0.0,1.12,9.5,17.0,H
2021-2022,31,2022-04-02,15:00,Sat,Wolves,Aston Villa,2.0,1.0,31012.0,Molineux Stadium,D England,2.0,0.0,11.0,15.0,5.0,5.0,4.0,9.0,15.0,8.0,4.0,3.0,0.0,0.0,3.0,3.1,2.55,H
2021-2022,31,2022-04-02,15:00,Sat,Leeds United,Southampton,1.0,1.0,36580.0,Elland Road,A Taylor,1.0,0.0,12.0,14.0,3.0,6.0,4.0,7.0,14.0,7.0,1.0,1.0,0.0,0.0,2.37,3.75,2.75,D
2021-2022,31,2022-04-02,15:00,Sat,Chelsea,Brentford,1.0,4.0,39061.0,Stamford Bridge,A Madley,0.0,0.0,21.0,17.0,8.0,6.0,12.0,7.0,11.0,7.0,0.0,0.0,0.0,0.0,1.33,5.0,10.0,A
2021-2022,31,2022-04-02,15:00,Sat,Burnley,Manchester City,0.0,2.0,21249.0,Turf Moor,C Pawson,0.0,2.0,3.0,18.0,1.0,6.0,1.0,8.0,11.0,6.0,1.0,0.0,0.0,0.0,15.0,6.5,1.2,A
2021-2022,31,2022-04-02,15:00,Sat,Brighton,Norwich City,0.0,0.0,31245.0,The American Express Community Stadium,S Hooper,0.0,0.0,31.0,6.0,4.0,0.0,11.0,2.0,12.0,11.0,1.0,1.0,0.0,0.0,1.5,4.0,7.0,D
2021-2022,31,2022-04-02,17:30,Sat,Manchester United,Leicester City,1.0,1.0,73444.0,Old Trafford,A Marriner,0.0,0.0,11.0,11.0,5.0,3.0,6.0,5.0,13.0,6.0,2.0,2.0,0.0,0.0,1.5,4.5,6.0,D
2021-2022,31,2022-04-03,14:00,Sun,West Ham,Everton,2.0,1.0,59953.0,London Stadium,M Oliver,1.0,0.0,11.0,13.0,5.0,2.0,2.0,4.0,9.0,12.0,1.0,1.0,0.0,1.0,1.75,3.8,4.5,H
2021-2022,31,2022-04-03,16:30,Sun,Tottenham,Newcastle United,5.0,1.0,57553.0,Tottenham Hotspur Stadium,M Atkinson,1.0,1.0,19.0,8.0,6.0,1.0,2.0,3.0,10.0,7.0,2.0,3.0,0.0,0.0,1.5,4.33,6.5,H
2021-2022,31,2022-04-04,20:00,Mon,Crystal Palace,Arsenal,3.0,0.0,25149.0,Selhurst Park,P Tierney,2.0,0.0,6.0,12.0,5.0,3.0,0.0,2.0,11.0,15.0,0.0,2.0,0.0,0.0,4.0,3.4,1.95,H
2021-2022,19,2022-04-06,19:30,Wed,Burnley,Everton,3.0,2.0,19830.0,Turf Moor,M Dean,1.0,2.0,13.0,16.0,4.0,4.0,9.0,6.0,11.0,16.0,2.0,2.0,0.0,0.0,2.62,3.1,2.87,H
2021-2022,32,2022-04-08,20:00,Fri,Newcastle United,Wolves,1.0,0.0,52164.0,St. James' Park,P Bankes,0.0,0.0,12.0,5.0,4.0,2.0,1.0,2.0,6.0,13.0,1.0,1.0,0.0,0.0,2.25,3.1,3.4,H
2021-2022,32,2022-04-09,12:30,Sat,Everton,Manchester United,1.0,0.0,39080.0,Goodison Park,J Moss,1.0,0.0,7.0,12.0,3.0,4.0,5.0,7.0,4.0,10.0,2.0,2.0,0.0,0.0,4.6,3.75,1.75,H
2021-2022,32,2022-04-09,15:00,Sat,Arsenal,Brighton,1.0,2.0,60112.0,Emirates Stadium,D Coote,0.0,1.0,20.0,8.0,4.0,3.0,11.0,2.0,12.0,19.0,3.0,4.0,0.0,0.0,1.61,3.8,5.75,A
2021-2022,32,2022-04-09,15:00,Sat,Southampton,Chelsea,0.0,6.0,31359.0,St. Mary's Stadium,K Friend,0.0,4.0,4.0,24.0,1.0,14.0,3.0,3.0,11.0,10.0,1.0,0.0,0.0,0.0,3.8,3.6,1.95,A
2021-2022,32,2022-04-09,15:00,Sat,Watford,Leeds United,0.0,3.0,20957.0,Vicarage Road Stadium,A Marriner,0.0,1.0,8.0,10.0,1.0,5.0,3.0,8.0,8.0,12.0,2.0,0.0,0.0,0.0,2.7,3.4,2.55,A
2021-2022,32,2022-04-09,17:30,Sat,Aston Villa,Tottenham,0.0,4.0,41949.0,Villa Park,G Scott,0.0,1.0,9.0,11.0,8.0,5.0,9.0,3.0,12.0,14.0,2.0,3.0,0.0,0.0,3.2,3.4,2.25,A
2021-2022,32,2022-04-10,14:00,Sun,Brentford,West Ham,2.0,0.0,17032.0,Brentford Community Stadium,M Atkinson,0.0,0.0,15.0,5.0,7.0,1.0,4.0,6.0,2.0,6.0,0.0,1.0,0.0,0.0,2.62,3.3,2.62,H
2021-2022,32,2022-04-10,14:00,Sun,Leicester City,Crystal Palace,2.0,1.0,31896.0,King Power Stadium,R Jones,2.0,0.0,12.0,11.0,3.0,3.0,3.0,4.0,11.0,12.0,1.0,1.0,0.0,0.0,2.37,3.3,2.9,H
2021-2022,32,2022-04-10,14:00,Sun,Norwich City,Burnley,2.0,0.0,26361.0,Carrow Road,M Oliver,1.0,0.0,17.0,18.0,6.0,4.0,6.0,7.0,12.0,10.0,1.0,1.0,0.0,0.0,2.87,3.2,2.55,H
2021-2022,32,2022-04-10,16:30,Sun,Manchester City,Liverpool,2.0,2.0,53197.0,Etihad Stadium,A Taylor,2.0,1.0,11.0,6.0,5.0,4.0,4.0,1.0,9.0,11.0,1.0,4.0,0.0,0.0,2.0,3.75,3.5,D
2021-2022,33,2022-04-16,12:30,Sat,Tottenham,Brighton,0.0,1.0,58685.0,Tottenham Hotspur Stadium,C Pawson,0.0,0.0,5.0,12.0,0.0,5.0,4.0,4.0,14.0,10.0,3.0,3.0,0.0,0.0,1.53,4.0,6.5,A
2021-2022,33,2022-04-16,15:00,Sat,Manchester United,Norwich City,3.0,2.0,73381.0,Old Trafford,A Madley,2.0,1.0,20.0,15.0,9.0,4.0,6.0,7.0,7.0,6.0,0.0,0.0,0.0,0.0,1.25,6.5,10.0,H
2021-2022,33,2022-04-16,15:00,Sat,Watford,Brentford,1.0,2.0,21045.0,Vicarage Road Stadium,S Hooper,0.0,1.0,17.0,16.0,4.0,5.0,6.0,5.0,11.0,9.0,2.0,1.0,0.0,0.0,2.7,3.3,2.55,A
2021-2022,33,2022-04-16,15:00,Sat,Southampton,Arsenal,1.0,0.0,31465.0,St. Mary's Stadium,P Bankes,1.0,0.0,9.0,23.0,3.0,6.0,6.0,8.0,6.0,6.0,2.0,1.0,0.0,0.0,3.8,3.6,1.95,H
2021-2022,33,2022-04-17,14:15,Sun,Newcastle United,Leicester City,2.0,1.0,52104.0,St. James' Park,J Gillett,1.0,1.0,16.0,8.0,7.0,2.0,3.0,5.0,10.0,10.0,2.0,2.0,0.0,0.0,2.2,3.4,3.3,H
2021-2022,33,2022-04-17,14:15,Sun,West Ham,Burnley,1.0,1.0,59958.0,London Stadium,P Tierney,0.0,1.0,21.0,9.0,8.0,1.0,13.0,4.0,9.0,10.0,2.0,2.0,0.0,0.0,1.7,3.8,5.0,D
2021-2022,30,2022-04-19,20:00,Tue,Liverpool,Manchester United,4.0,0.0,52686.0,Anfield,M Atkinson,2.0,0.0,14.0,2.0,5.0,1.0,10.0,2.0,3.0,6.0,1.0,2.0,0.0,0.0,1.4,5.0,7.0,H
2021-2022,18,2022-04-20,19:45,Wed,Everton,Leicester City,1.0,1.0,39153.0,Goodison Park,D Coote,0.0,1.0,13.0,11.0,3.0,3.0,5.0,4.0,8.0,17.0,3.0,1.0,0.0,0.0,2.25,3.4,3.25,D
2021-2022,25,2022-04-20,19:45,Wed,Chelsea,Arsenal,2.0,4.0,32249.0,Stamford Bridge,J Moss,2.0,2.0,11.0,14.0,2.0,4.0,6.0,1.0,7.0,6.0,3.0,1.0,0.0,0.0,1.83,3.6,4.33,A
2021-2022,30,2022-04-20,19:45,Wed,Newcastle United,Crystal Palace,1.0,0.0,51938.0,St. James' Park,T Harrington,1.0,0.0,13.0,10.0,4.0,2.0,2.0,5.0,12.0,12.0,1.0,1.0,0.0,0.0,2.25,3.4,3.25,H
2021-2022,30,2022-04-20,20:00,Wed,Manchester City,Brighton,3.0,0.0,52226.0,Etihad Stadium,M Dean,0.0,0.0,17.0,2.0,5.0,1.0,7.0,4.0,12.0,7.0,0.0,3.0,0.0,0.0,1.16,7.0,17.0,H
2021-2022,30,2022-04-21,19:45,Thu,Burnley,Southampton,2.0,0.0,17384.0,Turf Moor,S Attwell,2.0,0.0,16.0,11.0,6.0,3.0,10.0,10.0,7.0,7.0,2.0,2.0,0.0,0.0,2.75,3.25,2.62,H
2021-2022,34,2022-04-23,12:30,Sat,Arsenal,Manchester United,3.0,1.0,60223.0,Emirates Stadium,C Pawson,2.0,1.0,14.0,14.0,7.0,5.0,1.0,7.0,9.0,12.0,3.0,4.0,0.0,0.0,2.05,3.5,3.5,H
2021-2022,34,2022-04-23,15:00,Sat,Leicester City,Aston Villa,0.0,0.0,32185.0,King Power Stadium,A Madley,0.0,0.0,5.0,11.0,2.0,3.0,7.0,6.0,15.0,16.0,3.0,2.0,0.0,0.0,2.8,3.4,2.5,D
2021-2022,34,2022-04-23,15:00,Sat,Manchester City,Watford,5.0,1.0,53013.0,Etihad Stadium,K Friend,3.0,1.0,21.0,5.0,8.0,2.0,11.0,4.0,9.0,7.0,1.0,0.0,0.0,0.0,1.1,10.0,26.0,H
2021-2022,34,2022-04-23,15:00,Sat,Norwich City,Newcastle United,0.0,3.0,26910.0,Carrow Road,C Kavanagh,0.0,2.0,5.0,13.0,2.0,7.0,2.0,3.0,11.0,10.0,0.0,2.0,0.0,0.0,3.5,3.3,2.15,A
2021-2022,34,2022-04-23,17:30,Sat,Brentford,Tottenham,0.0,0.0,17072.0,Brentford Community Stadium,M Atkinson,0.0,0.0,15.0,9.0,2.0,0.0,12.0,8.0,8.0,7.0,2.0,1.0,0.0,0.0,4.33,3.5,1.85,D
2021-2022,34,2022-04-24,14:00,Sun,Brighton,Southampton,2.0,2.0,31335.0,The American Express Community Stadium,R Jones,2.0,1.0,8.0,18.0,5.0,5.0,6.0,6.0,12.0,7.0,1.0,0.0,0.0,0.0,2.1,3.4,3.6,D
2021-2022,34,2022-04-24,14:00,Sun,Burnley,Wolves,1.0,0.0,19246.0,Turf Moor,A Taylor,0.0,0.0,14.0,10.0,5.0,4.0,3.0,6.0,8.0,7.0,3.0,1.0,0.0,0.0,2.7,3.0,2.87,H
2021-2022,34,2022-04-24,14:00,Sun,Chelsea,West Ham,1.0,0.0,32231.0,Stamford Bridge,M Oliver,0.0,0.0,26.0,6.0,5.0,2.0,3.0,1.0,11.0,9.0,1.0,0.0,0.0,1.0,1.5,4.33,6.5,H
2021-2022,34,2022-04-24,16:30,Sun,Liverpool,Everton,2.0,0.0,53213.0,Anfield,S Attwell,0.0,0.0,18.0,9.0,4.0,1.0,13.0,1.0,8.0,8.0,2.0,5.0,0.0,0.0,1.18,7.0,15.0,H
2021-2022,34,2022-04-25,20:00,Mon,Crystal Palace,Leeds United,0.0,0.0,25357.0,Selhurst Park,D England,0.0,0.0,17.0,9.0,7.0,2.0,6.0,3.0,12.0,13.0,2.0,2.0,0.0,0.0,2.05,3.5,3.5,D
2021-2022,37,2022-04-28,19:45,Thu,Manchester United,Chelsea,1.0,1.0,73564.0,Old Trafford,M Dean,0.0,0.0,6.0,21.0,3.0,6.0,2.0,9.0,9.0,12.0,0.0,1.0,0.0,0.0,3.2,3.4,2.25,D
2021-2022,35,2022-04-30,12:30,Sat,Newcastle United,Liverpool,0.0,1.0,52281.0,St. James' Park,A Marriner,0.0,1.0,4.0,24.0,2.0,10.0,0.0,6.0,11.0,11.0,1.0,3.0,0.0,0.0,8.5,5.0,1.36,A
2021-2022,35,2022-04-30,15:00,Sat,Watford,Burnley,1.0,2.0,20738.0,Vicarage Road Stadium,C Pawson,1.0,0.0,13.0,17.0,1.0,6.0,5.0,6.0,13.0,9.0,1.0,2.0,0.0,0.0,2.6,3.3,2.75,A
2021-2022,35,2022-04-30,15:00,Sat,Wolves,Brighton,0.0,3.0,31243.0,Molineux Stadium,S Hooper,0.0,1.0,11.0,17.0,1.0,9.0,7.0,3.0,6.0,4.0,2.0,1.0,0.0,0.0,2.7,3.2,2.75,A
2021-2022,35,2022-04-30,15:00,Sat,Aston Villa,Norwich City,2.0,0.0,40290.0,Villa Park,J Brooks,1.0,0.0,21.0,9.0,6.0,3.0,2.0,3.0,16.0,8.0,4.0,1.0,0.0,0.0,1.4,4.5,9.0,H
2021-2022,35,2022-04-30,15:00,Sat,Southampton,Crystal Palace,1.0,2.0,31359.0,St. Mary's Stadium,J Gillett,1.0,0.0,8.0,14.0,3.0,5.0,6.0,7.0,13.0,11.0,1.0,3.0,0.0,0.0,2.4,3.3,3.1,A
2021-2022,35,2022-04-30,17:30,Sat,Leeds United,Manchester City,0.0,4.0,35771.0,Elland Road,P Tierney,0.0,1.0,7.0,19.0,2.0,6.0,3.0,6.0,13.0,3.0,1.0,2.0,0.0,0.0,8.5,6.0,1.3,A
2021-2022,35,2022-05-01,14:00,Sun,Tottenham,Leicester City,3.0,1.0,59482.0,Tottenham Hotspur Stadium,J Moss,1.0,0.0,13.0,6.0,7.0,2.0,7.0,3.0,13.0,8.0,2.0,3.0,0.0,0.0,1.44,4.75,7.0,H
2021-2022,35,2022-05-01,14:00,Sun,Everton,Chelsea,1.0,0.0,39256.0,Goodison Park,K Friend,0.0,0.0,9.0,17.0,4.0,5.0,3.0,8.0,9.0,12.0,3.0,5.0,0.0,0.0,5.0,3.6,1.75,H
2021-2022,35,2022-05-01,16:30,Sun,West Ham,Arsenal,1.0,2.0,59959.0,London Stadium,M Dean,1.0,1.0,8.0,13.0,3.0,7.0,3.0,7.0,8.0,9.0,2.0,2.0,0.0,0.0,4.33,3.8,1.8,A
2021-2022,35,2022-05-02,20:00,Mon,Manchester United,Brentford,3.0,0.0,73482.0,Old Trafford,C Kavanagh,1.0,0.0,9.0,12.0,5.0,4.0,3.0,8.0,4.0,6.0,1.0,0.0,0.0,0.0,1.72,4.0,4.5,H
2021-2022,36,2022-05-07,15:00,Sat,Crystal Palace,Watford,1.0,0.0,24622.0,Selhurst Park,G Scott,1.0,0.0,15.0,6.0,7.0,1.0,8.0,5.0,11.0,18.0,2.0,1.0,0.0,1.0,1.65,4.0,5.0,H
2021-2022,36,2022-05-07,15:00,Sat,Brentford,Southampton,3.0,0.0,17051.0,Brentford Community Stadium,M Salisbury,2.0,0.0,18.0,19.0,5.0,4.0,4.0,7.0,12.0,9.0,0.0,1.0,0.0,0.0,2.15,3.5,3.3,H
2021-2022,36,2022-05-07,15:00,Sat,Chelsea,Wolves,2.0,2.0,32190.0,Stamford Bridge,P Bankes,0.0,0.0,19.0,14.0,6.0,4.0,9.0,3.0,7.0,11.0,1.0,3.0,0.0,0.0,1.33,5.0,9.5,D
2021-2022,36,2022-05-07,15:00,Sat,Burnley,Aston Villa,1.0,3.0,20891.0,Turf Moor,D Coote,0.0,2.0,14.0,12.0,6.0,7.0,4.0,5.0,13.0,11.0,1.0,2.0,0.0,0.0,3.0,3.3,2.4,A
2021-2022,36,2022-05-07,17:30,Sat,Brighton,Manchester United,4.0,0.0,31637.0,The American Express Community Stadium,A Madley,1.0,0.0,17.0,15.0,6.0,5.0,7.0,6.0,13.0,9.0,0.0,2.0,0.0,0.0,2.8,3.5,2.45,H
2021-2022,36,2022-05-07,19:45,Sat,Liverpool,Tottenham,1.0,1.0,53177.0,Anfield,M Oliver,0.0,0.0,22.0,8.0,3.0,3.0,11.0,5.0,12.0,8.0,3.0,2.0,0.0,0.0,1.4,5.0,7.0,D
2021-2022,36,2022-05-08,14:00,Sun,Leicester City,Everton,1.0,2.0,32001.0,King Power Stadium,C Pawson,1.0,2.0,16.0,10.0,9.0,4.0,6.0,1.0,11.0,6.0,3.0,0.0,0.0,0.0,2.6,3.3,2.75,A
2021-2022,36,2022-05-08,14:00,Sun,Norwich City,West Ham,0.0,4.0,26428.0,Carrow Road,R Jones,0.0,3.0,8.0,13.0,2.0,5.0,9.0,5.0,7.0,7.0,1.0,1.0,0.0,0.0,4.5,3.8,1.75,A
2021-2022,36,2022-05-08,14:00,Sun,Arsenal,Leeds United,2.0,1.0,60108.0,Emirates Stadium,C Kavanagh,2.0,0.0,19.0,3.0,9.0,2.0,8.0,2.0,13.0,15.0,2.0,2.0,0.0,1.0,1.45,4.5,7.0,H
2021-2022,36,2022-05-08,16:30,Sun,Manchester City,Newcastle United,5.0,0.0,53336.0,Etihad Stadium,S Attwell,2.0,0.0,21.0,7.0,9.0,3.0,8.0,2.0,6.0,11.0,1.0,3.0,0.0,0.0,1.16,7.0,17.0,H
2021-2022,33,2022-05-10,20:00,Tue,Aston Villa,Liverpool,1.0,2.0,41919.0,Villa Park,J Moss,1.0,1.0,9.0,17.0,4.0,6.0,2.0,3.0,10.0,12.0,0.0,0.0,0.0,0.0,7.5,4.75,1.4,A
2021-2022,33,2022-05-11,19:30,Wed,Leeds United,Chelsea,0.0,3.0,36549.0,Elland Road,A Taylor,0.0,1.0,5.0,17.0,0.0,4.0,1.0,5.0,10.0,14.0,1.0,0.0,1.0,0.0,4.75,4.2,1.65,A
2021-2022,21,2022-05-11,19:45,Wed,Leicester City,Norwich City,3.0,0.0,38092.0,King Power Stadium,S Hooper,0.0,0.0,20.0,9.0,8.0,5.0,10.0,2.0,10.0,5.0,0.0,0.0,0.0,0.0,1.44,4.75,7.0,H
2021-2022,30,2022-05-11,19:45,Wed,Watford,Everton,0.0,0.0,20653.0,Vicarage Road Stadium,M Dean,0.0,0.0,6.0,16.0,0.0,5.0,1.0,13.0,5.0,12.0,1.0,2.0,0.0,0.0,4.2,3.6,1.83,D
2021-2022,33,2022-05-11,20:15,Wed,Wolves,Manchester City,1.0,5.0,32000.0,Molineux Stadium,M Atkinson,1.0,3.0,7.0,16.0,3.0,5.0,6.0,2.0,2.0,10.0,0.0,1.0,0.0,0.0,11.0,6.0,1.25,A
2021-2022,22,2022-05-12,19:45,Thu,Tottenham,Arsenal,3.0,0.0,62027.0,Tottenham Hotspur Stadium,P Tierney,2.0,0.0,16.0,8.0,6.0,4.0,2.0,2.0,8.0,15.0,1.0,3.0,0.0,1.0,2.05,3.75,3.5,H
2021-2022,37,2022-05-15,12:00,Sun,Tottenham,Burnley,1.0,0.0,61729.0,Tottenham Hotspur Stadium,K Friend,1.0,0.0,21.0,8.0,8.0,1.0,8.0,2.0,12.0,8.0,3.0,2.0,0.0,0.0,1.33,5.25,9.0,H
2021-2022,37,2022-05-15,14:00,Sun,Leeds United,Brighton,1.0,1.0,36638.0,Elland Road,M Dean,0.0,1.0,19.0,16.0,5.0,6.0,8.0,1.0,16.0,8.0,3.0,2.0,0.0,0.0,2.62,3.5,2.62,D
2021-2022,37,2022-05-15,14:00,Sun,Watford,Leicester City,1.0,5.0,20257.0,Vicarage Road Stadium,J Gillett,1.0,2.0,13.0,13.0,5.0,7.0,7.0,3.0,4.0,6.0,0.0,1.0,0.0,0.0,3.8,3.5,1.95,A
2021-2022,37,2022-05-15,14:00,Sun,Wolves,Norwich City,1.0,1.0,31219.0,Molineux Stadium,T Harrington,0.0,1.0,17.0,11.0,4.0,2.0,5.0,3.0,5.0,10.0,0.0,3.0,0.0,0.0,1.45,4.75,6.5,D
2021-2022,37,2022-05-15,14:00,Sun,Aston Villa,Crystal Palace,1.0,1.0,41136.0,Villa Park,C Kavanagh,0.0,0.0,13.0,16.0,4.0,4.0,1.0,5.0,11.0,15.0,1.0,3.0,0.0,0.0,2.0,3.5,3.75,D
2021-2022,37,2022-05-15,14:00,Sun,West Ham,Manchester City,2.0,2.0,59972.0,London Stadium,A Taylor,2.0,0.0,6.0,31.0,2.0,8.0,4.0,9.0,9.0,5.0,3.0,1.0,0.0,0.0,7.5,5.0,1.4,D
2021-2022,37,2022-05-15,16:30,Sun,Everton,Brentford,2.0,3.0,38819.0,Goodison Park,M Oliver,2.0,1.0,10.0,18.0,5.0,7.0,5.0,2.0,8.0,8.0,0.0,3.0,2.0,0.0,2.05,3.6,3.5,A
2021-2022,37,2022-05-16,20:00,Mon,Newcastle United,Arsenal,2.0,0.0,52274.0,St. James' Park,D England,0.0,0.0,16.0,11.0,4.0,2.0,12.0,8.0,11.0,8.0,0.0,3.0,0.0,0.0,4.33,3.6,1.83,H
2021-2022,37,2022-05-17,19:45,Tue,Southampton,Liverpool,1.0,2.0,31588.0,St. Mary's Stadium,M Atkinson,1.0,1.0,4.0,24.0,2.0,5.0,1.0,9.0,6.0,6.0,2.0,0.0,0.0,0.0,7.5,5.5,1.33,A
2021-2022,33,2022-05-19,19:45,Thu,Everton,Crystal Palace,3.0,2.0,38448.0,Goodison Park,A Taylor,0.0,2.0,12.0,7.0,6.0,5.0,4.0,5.0,9.0,13.0,2.0,3.0,0.0,0.0,1.9,3.4,4.33,H
2021-2022,18,2022-05-19,20:00,Thu,Aston Villa,Burnley,1.0,1.0,40468.0,Villa Park,P Tierney,0.0,1.0,22.0,10.0,9.0,5.0,13.0,6.0,11.0,20.0,0.0,1.0,0.0,1.0,2.05,3.5,3.6,D
2021-2022,27,2022-05-19,20:00,Thu,Chelsea,Leicester City,1.0,1.0,31478.0,Stamford Bridge,S Attwell,1.0,1.0,20.0,2.0,7.0,1.0,6.0,0.0,13.0,7.0,4.0,1.0,0.0,0.0,1.4,4.75,8.0,D
2021-2022,38,2022-05-22,16:00,Sun,Brentford,Leeds United,1.0,2.0,16957.0,Brentford Community Stadium,P Tierney,0.0,0.0,14.0,14.0,5.0,6.0,3.0,2.0,11.0,13.0,2.0,1.0,1.0,0.0,2.45,3.8,2.62,A
2021-2022,38,2022-05-22,16:00,Sun,Leicester City,Southampton,4.0,1.0,32003.0,King Power Stadium,J Moss,0.0,0.0,12.0,7.0,6.0,2.0,3.0,3.0,10.0,5.0,0.0,1.0,0.0,0.0,1.85,4.0,3.8,H
2021-2022,38,2022-05-22,16:00,Sun,Crystal Palace,Manchester United,1.0,0.0,25434.0,Selhurst Park,M Atkinson,1.0,0.0,6.0,10.0,3.0,4.0,3.0,6.0,12.0,22.0,2.0,4.0,0.0,0.0,3.0,3.6,2.25,H
2021-2022,38,2022-05-22,16:00,Sun,Arsenal,Everton,5.0,1.0,60201.0,Emirates Stadium,A Marriner,2.0,1.0,26.0,6.0,9.0,2.0,12.0,2.0,8.0,9.0,0.0,1.0,0.0,0.0,1.36,4.75,9.0,H
2021-2022,38,2022-05-22,16:00,Sun,Brighton,West Ham,3.0,1.0,31604.0,The American Express Community Stadium,K Friend,0.0,1.0,18.0,7.0,7.0,2.0,5.0,6.0,9.0,9.0,1.0,1.0,0.0,0.0,2.37,3.5,2.9,H
2021-2022,38,2022-05-22,16:00,Sun,Norwich City,Tottenham,0.0,5.0,27022.0,Carrow Road,C Kavanagh,0.0,2.0,9.0,19.0,0.0,13.0,3.0,2.0,13.0,7.0,3.0,1.0,0.0,0.0,9.5,6.5,1.25,A
2021-2022,38,2022-05-22,16:00,Sun,Manchester City,Aston Villa,3.0,2.0,53395.0,Etihad Stadium,M Oliver,0.0,1.0,24.0,4.0,5.0,2.0,13.0,1.0,5.0,11.0,0.0,1.0,0.0,0.0,1.16,8.0,17.0,H
2021-2022,38,2022-05-22,16:00,Sun,Liverpool,Wolves,3.0,1.0,53097.0,Anfield,A Taylor,1.0,1.0,29.0,7.0,8.0,5.0,5.0,3.0,6.0,3.0,1.0,0.0,0.0,0.0,1.14,8.5,15.0,H
2021-2022,38,2022-05-22,16:00,Sun,Burnley,Newcastle United,1.0,2.0,21361.0,Turf Moor,C Pawson,0.0,1.0,12.0,8.0,5.0,6.0,8.0,2.0,8.0,9.0,1.0,0.0,0.0,0.0,2.25,3.4,3.2,A
2021-2022,38,2022-05-22,16:00,Sun,Chelsea,Watford,2.0,1.0,32089.0,Stamford Bridge,M Dean,1.0,0.0,19.0,8.0,8.0,3.0,3.0,3.0,9.0,9.0,0.0,0.0,0.0,0.0,1.18,7.5,15.0,H
2022-2023,1,2022-08-05,20:00,Fri,Crystal Palace,Arsenal,0.0,2.0,25286.0,Selhurst Park,A Taylor,0.0,1.0,10.0,10.0,2.0,2.0,3.0,5.0,16.0,11.0,1.0,2.0,0.0,0.0,4.2,3.6,1.85,A
2022-2023,1,2022-08-06,12:30,Sat,Fulham,Liverpool,2.0,2.0,22207.0,Craven Cottage,A Madley,1.0,0.0,9.0,11.0,3.0,4.0,4.0,4.0,7.0,9.0,2.0,0.0,0.0,0.0,11.0,6.0,1.25,D
2022-2023,1,2022-08-06,15:00,Sat,Tottenham,Southampton,4.0,1.0,61732.0,Tottenham Hotspur Stadium,A Marriner,2.0,1.0,18.0,10.0,8.0,2.0,10.0,2.0,11.0,6.0,3.0,0.0,0.0,0.0,1.33,5.5,8.5,H
2022-2023,1,2022-08-06,15:00,Sat,Newcastle United,Nottingham Forest,2.0,0.0,52245.0,St James' Park,S Hooper,0.0,0.0,23.0,5.0,10.0,0.0,11.0,1.0,9.0,14.0,0.0,3.0,0.0,0.0,1.66,3.8,5.25,H
2022-2023,1,2022-08-06,15:00,Sat,Leeds United,Wolves,2.0,1.0,36347.0,Elland Road,R Jones,1.0,1.0,12.0,15.0,4.0,6.0,6.0,4.0,13.0,9.0,2.0,0.0,0.0,0.0,2.25,3.4,3.2,H
2022-2023,1,2022-08-06,15:00,Sat,Bournemouth,Aston Villa,2.0,0.0,11013.0,Vitality Stadium,P Bankes,1.0,0.0,7.0,15.0,3.0,2.0,5.0,5.0,18.0,16.0,3.0,3.0,0.0,0.0,3.75,3.5,2.0,H
2022-2023,1,2022-08-06,17:30,Sat,Everton,Chelsea,0.0,1.0,39254.0,Goodison Park,C Pawson,0.0,1.0,8.0,15.0,4.0,6.0,4.0,16.0,14.0,11.0,3.0,2.0,0.0,0.0,5.5,4.0,1.61,A
2022-2023,1,2022-08-07,14:00,Sun,Leicester City,Brentford,2.0,2.0,31794.0,King Power Stadium,J Gillett,1.0,0.0,14.0,8.0,5.0,3.0,5.0,6.0,6.0,5.0,0.0,0.0,0.0,0.0,2.0,3.75,3.5,D
2022-2023,1,2022-08-07,14:00,Sun,Manchester United,Brighton,1.0,2.0,73711.0,Old Trafford,P Tierney,0.0,2.0,17.0,15.0,5.0,4.0,6.0,2.0,7.0,12.0,4.0,1.0,0.0,0.0,1.6,4.2,5.25,A
2022-2023,1,2022-08-07,16:30,Sun,West Ham,Manchester City,0.0,2.0,62443.0,London Stadium,M Oliver,0.0,1.0,6.0,14.0,1.0,2.0,1.0,4.0,8.0,4.0,0.0,1.0,0.0,0.0,8.0,5.0,1.36,A
2022-2023,2,2022-08-13,12:30,Sat,Aston Villa,Everton,2.0,1.0,41883.0,Villa Park,M Oliver,1.0,0.0,12.0,15.0,4.0,4.0,5.0,8.0,9.0,7.0,4.0,1.0,0.0,0.0,1.8,3.5,4.75,H
2022-2023,2,2022-08-13,15:00,Sat,Manchester City,Bournemouth,4.0,0.0,53453.0,Etihad Stadium,D Coote,3.0,0.0,19.0,3.0,7.0,1.0,11.0,1.0,9.0,9.0,0.0,3.0,0.0,0.0,1.06,13.0,29.0,H
2022-2023,2,2022-08-13,15:00,Sat,Southampton,Leeds United,2.0,2.0,30815.0,St. Mary's Stadium,T Harrington,0.0,0.0,14.0,13.0,4.0,5.0,2.0,5.0,10.0,12.0,1.0,3.0,0.0,0.0,2.25,3.5,3.1,D
2022-2023,2,2022-08-13,15:00,Sat,Wolves,Fulham,0.0,0.0,31178.0,Molineux Stadium,J Brooks,0.0,0.0,7.0,9.0,1.0,3.0,5.0,3.0,7.0,14.0,3.0,3.0,0.0,0.0,2.3,3.3,3.2,D
2022-2023,2,2022-08-13,15:00,Sat,Arsenal,Leicester City,4.0,2.0,60033.0,Emirates Stadium,D England,2.0,0.0,19.0,6.0,7.0,2.0,6.0,2.0,15.0,9.0,1.0,1.0,0.0,0.0,1.53,4.33,5.75,H
2022-2023,2,2022-08-13,15:00,Sat,Brighton,Newcastle United,0.0,0.0,31552.0,The American Express Community Stadium,G Scott,0.0,0.0,13.0,4.0,7.0,1.0,7.0,3.0,8.0,6.0,2.0,3.0,0.0,0.0,2.45,3.2,3.0,D
2022-2023,2,2022-08-13,17:30,Sat,Brentford,Manchester United,4.0,0.0,17051.0,Brentford Community Stadium,S Attwell,4.0,0.0,13.0,15.0,7.0,4.0,8.0,2.0,6.0,15.0,0.0,4.0,0.0,0.0,3.75,3.5,2.0,H
2022-2023,2,2022-08-14,14:00,Sun,Nottingham Forest,West Ham,1.0,0.0,29281.0,The City Ground,R Jones,1.0,0.0,13.0,19.0,6.0,5.0,6.0,7.0,10.0,11.0,4.0,1.0,0.0,0.0,4.2,3.6,1.85,H
2022-2023,2,2022-08-14,16:30,Sun,Chelsea,Tottenham,2.0,2.0,39946.0,Stamford Bridge,A Taylor,1.0,0.0,16.0,10.0,3.0,5.0,8.0,5.0,9.0,9.0,3.0,0.0,0.0,0.0,2.25,3.4,3.2,D
2022-2023,2,2022-08-15,20:00,Mon,Liverpool,Crystal Palace,1.0,1.0,52970.0,Anfield,P Tierney,0.0,1.0,24.0,7.0,4.0,3.0,4.0,2.0,7.0,8.0,2.0,4.0,1.0,0.0,1.18,6.75,16.0,D
2022-2023,3,2022-08-20,12:30,Sat,Tottenham,Wolves,1.0,0.0,61298.0,Tottenham Hotspur Stadium,S Hooper,0.0,0.0,11.0,20.0,4.0,3.0,8.0,6.0,10.0,8.0,2.0,2.0,0.0,0.0,1.4,4.75,7.5,H
2022-2023,3,2022-08-20,15:00,Sat,Leicester City,Southampton,1.0,2.0,30850.0,King Power Stadium,M Salisbury,0.0,0.0,6.0,9.0,1.0,3.0,2.0,5.0,11.0,15.0,2.0,3.0,0.0,0.0,1.83,4.0,4.0,A
2022-2023,3,2022-08-20,15:00,Sat,Everton,Nottingham Forest,1.0,1.0,39271.0,Goodison Park,A Marriner,0.0,0.0,19.0,14.0,8.0,5.0,6.0,2.0,6.0,9.0,3.0,2.0,0.0,0.0,1.9,3.6,4.0,D
2022-2023,3,2022-08-20,15:00,Sat,Crystal Palace,Aston Villa,3.0,1.0,22012.0,Selhurst Park,A Madley,1.0,1.0,17.0,13.0,9.0,5.0,4.0,2.0,16.0,14.0,2.0,1.0,0.0,0.0,2.5,3.25,2.9,H
2022-2023,3,2022-08-20,15:00,Sat,Fulham,Brentford,3.0,2.0,21798.0,Craven Cottage,P Bankes,2.0,1.0,18.0,13.0,9.0,5.0,6.0,3.0,13.0,7.0,3.0,2.0,0.0,0.0,2.45,3.4,2.9,H
2022-2023,3,2022-08-20,17:30,Sat,Bournemouth,Arsenal,0.0,3.0,10423.0,Vitality Stadium,C Pawson,0.0,2.0,6.0,14.0,1.0,6.0,3.0,4.0,12.0,10.0,2.0,1.0,0.0,0.0,8.0,4.75,1.4,A
2022-2023,3,2022-08-21,14:00,Sun,Leeds United,Chelsea,3.0,0.0,36372.0,Elland Road,S Attwell,2.0,0.0,12.0,14.0,6.0,3.0,4.0,6.0,16.0,15.0,0.0,1.0,0.0,1.0,5.75,4.5,1.53,H
2022-2023,3,2022-08-21,14:00,Sun,West Ham,Brighton,0.0,2.0,62449.0,London Stadium,A Taylor,0.0,1.0,13.0,11.0,3.0,2.0,5.0,4.0,10.0,7.0,2.0,0.0,0.0,0.0,2.3,3.4,3.1,A
2022-2023,3,2022-08-21,16:30,Sun,Newcastle United,Manchester City,3.0,3.0,52258.0,St James' Park,J Gillett,2.0,1.0,12.0,21.0,6.0,10.0,5.0,5.0,14.0,7.0,4.0,2.0,0.0,0.0,7.5,5.0,1.36,D
2022-2023,3,2022-08-22,20:00,Mon,Manchester United,Liverpool,2.0,1.0,74147.0,Old Trafford,M Oliver,1.0,0.0,12.0,17.0,4.0,5.0,6.0,8.0,11.0,7.0,3.0,1.0,0.0,0.0,5.25,4.33,1.6,H
2022-2023,4,2022-08-27,12:30,Sat,Southampton,Manchester United,0.0,1.0,31196.0,St. Mary's Stadium,A Madley,0.0,0.0,17.0,11.0,5.0,6.0,5.0,3.0,4.0,14.0,0.0,3.0,0.0,0.0,4.2,4.0,1.8,A
2022-2023,4,2022-08-27,15:00,Sat,Manchester City,Crystal Palace,4.0,2.0,53112.0,Etihad Stadium,D England,0.0,2.0,18.0,2.0,5.0,2.0,6.0,1.0,14.0,8.0,1.0,2.0,0.0,0.0,1.18,7.5,13.0,H
2022-2023,4,2022-08-27,15:00,Sat,Brighton,Leeds United,1.0,0.0,30953.0,The American Express Community Stadium,M Salisbury,0.0,0.0,13.0,10.0,4.0,2.0,5.0,3.0,10.0,14.0,2.0,3.0,0.0,0.0,1.9,3.8,3.8,H
2022-2023,4,2022-08-27,15:00,Sat,Chelsea,Leicester City,2.0,1.0,39953.0,Stamford Bridge,P Tierney,0.0,0.0,7.0,17.0,3.0,5.0,3.0,11.0,10.0,7.0,1.0,2.0,1.0,0.0,1.4,5.0,7.0,H
2022-2023,4,2022-08-27,15:00,Sat,Brentford,Everton,1.0,1.0,17009.0,Brentford Community Stadium,J Brooks,0.0,1.0,19.0,14.0,5.0,7.0,8.0,5.0,8.0,8.0,2.0,2.0,0.0,0.0,2.0,3.5,3.75,D
2022-2023,4,2022-08-27,15:00,Sat,Liverpool,Bournemouth,9.0,0.0,53328.0,Anfield,S Attwell,5.0,0.0,19.0,5.0,12.0,2.0,8.0,1.0,6.0,5.0,0.0,1.0,0.0,0.0,1.1,10.0,26.0,H
2022-2023,4,2022-08-27,17:30,Sat,Arsenal,Fulham,2.0,1.0,60164.0,Emirates Stadium,J Gillett,0.0,0.0,22.0,11.0,8.0,3.0,9.0,2.0,6.0,12.0,2.0,3.0,0.0,0.0,1.3,5.75,9.0,H
2022-2023,4,2022-08-28,14:00,Sun,Wolves,Newcastle United,1.0,1.0,31311.0,Molineux Stadium,P Bankes,1.0,0.0,10.0,21.0,4.0,6.0,4.0,13.0,10.0,11.0,2.0,1.0,0.0,0.0,2.7,3.3,2.7,D
2022-2023,4,2022-08-28,14:00,Sun,Aston Villa,West Ham,0.0,1.0,41796.0,Villa Park,D Coote,0.0,0.0,9.0,7.0,3.0,2.0,3.0,2.0,10.0,10.0,2.0,0.0,0.0,0.0,2.3,3.4,3.1,A
2022-2023,4,2022-08-28,16:30,Sun,Nottingham Forest,Tottenham,0.0,2.0,29296.0,The City Ground,C Pawson,0.0,1.0,17.0,18.0,1.0,7.0,6.0,1.0,11.0,13.0,6.0,1.0,0.0,0.0,7.0,4.6,1.44,A
2022-2023,5,2022-08-30,19:30,Tue,Fulham,Brighton,2.0,1.0,22224.0,Craven Cottage,T Bramall,0.0,0.0,10.0,7.0,3.0,4.0,3.0,3.0,9.0,11.0,2.0,1.0,0.0,0.0,3.1,3.3,2.3,H
2022-2023,5,2022-08-30,19:30,Tue,Crystal Palace,Brentford,1.0,1.0,25043.0,Selhurst Park,S Hooper,0.0,0.0,13.0,9.0,4.0,3.0,4.0,6.0,11.0,8.0,1.0,2.0,0.0,0.0,2.05,3.4,3.6,D
2022-2023,5,2022-08-30,19:45,Tue,Southampton,Chelsea,2.0,1.0,31542.0,St. Mary's Stadium,M Oliver,2.0,1.0,9.0,10.0,7.0,4.0,5.0,3.0,15.0,10.0,2.0,1.0,0.0,0.0,5.25,4.0,1.61,H
2022-2023,5,2022-08-30,20:00,Tue,Leeds United,Everton,1.0,1.0,36338.0,Elland Road,D England,0.0,1.0,14.0,7.0,5.0,2.0,10.0,2.0,10.0,9.0,3.0,3.0,0.0,0.0,2.15,3.5,3.3,D
2022-2023,5,2022-08-31,19:30,Wed,Bournemouth,Wolves,0.0,0.0,10113.0,Vitality Stadium,A Taylor,0.0,0.0,5.0,17.0,2.0,4.0,2.0,5.0,12.0,12.0,2.0,1.0,0.0,0.0,3.5,3.3,2.15,D
2022-2023,5,2022-08-31,19:30,Wed,Manchester City,Nottingham Forest,6.0,0.0,53409.0,Etihad Stadium,P Tierney,3.0,0.0,17.0,8.0,9.0,1.0,10.0,1.0,9.0,7.0,0.0,1.0,0.0,0.0,1.06,13.0,29.0,H
2022-2023,5,2022-08-31,19:30,Wed,Arsenal,Aston Villa,2.0,1.0,60012.0,Emirates Stadium,R Jones,1.0,0.0,22.0,4.0,9.0,3.0,10.0,3.0,10.0,14.0,2.0,3.0,0.0,0.0,1.45,4.5,6.0,H
2022-2023,5,2022-08-31,19:45,Wed,West Ham,Tottenham,1.0,1.0,62450.0,London Stadium,P Bankes,0.0,1.0,14.0,13.0,4.0,4.0,3.0,4.0,10.0,9.0,2.0,5.0,0.0,0.0,3.6,3.8,1.95,D
2022-2023,5,2022-08-31,20:00,Wed,Liverpool,Newcastle United,2.0,1.0,53316.0,Anfield,A Marriner,0.0,1.0,23.0,5.0,6.0,2.0,13.0,0.0,9.0,10.0,0.0,2.0,0.0,0.0,1.33,5.25,9.0,H
2022-2023,5,2022-09-01,20:00,Thu,Leicester City,Manchester United,0.0,1.0,32226.0,King Power Stadium,C Pawson,0.0,1.0,10.0,9.0,2.0,2.0,1.0,3.0,7.0,15.0,1.0,3.0,0.0,0.0,3.4,3.75,2.05,A
2022-2023,6,2022-09-03,12:30,Sat,Everton,Liverpool,0.0,0.0,39240.0,Goodison Park,A Taylor,0.0,0.0,14.0,23.0,3.0,8.0,7.0,9.0,7.0,11.0,2.0,2.0,0.0,0.0,7.0,4.75,1.4,D
2022-2023,6,2022-09-03,15:00,Sat,Nottingham Forest,Bournemouth,2.0,3.0,28720.0,The City Ground,M Oliver,2.0,0.0,11.0,8.0,3.0,3.0,4.0,6.0,13.0,10.0,2.0,1.0,0.0,0.0,1.95,3.5,3.8,A
2022-2023,6,2022-09-03,15:00,Sat,Wolves,Southampton,1.0,0.0,30546.0,Molineux Stadium,J Brooks,1.0,0.0,7.0,12.0,2.0,1.0,5.0,6.0,10.0,14.0,4.0,2.0,0.0,0.0,2.2,3.4,3.25,H
2022-2023,6,2022-09-03,15:00,Sat,Newcastle United,Crystal Palace,0.0,0.0,51863.0,St James' Park,M Salisbury,0.0,0.0,23.0,19.0,6.0,9.0,13.0,5.0,19.0,12.0,2.0,1.0,0.0,0.0,2.0,3.5,3.75,D
2022-2023,6,2022-09-03,15:00,Sat,Brentford,Leeds United,5.0,2.0,17092.0,Brentford Community Stadium,R Jones,2.0,1.0,14.0,17.0,8.0,6.0,2.0,6.0,8.0,9.0,2.0,2.0,0.0,0.0,2.1,3.5,3.4,H
2022-2023,6,2022-09-03,15:00,Sat,Tottenham,Fulham,2.0,1.0,61641.0,Tottenham Hotspur Stadium,S Attwell,1.0,0.0,23.0,9.0,10.0,3.0,10.0,3.0,9.0,6.0,3.0,4.0,0.0,0.0,1.5,4.5,6.5,H
2022-2023,6,2022-09-03,15:00,Sat,Chelsea,West Ham,2.0,1.0,39923.0,Stamford Bridge,A Madley,0.0,0.0,8.0,6.0,3.0,3.0,10.0,3.0,6.0,11.0,4.0,2.0,0.0,0.0,1.55,4.5,5.5,H
2022-2023,6,2022-09-03,17:30,Sat,Aston Villa,Manchester City,1.0,1.0,41830.0,Villa Park,S Hooper,0.0,0.0,3.0,13.0,1.0,4.0,1.0,4.0,7.0,6.0,2.0,0.0,0.0,0.0,8.0,5.5,1.33,D
2022-2023,6,2022-09-04,14:00,Sun,Brighton,Leicester City,5.0,2.0,31185.0,The American Express Community Stadium,T Harrington,2.0,2.0,23.0,6.0,11.0,4.0,10.0,1.0,6.0,8.0,1.0,1.0,0.0,0.0,1.83,3.5,4.5,H
2022-2023,6,2022-09-04,16:30,Sun,Manchester United,Arsenal,3.0,1.0,73431.0,Old Trafford,P Tierney,1.0,0.0,10.0,16.0,6.0,3.0,2.0,5.0,13.0,9.0,3.0,3.0,0.0,0.0,2.5,3.5,2.7,H
2022-2023,8,2022-09-16,20:00,Fri,Aston Villa,Southampton,1.0,0.0,40758.0,Villa Park,T Harrington,1.0,0.0,11.0,7.0,3.0,1.0,6.0,3.0,13.0,13.0,3.0,1.0,0.0,0.0,2.1,3.5,3.5,H
2022-2023,8,2022-09-16,20:00,Fri,Nottingham Forest,Fulham,2.0,3.0,28654.0,The City Ground,J Gillett,1.0,0.0,11.0,15.0,3.0,7.0,2.0,10.0,11.0,10.0,2.0,4.0,0.0,0.0,2.75,3.3,2.62,A
2022-2023,8,2022-09-17,12:30,Sat,Wolves,Manchester City,0.0,3.0,31578.0,Molineux Stadium,A Taylor,0.0,2.0,6.0,16.0,1.0,7.0,5.0,7.0,7.0,9.0,2.0,1.0,1.0,0.0,9.5,5.0,1.33,A
2022-2023,8,2022-09-17,15:00,Sat,Newcastle United,Bournemouth,1.0,1.0,52238.0,St James' Park,C Pawson,0.0,0.0,20.0,10.0,7.0,3.0,8.0,1.0,10.0,11.0,2.0,2.0,0.0,0.0,1.44,4.4,7.5,D
2022-2023,8,2022-09-17,17:30,Sat,Tottenham,Leicester City,6.0,2.0,61450.0,Tottenham Hotspur Stadium,S Hooper,2.0,2.0,16.0,19.0,11.0,7.0,6.0,1.0,9.0,9.0,1.0,2.0,0.0,0.0,1.45,4.5,7.0,H
2022-2023,8,2022-09-18,12:00,Sun,Brentford,Arsenal,0.0,3.0,17122.0,Brentford Community Stadium,D Coote,0.0,2.0,5.0,13.0,2.0,7.0,3.0,3.0,10.0,10.0,0.0,2.0,0.0,0.0,4.2,3.8,1.8,A
2022-2023,8,2022-09-18,14:15,Sun,Everton,West Ham,1.0,0.0,39298.0,Goodison Park,M Oliver,0.0,0.0,7.0,14.0,2.0,4.0,5.0,14.0,8.0,11.0,3.0,1.0,0.0,0.0,2.9,3.25,2.5,H
2022-2023,9,2022-10-01,12:30,Sat,Arsenal,Tottenham,3.0,1.0,60278.0,Emirates Stadium,A Taylor,1.0,1.0,22.0,7.0,9.0,3.0,5.0,2.0,10.0,10.0,2.0,1.0,0.0,1.0,2.05,3.75,3.3,H
2022-2023,9,2022-10-01,15:00,Sat,Southampton,Everton,1.0,2.0,30510.0,St. Mary's Stadium,A Marriner,0.0,0.0,22.0,12.0,6.0,5.0,7.0,6.0,11.0,10.0,2.0,2.0,0.0,0.0,2.15,3.4,3.4,A
2022-2023,9,2022-10-01,15:00,Sat,Crystal Palace,Chelsea,1.0,2.0,25198.0,Selhurst Park,C Kavanagh,1.0,1.0,7.0,13.0,3.0,3.0,5.0,2.0,11.0,13.0,1.0,3.0,0.0,0.0,4.2,3.6,1.85,A
2022-2023,9,2022-10-01,15:00,Sat,Liverpool,Brighton,3.0,3.0,53320.0,Anfield,A Madley,1.0,2.0,15.0,6.0,7.0,6.0,9.0,2.0,9.0,13.0,1.0,1.0,0.0,0.0,1.33,5.25,8.5,D
2022-2023,9,2022-10-01,15:00,Sat,Fulham,Newcastle United,1.0,4.0,22913.0,Craven Cottage,D England,0.0,3.0,3.0,19.0,1.0,10.0,1.0,8.0,9.0,10.0,2.0,0.0,1.0,0.0,3.0,3.4,2.37,A
2022-2023,9,2022-10-01,15:00,Sat,Bournemouth,Brentford,0.0,0.0,10126.0,Vitality Stadium,T Bramall,0.0,0.0,7.0,13.0,1.0,4.0,7.0,8.0,11.0,10.0,1.0,2.0,0.0,0.0,3.3,3.4,2.2,D
2022-2023,9,2022-10-01,17:30,Sat,West Ham,Wolves,2.0,0.0,62444.0,London Stadium,P Tierney,1.0,0.0,18.0,15.0,5.0,4.0,1.0,6.0,8.0,6.0,2.0,2.0,0.0,0.0,1.95,3.5,4.2,H
2022-2023,9,2022-10-02,14:00,Sun,Manchester City,Manchester United,6.0,3.0,53475.0,Etihad Stadium,M Oliver,4.0,0.0,22.0,12.0,10.0,8.0,5.0,1.0,3.0,9.0,0.0,3.0,0.0,0.0,1.33,5.75,7.5,H
2022-2023,9,2022-10-02,16:30,Sun,Leeds United,Aston Villa,0.0,0.0,36582.0,Elland Road,S Attwell,0.0,0.0,9.0,19.0,1.0,7.0,2.0,9.0,23.0,12.0,3.0,2.0,1.0,0.0,2.35,3.4,3.0,D
2022-2023,9,2022-10-03,20:00,Mon,Leicester City,Nottingham Forest,4.0,0.0,32202.0,King Power Stadium,R Jones,3.0,0.0,17.0,10.0,7.0,3.0,6.0,6.0,13.0,12.0,2.0,4.0,0.0,0.0,1.75,4.0,4.33,H
2022-2023,10,2022-10-08,15:00,Sat,Bournemouth,Leicester City,2.0,1.0,10272.0,Vitality Stadium,M Salisbury,0.0,1.0,10.0,9.0,4.0,5.0,7.0,2.0,8.0,16.0,1.0,2.0,0.0,0.0,3.6,3.4,2.05,H
2022-2023,10,2022-10-08,15:00,Sat,Newcastle United,Brentford,5.0,1.0,52067.0,St James' Park,J Brooks,2.0,0.0,16.0,6.0,6.0,3.0,9.0,5.0,14.0,9.0,0.0,1.0,0.0,0.0,1.83,3.8,4.2,H
2022-2023,10,2022-10-08,15:00,Sat,Manchester City,Southampton,4.0,0.0,53365.0,Etihad Stadium,A Madley,2.0,0.0,21.0,5.0,8.0,0.0,9.0,1.0,4.0,8.0,0.0,1.0,0.0,0.0,1.11,10.0,17.0,H
2022-2023,10,2022-10-08,15:00,Sat,Chelsea,Wolves,3.0,0.0,39940.0,Stamford Bridge,S Hooper,1.0,0.0,20.0,8.0,7.0,2.0,4.0,2.0,8.0,8.0,2.0,0.0,0.0,0.0,1.4,4.5,8.0,H
2022-2023,10,2022-10-08,17:30,Sat,Brighton,Tottenham,0.0,1.0,31498.0,The American Express Community Stadium,T Harrington,0.0,1.0,14.0,8.0,4.0,3.0,6.0,2.0,9.0,14.0,1.0,2.0,0.0,0.0,2.8,3.4,2.5,A
2022-2023,10,2022-10-09,14:00,Sun,West Ham,Fulham,3.0,1.0,62407.0,London Stadium,C Kavanagh,1.0,1.0,17.0,8.0,8.0,2.0,4.0,2.0,9.0,7.0,1.0,3.0,0.0,0.0,1.72,3.8,4.75,H
2022-2023,10,2022-10-09,14:00,Sun,Crystal Palace,Leeds United,2.0,1.0,25042.0,Selhurst Park,P Tierney,1.0,1.0,13.0,10.0,5.0,4.0,5.0,3.0,13.0,23.0,3.0,3.0,0.0,0.0,2.05,3.5,3.6,H
2022-2023,10,2022-10-09,16:30,Sun,Arsenal,Liverpool,3.0,2.0,60059.0,Emirates Stadium,M Oliver,2.0,1.0,11.0,8.0,7.0,3.0,4.0,3.0,11.0,11.0,1.0,2.0,0.0,0.0,2.5,3.6,2.62,H
2022-2023,10,2022-10-09,19:00,Sun,Everton,Manchester United,1.0,2.0,39258.0,Goodison Park,D Coote,1.0,2.0,11.0,12.0,2.0,4.0,5.0,4.0,7.0,13.0,2.0,1.0,0.0,0.0,3.6,3.5,2.05,A
2022-2023,10,2022-10-10,20:00,Mon,Nottingham Forest,Aston Villa,1.0,1.0,29208.0,The City Ground,A Taylor,1.0,1.0,6.0,12.0,3.0,2.0,1.0,4.0,13.0,19.0,3.0,3.0,0.0,0.0,3.3,3.4,2.2,D
2022-2023,11,2022-10-14,20:00,Fri,Brentford,Brighton,2.0,0.0,17016.0,Brentford Community Stadium,M Salisbury,1.0,0.0,7.0,21.0,3.0,7.0,2.0,11.0,12.0,15.0,3.0,1.0,0.0,0.0,3.1,3.4,2.3,H
2022-2023,11,2022-10-15,12:30,Sat,Leicester City,Crystal Palace,0.0,0.0,31298.0,King Power Stadium,A Madley,0.0,0.0,14.0,8.0,5.0,1.0,9.0,2.0,18.0,13.0,2.0,2.0,0.0,0.0,2.3,3.4,3.1,D
2022-2023,11,2022-10-15,15:00,Sat,Fulham,Bournemouth,2.0,2.0,22541.0,Craven Cottage,G Scott,1.0,2.0,19.0,10.0,4.0,6.0,5.0,6.0,9.0,11.0,2.0,0.0,0.0,0.0,1.85,3.75,4.0,D
2022-2023,11,2022-10-15,15:00,Sat,Wolves,Nottingham Forest,1.0,0.0,31554.0,Molineux Stadium,T Bramall,0.0,0.0,9.0,10.0,2.0,2.0,4.0,5.0,17.0,13.0,2.0,2.0,0.0,0.0,1.7,3.75,5.0,H
2022-2023,11,2022-10-15,17:30,Sat,Tottenham,Everton,2.0,0.0,61812.0,Tottenham Hotspur Stadium,P Tierney,0.0,0.0,21.0,4.0,7.0,0.0,7.0,1.0,12.0,13.0,1.0,4.0,0.0,0.0,1.5,4.5,6.5,H
2022-2023,11,2022-10-16,14:00,Sun,Southampton,West Ham,1.0,1.0,29159.0,St. Mary's Stadium,P Bankes,1.0,0.0,10.0,25.0,8.0,4.0,4.0,14.0,7.0,3.0,1.0,1.0,0.0,0.0,2.9,3.4,2.4,D
2022-2023,11,2022-10-16,14:00,Sun,Aston Villa,Chelsea,0.0,2.0,41754.0,Villa Park,R Jones,0.0,1.0,18.0,8.0,7.0,4.0,7.0,1.0,12.0,11.0,0.0,3.0,0.0,0.0,4.33,3.75,1.8,A
2022-2023,11,2022-10-16,14:00,Sun,Leeds United,Arsenal,0.0,1.0,36700.0,Elland Road,C Kavanagh,0.0,1.0,16.0,9.0,4.0,4.0,6.0,3.0,10.0,11.0,0.0,2.0,0.0,0.0,6.0,4.2,1.55,A
2022-2023,11,2022-10-16,14:00,Sun,Manchester United,Newcastle United,0.0,0.0,73726.0,Old Trafford,C Pawson,0.0,0.0,15.0,9.0,2.0,2.0,4.0,4.0,13.0,11.0,3.0,1.0,0.0,0.0,1.95,3.8,3.5,D
2022-2023,11,2022-10-16,16:30,Sun,Liverpool,Manchester City,1.0,0.0,53286.0,Anfield,A Taylor,0.0,0.0,13.0,16.0,2.0,6.0,5.0,6.0,10.0,7.0,3.0,1.0,0.0,0.0,3.6,4.0,1.9,H
2022-2023,12,2022-10-18,19:30,Tue,Brighton,Nottingham Forest,0.0,0.0,31463.0,The American Express Community Stadium,D England,0.0,0.0,19.0,3.0,7.0,0.0,9.0,1.0,10.0,14.0,3.0,1.0,0.0,0.0,1.4,4.75,7.0,D
2022-2023,12,2022-10-18,20:15,Tue,Crystal Palace,Wolves,2.0,1.0,25125.0,Selhurst Park,D Coote,0.0,1.0,14.0,10.0,4.0,4.0,4.0,3.0,14.0,18.0,3.0,1.0,0.0,0.0,2.25,3.1,3.4,H
2022-2023,12,2022-10-19,19:30,Wed,Bournemouth,Southampton,0.0,1.0,10405.0,Vitality Stadium,J Brooks,0.0,1.0,15.0,9.0,3.0,3.0,7.0,3.0,8.0,13.0,1.0,3.0,0.0,0.0,2.62,3.3,2.62,A
2022-2023,12,2022-10-19,19:30,Wed,Brentford,Chelsea,0.0,0.0,17118.0,Brentford Community Stadium,J Gillett,0.0,0.0,8.0,14.0,5.0,5.0,6.0,2.0,7.0,7.0,0.0,0.0,0.0,0.0,4.75,3.8,1.72,D
2022-2023,12,2022-10-19,19:30,Wed,Liverpool,West Ham,1.0,0.0,52982.0,Anfield,S Attwell,1.0,0.0,22.0,8.0,7.0,3.0,8.0,3.0,9.0,8.0,0.0,0.0,0.0,0.0,1.4,5.0,7.0,H
2022-2023,12,2022-10-19,19:30,Wed,Newcastle United,Everton,1.0,0.0,52247.0,St James' Park,T Harrington,1.0,0.0,16.0,1.0,4.0,0.0,8.0,2.0,9.0,12.0,2.0,4.0,0.0,0.0,1.6,3.8,5.75,H
2022-2023,12,2022-10-19,20:15,Wed,Manchester United,Tottenham,2.0,0.0,73677.0,Old Trafford,S Hooper,0.0,0.0,28.0,9.0,10.0,2.0,8.0,3.0,7.0,7.0,1.0,0.0,0.0,0.0,2.45,3.5,2.75,H
2022-2023,12,2022-10-20,19:30,Thu,Fulham,Aston Villa,3.0,0.0,23508.0,Craven Cottage,M Oliver,1.0,0.0,18.0,12.0,8.0,6.0,9.0,7.0,11.0,11.0,0.0,2.0,0.0,1.0,2.9,3.3,2.5,H
2022-2023,12,2022-10-20,20:15,Thu,Leicester City,Leeds United,2.0,0.0,30814.0,King Power Stadium,P Bankes,2.0,0.0,5.0,14.0,1.0,2.0,2.0,9.0,15.0,11.0,2.0,1.0,0.0,0.0,2.25,3.6,3.0,H
2022-2023,13,2022-10-22,12:30,Sat,Nottingham Forest,Liverpool,1.0,0.0,29245.0,The City Ground,P Tierney,0.0,0.0,10.0,15.0,7.0,7.0,2.0,11.0,14.0,8.0,2.0,1.0,0.0,0.0,11.0,6.0,1.25,H
2022-2023,13,2022-10-22,15:00,Sat,Everton,Crystal Palace,3.0,0.0,38939.0,Goodison Park,S Hooper,1.0,0.0,9.0,9.0,6.0,2.0,3.0,4.0,16.0,14.0,3.0,4.0,0.0,0.0,2.6,3.2,2.87,H
2022-2023,13,2022-10-22,15:00,Sat,Manchester City,Brighton,3.0,1.0,53223.0,Etihad Stadium,C Pawson,2.0,0.0,10.0,8.0,4.0,2.0,7.0,3.0,11.0,12.0,1.0,3.0,0.0,0.0,1.2,7.0,13.0,H
2022-2023,13,2022-10-22,17:30,Sat,Chelsea,Manchester United,1.0,1.0,39503.0,Stamford Bridge,S Attwell,0.0,0.0,6.0,13.0,2.0,6.0,6.0,4.0,8.0,10.0,1.0,4.0,0.0,0.0,2.05,3.5,3.5,D
2022-2023,13,2022-10-23,14:00,Sun,Aston Villa,Brentford,4.0,0.0,41693.0,Villa Park,D England,3.0,0.0,19.0,12.0,11.0,3.0,7.0,6.0,14.0,11.0,1.0,0.0,0.0,0.0,2.1,3.5,3.5,H
2022-2023,13,2022-10-23,14:00,Sun,Wolves,Leicester City,0.0,4.0,31425.0,Molineux Stadium,M Oliver,0.0,2.0,21.0,5.0,5.0,4.0,9.0,2.0,10.0,13.0,2.0,1.0,0.0,0.0,2.25,3.25,3.25,A
2022-2023,13,2022-10-23,14:00,Sun,Leeds United,Fulham,2.0,3.0,36447.0,Elland Road,A Taylor,1.0,1.0,14.0,11.0,5.0,5.0,3.0,6.0,12.0,8.0,1.0,1.0,0.0,0.0,2.05,3.5,3.6,A
2022-2023,13,2022-10-23,14:00,Sun,Southampton,Arsenal,1.0,1.0,31145.0,St. Mary's Stadium,R Jones,0.0,1.0,10.0,12.0,3.0,3.0,9.0,4.0,11.0,8.0,2.0,1.0,0.0,0.0,6.0,4.0,1.57,D
2022-2023,13,2022-10-23,16:30,Sun,Tottenham,Newcastle United,1.0,2.0,61726.0,Tottenham Hotspur Stadium,J Gillett,0.0,2.0,17.0,13.0,5.0,5.0,6.0,7.0,12.0,6.0,4.0,2.0,0.0,0.0,2.05,3.5,3.5,A
2022-2023,13,2022-10-24,20:00,Mon,West Ham,Bournemouth,2.0,0.0,62447.0,London Stadium,D Coote,1.0,0.0,20.0,5.0,4.0,3.0,5.0,0.0,9.0,11.0,0.0,2.0,0.0,0.0,1.55,4.0,6.0,H
2022-2023,14,2022-10-29,12:30,Sat,Leicester City,Manchester City,0.0,1.0,32223.0,King Power Stadium,R Jones,0.0,0.0,10.0,15.0,5.0,5.0,3.0,10.0,5.0,10.0,0.0,0.0,0.0,0.0,10.0,6.5,1.25,A
2022-2023,14,2022-10-29,15:00,Sat,Brentford,Wolves,1.0,1.0,17051.0,Brentford Community Stadium,R Madley,0.0,0.0,12.0,14.0,3.0,4.0,3.0,6.0,10.0,17.0,3.0,3.0,0.0,1.0,2.2,3.4,3.3,D
2022-2023,14,2022-10-29,15:00,Sat,Crystal Palace,Southampton,1.0,0.0,25130.0,Selhurst Park,M Salisbury,1.0,0.0,12.0,14.0,3.0,4.0,8.0,4.0,13.0,12.0,3.0,3.0,0.0,0.0,1.9,3.6,4.0,H
2022-2023,14,2022-10-29,15:00,Sat,Newcastle United,Aston Villa,4.0,0.0,52233.0,St James' Park,P Tierney,1.0,0.0,20.0,3.0,7.0,0.0,3.0,0.0,11.0,11.0,1.0,1.0,0.0,0.0,1.8,3.75,4.5,H
2022-2023,14,2022-10-29,15:00,Sat,Brighton,Chelsea,4.0,1.0,31746.0,The American Express Community Stadium,A Madley,3.0,0.0,19.0,15.0,9.0,7.0,8.0,7.0,16.0,6.0,1.0,2.0,0.0,0.0,3.0,3.3,2.4,H
2022-2023,14,2022-10-29,15:00,Sat,Bournemouth,Tottenham,2.0,3.0,10430.0,Vitality Stadium,A Taylor,1.0,0.0,6.0,23.0,4.0,7.0,2.0,19.0,10.0,5.0,1.0,2.0,0.0,0.0,5.0,3.8,1.7,A
2022-2023,14,2022-10-29,17:30,Sat,Fulham,Everton,0.0,0.0,23534.0,Craven Cottage,J Brooks,0.0,0.0,24.0,9.0,6.0,4.0,13.0,4.0,10.0,8.0,2.0,1.0,0.0,0.0,2.37,3.4,3.0,D
2022-2023,14,2022-10-29,19:45,Sat,Liverpool,Leeds United,1.0,2.0,53274.0,Anfield,M Oliver,1.0,1.0,22.0,14.0,10.0,6.0,14.0,5.0,9.0,3.0,0.0,1.0,0.0,0.0,1.3,6.0,9.0,A
2022-2023,14,2022-10-30,14:00,Sun,Arsenal,Nottingham Forest,5.0,0.0,60263.0,Emirates Stadium,S Hooper,1.0,0.0,24.0,5.0,10.0,2.0,9.0,4.0,9.0,8.0,0.0,1.0,0.0,0.0,1.2,7.0,12.0,H
2022-2023,14,2022-10-30,16:15,Sun,Manchester United,West Ham,1.0,0.0,73682.0,Old Trafford,C Kavanagh,1.0,0.0,16.0,13.0,3.0,5.0,5.0,10.0,12.0,10.0,1.0,3.0,0.0,0.0,1.66,4.0,4.8,H
2022-2023,15,2022-11-05,15:00,Sat,Nottingham Forest,Brentford,2.0,2.0,28869.0,The City Ground,A Marriner,1.0,1.0,15.0,6.0,7.0,2.0,3.0,3.0,10.0,11.0,2.0,2.0,0.0,0.0,2.75,3.3,2.6,D
2022-2023,15,2022-11-05,15:00,Sat,Leeds United,Bournemouth,4.0,3.0,36304.0,Elland Road,T Harrington,1.0,2.0,18.0,9.0,4.0,6.0,13.0,3.0,16.0,10.0,2.0,2.0,0.0,0.0,1.72,3.8,4.75,H
2022-2023,15,2022-11-05,15:00,Sat,Manchester City,Fulham,2.0,1.0,52395.0,Etihad Stadium,D England,1.0,1.0,16.0,4.0,5.0,2.0,9.0,0.0,6.0,11.0,2.0,4.0,1.0,0.0,1.11,9.5,19.0,H
2022-2023,15,2022-11-05,15:00,Sat,Wolves,Brighton,2.0,3.0,30732.0,Molineux Stadium,G Scott,2.0,2.0,8.0,19.0,5.0,8.0,4.0,9.0,15.0,11.0,2.0,0.0,1.0,0.0,3.3,3.3,2.25,A
2022-2023,15,2022-11-05,17:30,Sat,Everton,Leicester City,0.0,2.0,39206.0,Goodison Park,D Coote,0.0,1.0,12.0,22.0,2.0,8.0,8.0,3.0,9.0,5.0,0.0,0.0,0.0,0.0,2.4,3.3,3.0,A
2022-2023,15,2022-11-06,12:00,Sun,Chelsea,Arsenal,0.0,1.0,40142.0,Stamford Bridge,M Oliver,0.0,0.0,5.0,14.0,1.0,2.0,4.0,6.0,20.0,13.0,5.0,2.0,0.0,0.0,2.55,3.4,2.7,A
2022-2023,15,2022-11-06,14:00,Sun,West Ham,Crystal Palace,1.0,2.0,62451.0,London Stadium,P Tierney,1.0,1.0,5.0,15.0,2.0,6.0,2.0,5.0,10.0,7.0,1.0,1.0,0.0,0.0,1.9,3.4,4.2,A
2022-2023,15,2022-11-06,14:00,Sun,Southampton,Newcastle United,1.0,4.0,30402.0,St. Mary's Stadium,S Attwell,0.0,1.0,16.0,7.0,5.0,4.0,8.0,2.0,7.0,10.0,1.0,0.0,0.0,0.0,4.0,3.6,1.9,A
2022-2023,15,2022-11-06,14:00,Sun,Aston Villa,Manchester United,3.0,1.0,42058.0,Villa Park,A Taylor,2.0,1.0,6.0,8.0,4.0,3.0,3.0,5.0,6.0,12.0,3.0,3.0,0.0,0.0,3.3,3.8,2.1,H
2022-2023,15,2022-11-06,16:30,Sun,Tottenham,Liverpool,1.0,2.0,62008.0,Tottenham Hotspur Stadium,A Madley,0.0,2.0,14.0,13.0,5.0,6.0,5.0,3.0,10.0,8.0,0.0,0.0,0.0,0.0,3.3,3.6,2.1,A
2022-2023,16,2022-11-12,12:30,Sat,Manchester City,Brentford,1.0,2.0,52786.0,Etihad Stadium,P Bankes,1.0,1.0,29.0,10.0,6.0,8.0,10.0,2.0,9.0,7.0,2.0,2.0,0.0,0.0,1.14,8.0,17.0,A
2022-2023,16,2022-11-12,15:00,Sat,Tottenham,Leeds United,4.0,3.0,61667.0,Tottenham Hotspur Stadium,M Salisbury,1.0,2.0,14.0,12.0,8.0,5.0,9.0,2.0,8.0,7.0,1.0,1.0,0.0,1.0,1.65,4.2,4.75,H
2022-2023,16,2022-11-12,15:00,Sat,Liverpool,Southampton,3.0,1.0,53331.0,Anfield,S Hooper,3.0,1.0,15.0,9.0,7.0,5.0,6.0,0.0,8.0,8.0,0.0,2.0,0.0,0.0,1.25,6.5,11.0,H
2022-2023,16,2022-11-12,15:00,Sat,Bournemouth,Everton,3.0,0.0,10382.0,Vitality Stadium,C Pawson,2.0,0.0,16.0,15.0,9.0,3.0,3.0,5.0,12.0,8.0,2.0,0.0,0.0,0.0,2.8,3.25,2.6,H
2022-2023,16,2022-11-12,15:00,Sat,West Ham,Leicester City,0.0,2.0,62459.0,London Stadium,J Gillett,0.0,1.0,18.0,9.0,6.0,6.0,7.0,2.0,9.0,8.0,3.0,1.0,0.0,0.0,2.05,3.4,3.75,A
2022-2023,16,2022-11-12,15:00,Sat,Nottingham Forest,Crystal Palace,1.0,0.0,29045.0,The City Ground,J Brooks,0.0,0.0,9.0,8.0,2.0,0.0,1.0,5.0,11.0,13.0,1.0,4.0,0.0,0.0,3.1,3.1,2.45,H
2022-2023,16,2022-11-12,17:30,Sat,Newcastle United,Chelsea,1.0,0.0,52264.0,St James' Park,R Jones,0.0,0.0,10.0,5.0,3.0,2.0,5.0,3.0,14.0,11.0,3.0,2.0,0.0,0.0,2.35,3.4,3.0,H
2022-2023,16,2022-11-12,19:45,Sat,Wolves,Arsenal,0.0,2.0,34624.0,Molineux Stadium,S Attwell,0.0,0.0,11.0,14.0,2.0,4.0,6.0,4.0,5.0,6.0,3.0,2.0,0.0,0.0,6.0,4.2,1.55,A
2022-2023,16,2022-11-13,14:00,Sun,Brighton,Aston Villa,1.0,2.0,31581.0,The American Express Community Stadium,C Kavanagh,1.0,1.0,7.0,8.0,2.0,2.0,11.0,4.0,14.0,11.0,2.0,7.0,0.0,0.0,1.83,3.75,4.2,A
2022-2023,16,2022-11-13,16:30,Sun,Fulham,Manchester United,1.0,2.0,24246.0,Craven Cottage,P Tierney,0.0,1.0,14.0,14.0,7.0,9.0,10.0,3.0,9.0,10.0,1.0,1.0,0.0,0.0,3.8,3.8,1.9,A
2022-2023,17,2022-12-26,12:30,Mon,Brentford,Tottenham,2.0,2.0,17137.0,Brentford Community Stadium,D Coote,1.0,0.0,9.0,16.0,5.0,8.0,6.0,5.0,11.0,10.0,3.0,1.0,0.0,0.0,4.0,3.6,1.91,D
2022-2023,17,2022-12-26,15:00,Mon,Southampton,Brighton,1.0,3.0,31010.0,St. Mary's Stadium,R Jones,0.0,2.0,14.0,7.0,4.0,4.0,4.0,2.0,9.0,10.0,1.0,2.0,0.0,0.0,3.3,3.5,2.15,A
2022-2023,17,2022-12-26,15:00,Mon,Leicester City,Newcastle United,0.0,3.0,32185.0,King Power Stadium,J Gillett,0.0,3.0,8.0,12.0,2.0,5.0,5.0,5.0,9.0,6.0,0.0,0.0,0.0,0.0,3.25,3.5,2.2,A
2022-2023,17,2022-12-26,15:00,Mon,Crystal Palace,Fulham,0.0,3.0,25176.0,Selhurst Park,A Madley,0.0,1.0,4.0,23.0,0.0,11.0,1.0,8.0,12.0,15.0,0.0,0.0,2.0,0.0,2.05,3.6,3.5,A
2022-2023,17,2022-12-26,15:00,Mon,Everton,Wolves,1.0,2.0,39252.0,Goodison Park,C Pawson,1.0,1.0,12.0,7.0,6.0,4.0,2.0,2.0,9.0,22.0,1.0,6.0,0.0,0.0,2.3,3.25,3.2,A
2022-2023,17,2022-12-26,17:30,Mon,Aston Villa,Liverpool,1.0,3.0,42085.0,Villa Park,P Tierney,0.0,2.0,12.0,16.0,6.0,9.0,0.0,6.0,7.0,12.0,0.0,0.0,0.0,0.0,4.75,4.0,1.7,A
2022-2023,17,2022-12-26,20:00,Mon,Arsenal,West Ham,3.0,1.0,60125.0,Emirates Stadium,M Oliver,0.0,1.0,16.0,8.0,5.0,4.0,7.0,5.0,13.0,17.0,0.0,2.0,0.0,0.0,1.5,4.33,6.5,H
2022-2023,17,2022-12-27,17:30,Tue,Chelsea,Bournemouth,2.0,0.0,40046.0,Stamford Bridge,S Hooper,2.0,0.0,15.0,9.0,5.0,4.0,6.0,8.0,8.0,10.0,0.0,0.0,0.0,0.0,1.3,5.5,10.0,H
2022-2023,17,2022-12-27,20:00,Tue,Manchester United,Nottingham Forest,3.0,0.0,73608.0,Old Trafford,A Taylor,2.0,0.0,17.0,8.0,8.0,3.0,9.0,9.0,13.0,4.0,3.0,1.0,0.0,0.0,1.29,5.5,11.0,H
2022-2023,17,2022-12-28,20:00,Wed,Leeds United,Manchester City,1.0,3.0,36889.0,Elland Road,S Attwell,0.0,1.0,9.0,26.0,1.0,9.0,3.0,5.0,11.0,14.0,3.0,3.0,0.0,0.0,9.5,6.0,1.29,A
2022-2023,18,2022-12-30,19:45,Fri,West Ham,Brentford,0.0,2.0,62467.0,London Stadium,D England,0.0,2.0,20.0,9.0,5.0,6.0,8.0,1.0,9.0,5.0,1.0,0.0,0.0,0.0,2.0,3.6,3.6,A
2022-2023,18,2022-12-30,20:00,Fri,Liverpool,Leicester City,2.0,1.0,53343.0,Anfield,C Pawson,2.0,1.0,21.0,7.0,5.0,2.0,4.0,5.0,8.0,15.0,0.0,1.0,0.0,0.0,1.29,6.0,9.5,H
2022-2023,18,2022-12-31,12:30,Sat,Wolves,Manchester United,0.0,1.0,31658.0,Molineux Stadium,R Jones,0.0,0.0,10.0,16.0,3.0,6.0,7.0,5.0,11.0,11.0,1.0,3.0,0.0,0.0,4.0,3.6,1.91,A
2022-2023,18,2022-12-31,15:00,Sat,Newcastle United,Leeds United,0.0,0.0,52211.0,St James' Park,S Hooper,0.0,0.0,16.0,8.0,5.0,1.0,9.0,3.0,13.0,19.0,3.0,5.0,0.0,0.0,1.45,4.5,7.0,D
2022-2023,18,2022-12-31,15:00,Sat,Fulham,Southampton,2.0,1.0,24344.0,Craven Cottage,G Scott,1.0,0.0,8.0,9.0,2.0,3.0,4.0,4.0,8.0,13.0,0.0,1.0,0.0,0.0,1.95,3.6,3.75,H
2022-2023,18,2022-12-31,15:00,Sat,Manchester City,Everton,1.0,1.0,53444.0,Etihad Stadium,A Madley,1.0,0.0,16.0,2.0,3.0,1.0,7.0,1.0,13.0,14.0,3.0,4.0,0.0,0.0,1.13,9.0,19.0,D
2022-2023,18,2022-12-31,15:00,Sat,Bournemouth,Crystal Palace,0.0,2.0,9972.0,Vitality Stadium,A Marriner,0.0,2.0,6.0,15.0,2.0,6.0,2.0,7.0,17.0,11.0,4.0,1.0,0.0,0.0,2.8,3.3,2.5,A
2022-2023,18,2022-12-31,17:30,Sat,Brighton,Arsenal,2.0,4.0,31647.0,The American Express Community Stadium,A Taylor,0.0,2.0,9.0,14.0,5.0,7.0,7.0,4.0,7.0,11.0,3.0,3.0,0.0,0.0,3.4,3.5,2.1,A
2022-2023,18,2023-01-01,14:00,Sun,Tottenham,Aston Villa,0.0,2.0,61651.0,Tottenham Hotspur Stadium,J Brooks,0.0,0.0,6.0,13.0,2.0,4.0,5.0,3.0,15.0,10.0,4.0,3.0,0.0,0.0,1.67,4.0,5.0,A
2022-2023,18,2023-01-01,16:30,Sun,Nottingham Forest,Chelsea,1.0,1.0,29229.0,The City Ground,P Bankes,0.0,1.0,12.0,7.0,5.0,2.0,1.0,2.0,16.0,14.0,2.0,2.0,0.0,0.0,5.0,3.8,1.7,D
2022-2023,19,2023-01-02,17:30,Mon,Brentford,Liverpool,3.0,1.0,17163.0,Brentford Community Stadium,S Attwell,2.0,0.0,10.0,16.0,7.0,6.0,4.0,9.0,5.0,8.0,1.0,3.0,0.0,0.0,5.5,4.33,1.55,H
2022-2023,19,2023-01-03,19:45,Tue,Leicester City,Fulham,0.0,1.0,30813.0,King Power Stadium,D Bond,0.0,1.0,15.0,11.0,6.0,2.0,6.0,3.0,12.0,11.0,2.0,6.0,0.0,0.0,2.2,3.6,3.1,A
2022-2023,19,2023-01-03,19:45,Tue,Everton,Brighton,1.0,4.0,39103.0,Goodison Park,A Marriner,0.0,1.0,10.0,19.0,4.0,8.0,5.0,2.0,8.0,10.0,3.0,1.0,0.0,0.0,3.5,3.5,2.1,A
2022-2023,19,2023-01-03,19:45,Tue,Arsenal,Newcastle United,0.0,0.0,60319.0,Emirates Stadium,A Madley,0.0,0.0,17.0,8.0,4.0,1.0,5.0,5.0,10.0,16.0,4.0,4.0,0.0,0.0,1.8,3.8,4.33,D
2022-2023,19,2023-01-03,20:00,Tue,Manchester United,Bournemouth,3.0,0.0,73322.0,Old Trafford,M Salisbury,1.0,0.0,18.0,7.0,6.0,4.0,6.0,5.0,13.0,7.0,0.0,3.0,0.0,0.0,1.29,5.5,11.0,H
2022-2023,19,2023-01-04,19:30,Wed,Southampton,Nottingham Forest,0.0,1.0,30150.0,St. Mary's Stadium,T Bramall,0.0,1.0,8.0,11.0,0.0,1.0,6.0,2.0,14.0,17.0,2.0,2.0,0.0,0.0,2.0,3.5,3.8,A
2022-2023,19,2023-01-04,19:45,Wed,Leeds United,West Ham,2.0,2.0,36173.0,Elland Road,D Coote,1.0,1.0,14.0,15.0,6.0,2.0,8.0,1.0,11.0,18.0,3.0,1.0,0.0,0.0,2.6,3.5,2.6,D
2022-2023,19,2023-01-04,20:00,Wed,Aston Villa,Wolves,1.0,1.0,39978.0,Villa Park,J Gillett,0.0,1.0,13.0,10.0,4.0,3.0,7.0,8.0,6.0,12.0,1.0,3.0,0.0,0.0,1.95,3.6,4.0,D
2022-2023,19,2023-01-04,20:00,Wed,Crystal Palace,Tottenham,0.0,4.0,25132.0,Selhurst Park,M Oliver,0.0,0.0,19.0,14.0,4.0,6.0,10.0,4.0,11.0,8.0,1.0,2.0,0.0,0.0,3.4,3.5,2.15,A
2022-2023,19,2023-01-05,20:00,Thu,Chelsea,Manchester City,0.0,1.0,39998.0,Stamford Bridge,P Tierney,0.0,0.0,8.0,12.0,2.0,3.0,3.0,2.0,9.0,9.0,2.0,0.0,0.0,0.0,5.0,4.0,1.67,A
2022-2023,7,2023-01-12,20:00,Thu,Fulham,Chelsea,2.0,1.0,24460.0,Craven Cottage,D Coote,1.0,0.0,8.0,20.0,3.0,10.0,5.0,7.0,12.0,16.0,4.0,3.0,0.0,1.0,3.3,3.5,2.15,H
2022-2023,20,2023-01-13,20:00,Fri,Aston Villa,Leeds United,2.0,1.0,42008.0,Villa Park,M Oliver,1.0,0.0,11.0,16.0,5.0,4.0,0.0,11.0,12.0,8.0,2.0,2.0,0.0,0.0,1.91,3.6,4.0,H
2022-2023,20,2023-01-14,12:30,Sat,Manchester United,Manchester City,2.0,1.0,75546.0,Old Trafford,S Attwell,0.0,0.0,8.0,5.0,4.0,1.0,1.0,2.0,15.0,5.0,3.0,0.0,0.0,0.0,4.2,3.6,1.85,H
2022-2023,20,2023-01-14,15:00,Sat,Everton,Southampton,1.0,2.0,39305.0,Goodison Park,J Brooks,1.0,0.0,12.0,13.0,4.0,5.0,6.0,4.0,7.0,19.0,0.0,3.0,0.0,0.0,2.25,3.25,3.3,A
2022-2023,20,2023-01-14,15:00,Sat,Wolves,West Ham,1.0,0.0,31511.0,Molineux Stadium,S Hooper,0.0,0.0,17.0,16.0,4.0,4.0,4.0,3.0,10.0,7.0,0.0,2.0,0.0,0.0,2.63,3.3,2.7,H
2022-2023,20,2023-01-14,15:00,Sat,Nottingham Forest,Leicester City,2.0,0.0,29301.0,The City Ground,P Tierney,0.0,0.0,15.0,6.0,5.0,1.0,3.0,5.0,11.0,12.0,1.0,2.0,0.0,0.0,2.7,3.3,2.63,H
2022-2023,20,2023-01-14,15:00,Sat,Brighton,Liverpool,3.0,0.0,31645.0,The American Express Community Stadium,D England,0.0,0.0,16.0,6.0,9.0,2.0,7.0,1.0,8.0,15.0,1.0,3.0,0.0,0.0,3.4,3.6,2.1,H
2022-2023,20,2023-01-14,17:30,Sat,Brentford,Bournemouth,2.0,0.0,17031.0,Brentford Community Stadium,J Gillett,1.0,0.0,12.0,7.0,4.0,2.0,5.0,3.0,5.0,9.0,1.0,1.0,0.0,0.0,1.65,4.0,5.25,H
2022-2023,20,2023-01-15,14:00,Sun,Chelsea,Crystal Palace,1.0,0.0,40075.0,Stamford Bridge,P Bankes,0.0,0.0,15.0,10.0,5.0,5.0,11.0,7.0,10.0,17.0,2.0,5.0,0.0,0.0,1.62,4.0,5.25,H
2022-2023,20,2023-01-15,14:00,Sun,Newcastle United,Fulham,1.0,0.0,52247.0,St James' Park,R Jones,0.0,0.0,20.0,5.0,5.0,0.0,10.0,5.0,6.0,14.0,1.0,3.0,0.0,0.0,1.5,4.33,6.5,H
2022-2023,20,2023-01-15,16:30,Sun,Tottenham,Arsenal,0.0,2.0,61870.0,Tottenham Hotspur Stadium,C Pawson,0.0,2.0,17.0,14.0,7.0,5.0,4.0,3.0,16.0,15.0,4.0,2.0,0.0,0.0,3.1,3.6,2.2,A
2022-2023,7,2023-01-18,20:00,Wed,Crystal Palace,Manchester United,1.0,1.0,23343.0,Selhurst Park,R Jones,0.0,1.0,10.0,15.0,5.0,4.0,3.0,3.0,9.0,10.0,1.0,2.0,0.0,0.0,4.5,3.6,1.8,D
2022-2023,7,2023-01-19,20:00,Thu,Manchester City,Tottenham,4.0,2.0,53088.0,Etihad Stadium,S Hooper,0.0,2.0,16.0,9.0,6.0,3.0,8.0,3.0,10.0,14.0,1.0,2.0,0.0,0.0,1.36,5.0,8.5,H
2022-2023,21,2023-01-21,12:30,Sat,Liverpool,Chelsea,0.0,0.0,53126.0,Anfield,M Oliver,0.0,0.0,15.0,11.0,3.0,2.0,5.0,5.0,16.0,9.0,3.0,1.0,0.0,0.0,1.85,3.75,4.0,D
2022-2023,21,2023-01-21,15:00,Sat,Bournemouth,Nottingham Forest,1.0,1.0,10248.0,Vitality Stadium,A Madley,1.0,0.0,16.0,20.0,4.0,5.0,4.0,6.0,10.0,7.0,1.0,2.0,0.0,0.0,2.75,3.1,2.75,D
2022-2023,21,2023-01-21,15:00,Sat,Southampton,Aston Villa,0.0,1.0,30158.0,St. Mary's Stadium,M Salisbury,0.0,0.0,8.0,16.0,5.0,5.0,2.0,2.0,19.0,9.0,1.0,2.0,0.0,0.0,2.88,3.25,2.55,A
2022-2023,21,2023-01-21,15:00,Sat,Leicester City,Brighton,2.0,2.0,32056.0,King Power Stadium,T Bramall,1.0,1.0,9.0,13.0,2.0,4.0,5.0,6.0,9.0,9.0,0.0,1.0,0.0,0.0,3.6,3.5,2.05,D
2022-2023,21,2023-01-21,15:00,Sat,West Ham,Everton,2.0,0.0,62470.0,London Stadium,S Attwell,2.0,0.0,11.0,5.0,4.0,2.0,4.0,9.0,9.0,6.0,1.0,1.0,0.0,0.0,1.8,3.75,4.75,H
2022-2023,21,2023-01-21,17:30,Sat,Crystal Palace,Newcastle United,0.0,0.0,25350.0,Selhurst Park,C Pawson,0.0,0.0,6.0,16.0,1.0,7.0,3.0,15.0,13.0,7.0,4.0,2.0,0.0,0.0,4.4,3.5,1.85,D
2022-2023,21,2023-01-22,14:00,Sun,Manchester City,Wolves,3.0,0.0,53282.0,Etihad Stadium,D Coote,1.0,0.0,13.0,10.0,7.0,1.0,5.0,7.0,10.0,10.0,1.0,2.0,0.0,0.0,1.2,8.0,11.0,H
2022-2023,21,2023-01-22,14:00,Sun,Leeds United,Brentford,0.0,0.0,36260.0,Elland Road,P Bankes,0.0,0.0,9.0,6.0,5.0,0.0,2.0,3.0,10.0,18.0,2.0,2.0,0.0,0.0,2.38,3.6,2.88,D
2022-2023,21,2023-01-22,16:30,Sun,Arsenal,Manchester United,3.0,2.0,60325.0,Emirates Stadium,A Taylor,1.0,1.0,25.0,6.0,5.0,4.0,12.0,4.0,8.0,9.0,1.0,2.0,0.0,0.0,1.8,3.8,4.2,H
2022-2023,21,2023-01-23,20:00,Mon,Fulham,Tottenham,0.0,1.0,24190.0,Craven Cottage,P Tierney,0.0,1.0,10.0,10.0,5.0,3.0,3.0,8.0,10.0,10.0,1.0,3.0,0.0,0.0,3.3,3.6,2.1,A
2022-2023,22,2023-02-03,20:00,Fri,Chelsea,Fulham,0.0,0.0,40041.0,Stamford Bridge,S Attwell,0.0,0.0,12.0,10.0,3.0,4.0,6.0,2.0,16.0,12.0,1.0,4.0,0.0,0.0,1.62,4.0,5.25,D
2022-2023,22,2023-02-04,12:30,Sat,Everton,Arsenal,1.0,0.0,39314.0,Goodison Park,D Coote,0.0,0.0,12.0,15.0,4.0,3.0,7.0,5.0,13.0,8.0,4.0,1.0,0.0,0.0,8.5,4.5,1.4,H
2022-2023,22,2023-02-04,15:00,Sat,Aston Villa,Leicester City,2.0,4.0,42055.0,Villa Park,D England,2.0,3.0,19.0,9.0,4.0,5.0,11.0,3.0,10.0,10.0,0.0,2.0,0.0,0.0,1.95,3.6,3.8,A
2022-2023,22,2023-02-04,15:00,Sat,Wolves,Liverpool,3.0,0.0,31664.0,Molineux Stadium,P Tierney,2.0,0.0,12.0,22.0,6.0,4.0,2.0,7.0,9.0,7.0,1.0,1.0,0.0,0.0,4.0,3.8,1.85,H
2022-2023,22,2023-02-04,15:00,Sat,Manchester United,Crystal Palace,2.0,1.0,73420.0,Old Trafford,A Marriner,1.0,0.0,14.0,10.0,5.0,3.0,5.0,5.0,9.0,9.0,1.0,2.0,1.0,0.0,1.4,4.75,8.0,H
2022-2023,22,2023-02-04,15:00,Sat,Brighton,Bournemouth,1.0,0.0,31600.0,The American Express Community Stadium,C Pawson,0.0,0.0,20.0,12.0,6.0,2.0,7.0,3.0,14.0,7.0,3.0,1.0,0.0,0.0,1.33,5.25,8.5,H
2022-2023,22,2023-02-04,15:00,Sat,Brentford,Southampton,3.0,0.0,17051.0,Brentford Community Stadium,D Bond,2.0,0.0,14.0,14.0,4.0,6.0,4.0,4.0,10.0,9.0,1.0,2.0,0.0,0.0,1.85,3.6,4.2,H
2022-2023,22,2023-02-04,17:30,Sat,Newcastle United,West Ham,1.0,1.0,52256.0,St James' Park,P Bankes,1.0,1.0,8.0,10.0,2.0,1.0,4.0,2.0,11.0,13.0,2.0,1.0,0.0,0.0,1.6,3.8,6.0,D
2022-2023,22,2023-02-05,14:00,Sun,Nottingham Forest,Leeds United,1.0,0.0,29363.0,The City Ground,R Jones,1.0,0.0,6.0,10.0,2.0,4.0,0.0,2.0,15.0,14.0,4.0,2.0,0.0,0.0,2.63,3.3,2.7,H
2022-2023,22,2023-02-05,16:30,Sun,Tottenham,Manchester City,1.0,0.0,61747.0,Tottenham Hotspur Stadium,A Madley,1.0,0.0,12.0,15.0,3.0,5.0,4.0,6.0,19.0,14.0,2.0,3.0,1.0,0.0,4.33,4.2,1.73,H
2022-2023,8,2023-02-08,20:00,Wed,Manchester United,Leeds United,2.0,2.0,73456.0,Old Trafford,S Hooper,0.0,1.0,24.0,8.0,7.0,2.0,6.0,5.0,7.0,11.0,1.0,3.0,0.0,0.0,1.45,5.0,6.0,D
2022-2023,23,2023-02-11,12:30,Sat,West Ham,Chelsea,1.0,1.0,62471.0,London Stadium,C Pawson,1.0,1.0,10.0,12.0,2.0,4.0,5.0,6.0,9.0,11.0,1.0,1.0,0.0,0.0,3.3,3.3,2.25,D
2022-2023,23,2023-02-11,15:00,Sat,Leicester City,Tottenham,4.0,1.0,32184.0,King Power Stadium,M Salisbury,3.0,1.0,15.0,11.0,7.0,4.0,1.0,5.0,14.0,9.0,5.0,2.0,0.0,0.0,3.4,3.6,2.1,H
2022-2023,23,2023-02-11,15:00,Sat,Crystal Palace,Brighton,1.0,1.0,24827.0,Selhurst Park,M Oliver,0.0,0.0,6.0,17.0,1.0,7.0,1.0,6.0,10.0,11.0,4.0,1.0,0.0,0.0,3.8,3.5,2.0,D
2022-2023,23,2023-02-11,15:00,Sat,Arsenal,Brentford,1.0,1.0,60254.0,Emirates Stadium,P Bankes,0.0,0.0,23.0,9.0,7.0,2.0,7.0,4.0,9.0,9.0,0.0,2.0,0.0,0.0,1.44,4.75,7.0,D
2022-2023,23,2023-02-11,15:00,Sat,Southampton,Wolves,1.0,2.0,29751.0,St. Mary's Stadium,J Gillett,1.0,0.0,17.0,11.0,2.0,2.0,5.0,2.0,12.0,14.0,2.0,2.0,0.0,1.0,2.9,3.2,2.55,A
2022-2023,23,2023-02-11,15:00,Sat,Fulham,Nottingham Forest,2.0,0.0,24244.0,Craven Cottage,A Madley,1.0,0.0,16.0,10.0,3.0,1.0,5.0,4.0,9.0,11.0,0.0,1.0,0.0,0.0,1.91,3.5,4.33,H
2022-2023,23,2023-02-11,17:30,Sat,Bournemouth,Newcastle United,1.0,1.0,10419.0,Vitality Stadium,S Attwell,1.0,1.0,11.0,15.0,5.0,7.0,4.0,6.0,8.0,10.0,2.0,3.0,0.0,0.0,6.5,4.0,1.53,D
2022-2023,23,2023-02-12,14:00,Sun,Leeds United,Manchester United,0.0,2.0,36919.0,Elland Road,P Tierney,0.0,0.0,16.0,11.0,6.0,5.0,7.0,3.0,10.0,13.0,2.0,1.0,0.0,0.0,3.75,3.8,1.91,A
2022-2023,23,2023-02-12,16:30,Sun,Manchester City,Aston Villa,3.0,1.0,53392.0,Etihad Stadium,R Jones,3.0,0.0,17.0,6.0,9.0,2.0,8.0,4.0,13.0,14.0,1.0,2.0,0.0,0.0,1.25,6.5,11.0,H
2022-2023,23,2023-02-13,20:00,Mon,Liverpool,Everton,2.0,0.0,53027.0,Anfield,S Hooper,1.0,0.0,15.0,6.0,6.0,1.0,3.0,3.0,8.0,16.0,1.0,3.0,0.0,0.0,1.5,4.33,6.5,H
2022-2023,12,2023-02-15,19:30,Wed,Arsenal,Manchester City,1.0,3.0,60276.0,Emirates Stadium,A Taylor,1.0,1.0,10.0,9.0,1.0,6.0,1.0,3.0,11.0,15.0,2.0,3.0,0.0,0.0,2.9,3.5,2.35,A
2022-2023,24,2023-02-18,12:30,Sat,Aston Villa,Arsenal,2.0,4.0,42066.0,Villa Park,S Hooper,2.0,1.0,7.0,20.0,5.0,5.0,2.0,9.0,13.0,4.0,2.0,1.0,0.0,0.0,4.5,3.6,1.5,A
2022-2023,24,2023-02-18,15:00,Sat,Brighton,Fulham,0.0,1.0,31619.0,The American Express Community Stadium,D England,0.0,0.0,21.0,5.0,7.0,2.0,10.0,2.0,12.0,14.0,0.0,5.0,0.0,0.0,1.65,3.8,5.5,A
2022-2023,24,2023-02-18,15:00,Sat,Nottingham Forest,Manchester City,1.0,1.0,29365.0,The City Ground,G Scott,0.0,1.0,4.0,26.0,1.0,6.0,0.0,10.0,8.0,6.0,1.0,0.0,0.0,0.0,8.5,5.5,1.3,D
2022-2023,24,2023-02-18,15:00,Sat,Chelsea,Southampton,0.0,1.0,40152.0,Stamford Bridge,D Coote,0.0,1.0,17.0,8.0,5.0,5.0,8.0,2.0,16.0,24.0,3.0,6.0,0.0,0.0,1.4,4.75,8.5,A
2022-2023,24,2023-02-18,15:00,Sat,Everton,Leeds United,1.0,0.0,39232.0,Goodison Park,A Madley,0.0,0.0,15.0,8.0,6.0,0.0,6.0,4.0,8.0,6.0,2.0,3.0,0.0,0.0,2.4,3.3,3.0,H
2022-2023,24,2023-02-18,15:00,Sat,Wolves,Bournemouth,0.0,1.0,31222.0,Molineux Stadium,M Salisbury,0.0,0.0,15.0,5.0,4.0,1.0,12.0,2.0,12.0,10.0,3.0,3.0,0.0,0.0,1.67,3.6,6.0,A
2022-2023,24,2023-02-18,15:00,Sat,Brentford,Crystal Palace,1.0,1.0,17122.0,Brentford Community Stadium,P Tierney,0.0,0.0,12.0,10.0,5.0,4.0,2.0,6.0,10.0,8.0,2.0,2.0,0.0,0.0,1.83,3.5,4.5,D
2022-2023,24,2023-02-18,17:30,Sat,Newcastle United,Liverpool,0.0,2.0,52758.0,St James' Park,A Taylor,0.0,2.0,14.0,13.0,4.0,7.0,6.0,7.0,3.0,8.0,1.0,1.0,1.0,0.0,2.5,3.5,2.7,A
2022-2023,24,2023-02-19,14:00,Sun,Manchester United,Leicester City,3.0,0.0,73578.0,Old Trafford,S Attwell,1.0,0.0,26.0,19.0,8.0,3.0,6.0,6.0,9.0,9.0,0.0,2.0,0.0,0.0,1.62,4.33,5.25,H
2022-2023,24,2023-02-19,16:30,Sun,Tottenham,West Ham,2.0,0.0,61476.0,Tottenham Hotspur Stadium,M Oliver,0.0,0.0,16.0,6.0,6.0,1.0,4.0,7.0,16.0,10.0,2.0,1.0,0.0,0.0,1.75,3.6,4.75,H
2022-2023,25,2023-02-24,20:00,Fri,Fulham,Wolves,1.0,1.0,24399.0,Craven Cottage,M Oliver,0.0,1.0,10.0,8.0,5.0,2.0,4.0,3.0,12.0,17.0,2.0,0.0,0.0,0.0,2.5,3.2,3.0,D
2022-2023,25,2023-02-25,15:00,Sat,Leicester City,Arsenal,0.0,1.0,32227.0,King Power Stadium,C Pawson,0.0,0.0,1.0,10.0,0.0,2.0,0.0,8.0,14.0,9.0,0.0,1.0,0.0,0.0,4.75,4.0,1.7,A
2022-2023,25,2023-02-25,15:00,Sat,Everton,Aston Villa,0.0,2.0,39309.0,Goodison Park,A Taylor,0.0,0.0,15.0,9.0,5.0,5.0,5.0,1.0,12.0,12.0,2.0,1.0,0.0,0.0,2.5,3.2,3.0,A
2022-2023,25,2023-02-25,15:00,Sat,West Ham,Nottingham Forest,4.0,0.0,62469.0,London Stadium,J Gillett,0.0,0.0,18.0,8.0,5.0,3.0,12.0,3.0,8.0,5.0,0.0,0.0,0.0,0.0,1.75,3.6,5.0,H
2022-2023,25,2023-02-25,15:00,Sat,Leeds United,Southampton,1.0,0.0,36641.0,Elland Road,P Bankes,0.0,0.0,14.0,8.0,4.0,2.0,9.0,2.0,15.0,13.0,2.0,4.0,0.0,0.0,1.95,3.5,4.0,H
2022-2023,25,2023-02-25,17:30,Sat,Bournemouth,Manchester City,1.0,4.0,10481.0,Vitality Stadium,P Tierney,0.0,3.0,13.0,20.0,2.0,5.0,4.0,6.0,10.0,9.0,2.0,2.0,0.0,0.0,10.0,5.75,1.29,A
2022-2023,25,2023-02-25,19:45,Sat,Crystal Palace,Liverpool,0.0,0.0,25842.0,Selhurst Park,D England,0.0,0.0,6.0,12.0,0.0,4.0,5.0,3.0,11.0,14.0,2.0,5.0,0.0,0.0,4.75,3.8,1.73,D
2022-2023,25,2023-02-26,13:30,Sun,Tottenham,Chelsea,2.0,0.0,61613.0,Tottenham Hotspur Stadium,S Attwell,0.0,0.0,8.0,10.0,3.0,2.0,4.0,4.0,10.0,10.0,2.0,3.0,0.0,0.0,2.55,3.25,2.9,H
2022-2023,7,2023-03-01,19:45,Wed,Arsenal,Everton,4.0,0.0,60213.0,Emirates Stadium,M Oliver,2.0,0.0,15.0,8.0,5.0,5.0,5.0,1.0,5.0,12.0,0.0,2.0,0.0,0.0,1.36,4.75,10.0,H
2022-2023,7,2023-03-01,20:00,Wed,Liverpool,Wolves,2.0,0.0,53259.0,Anfield,P Tierney,0.0,0.0,15.0,4.0,6.0,1.0,5.0,2.0,13.0,14.0,2.0,3.0,0.0,0.0,1.5,4.75,6.0,H
2022-2023,26,2023-03-04,12:30,Sat,Manchester City,Newcastle United,2.0,0.0,53419.0,Etihad Stadium,S Hooper,1.0,0.0,11.0,5.0,3.0,2.0,8.0,4.0,8.0,13.0,2.0,4.0,0.0,0.0,1.45,4.5,7.0,H
2022-2023,26,2023-03-04,15:00,Sat,Arsenal,Bournemouth,3.0,2.0,60222.0,Emirates Stadium,C Kavanagh,0.0,1.0,31.0,4.0,9.0,4.0,17.0,1.0,6.0,8.0,0.0,2.0,0.0,0.0,1.22,7.0,12.0,H
2022-2023,26,2023-03-04,15:00,Sat,Aston Villa,Crystal Palace,1.0,0.0,41893.0,Villa Park,C Pawson,1.0,0.0,8.0,3.0,1.0,0.0,2.0,4.0,14.0,17.0,2.0,3.0,0.0,1.0,2.05,3.3,3.8,H
2022-2023,26,2023-03-04,15:00,Sat,Chelsea,Leeds United,1.0,0.0,39905.0,Stamford Bridge,M Oliver,0.0,0.0,13.0,11.0,3.0,2.0,5.0,7.0,10.0,7.0,2.0,0.0,0.0,0.0,1.62,4.0,5.5,H
2022-2023,26,2023-03-04,15:00,Sat,Brighton,West Ham,4.0,0.0,31523.0,The American Express Community Stadium,S Attwell,1.0,0.0,20.0,3.0,9.0,2.0,7.0,3.0,6.0,8.0,0.0,3.0,0.0,0.0,1.8,3.6,4.5,H
2022-2023,26,2023-03-04,15:00,Sat,Wolves,Tottenham,1.0,0.0,31585.0,Molineux Stadium,T Robinson,0.0,0.0,8.0,21.0,5.0,6.0,4.0,8.0,11.0,18.0,1.0,1.0,0.0,0.0,3.3,3.4,2.2,H
2022-2023,26,2023-03-04,17:30,Sat,Southampton,Leicester City,1.0,0.0,30139.0,St. Mary's Stadium,R Jones,1.0,0.0,11.0,11.0,5.0,0.0,3.0,4.0,12.0,11.0,4.0,2.0,0.0,0.0,2.75,3.3,2.6,H
2022-2023,26,2023-03-05,14:00,Sun,Nottingham Forest,Everton,2.0,2.0,29353.0,The City Ground,J Brooks,1.0,2.0,10.0,10.0,4.0,3.0,3.0,3.0,11.0,17.0,3.0,5.0,0.0,0.0,2.7,3.0,2.88,D
2022-2023,26,2023-03-05,16:30,Sun,Liverpool,Manchester United,7.0,0.0,53001.0,Anfield,A Madley,1.0,0.0,18.0,8.0,8.0,4.0,4.0,3.0,13.0,14.0,2.0,3.0,0.0,0.0,2.38,3.6,2.88,H
2022-2023,26,2023-03-06,20:00,Mon,Brentford,Fulham,3.0,2.0,17025.0,Brentford Community Stadium,A Taylor,1.0,1.0,14.0,9.0,6.0,5.0,2.0,3.0,12.0,17.0,0.0,3.0,0.0,0.0,1.95,3.6,3.75,H
2022-2023,27,2023-03-11,12:30,Sat,Bournemouth,Liverpool,1.0,0.0,10536.0,Vitality Stadium,J Brooks,1.0,0.0,5.0,15.0,2.0,6.0,3.0,8.0,7.0,9.0,2.0,1.0,0.0,0.0,7.5,5.0,1.4,H
2022-2023,27,2023-03-11,15:00,Sat,Leeds United,Brighton,2.0,2.0,36471.0,Elland Road,P Tierney,1.0,1.0,12.0,14.0,4.0,2.0,4.0,7.0,12.0,9.0,1.0,1.0,0.0,0.0,3.75,3.6,1.95,D
2022-2023,27,2023-03-11,15:00,Sat,Everton,Brentford,1.0,0.0,39274.0,Goodison Park,S Hooper,1.0,0.0,13.0,12.0,6.0,4.0,5.0,8.0,11.0,12.0,2.0,1.0,0.0,0.0,2.7,3.25,2.7,H
2022-2023,27,2023-03-11,15:00,Sat,Leicester City,Chelsea,1.0,3.0,32170.0,King Power Stadium,A Marriner,1.0,2.0,17.0,12.0,7.0,6.0,2.0,5.0,10.0,11.0,1.0,2.0,1.0,0.0,3.75,3.5,1.95,A
2022-2023,27,2023-03-11,15:00,Sat,Tottenham,Nottingham Forest,3.0,1.0,61460.0,Tottenham Hotspur Stadium,C Pawson,2.0,0.0,15.0,9.0,7.0,5.0,2.0,10.0,13.0,13.0,3.0,1.0,0.0,0.0,1.44,4.75,7.0,H
2022-2023,27,2023-03-11,17:30,Sat,Crystal Palace,Manchester City,0.0,1.0,25844.0,Selhurst Park,R Jones,0.0,0.0,4.0,14.0,0.0,4.0,2.0,6.0,11.0,17.0,2.0,2.0,0.0,0.0,9.0,4.75,1.36,A
2022-2023,27,2023-03-12,14:00,Sun,Manchester United,Southampton,0.0,0.0,73439.0,Old Trafford,A Taylor,0.0,0.0,10.0,17.0,4.0,4.0,7.0,8.0,12.0,9.0,2.0,0.0,0.0,0.0,1.36,5.0,9.0,D
2022-2023,27,2023-03-12,14:00,Sun,Fulham,Arsenal,0.0,3.0,24426.0,Craven Cottage,D Coote,0.0,3.0,12.0,15.0,2.0,7.0,4.0,8.0,10.0,9.0,0.0,1.0,0.0,0.0,6.0,4.0,1.57,A
2022-2023,27,2023-03-12,14:00,Sun,West Ham,Aston Villa,1.0,1.0,62472.0,London Stadium,C Kavanagh,1.0,1.0,17.0,12.0,6.0,4.0,13.0,2.0,8.0,6.0,1.0,0.0,0.0,0.0,2.2,3.3,3.4,D
2022-2023,27,2023-03-12,16:30,Sun,Newcastle United,Wolves,2.0,1.0,52240.0,St James' Park,A Madley,1.0,0.0,19.0,7.0,8.0,4.0,10.0,3.0,11.0,10.0,1.0,2.0,0.0,0.0,1.65,3.75,5.5,H
2022-2023,7,2023-03-15,19:30,Wed,Southampton,Brentford,0.0,2.0,30438.0,St. Mary's Stadium,M Salisbury,0.0,1.0,7.0,11.0,1.0,5.0,3.0,3.0,14.0,10.0,1.0,2.0,0.0,0.0,2.88,3.25,2.5,A
2022-2023,8,2023-03-15,19:30,Wed,Brighton,Crystal Palace,1.0,0.0,30933.0,The American Express Community Stadium,P Bankes,1.0,0.0,11.0,11.0,5.0,3.0,1.0,4.0,13.0,20.0,1.0,2.0,0.0,0.0,1.44,4.2,8.0,H
2022-2023,28,2023-03-17,20:00,Fri,Nottingham Forest,Newcastle United,1.0,2.0,29362.0,The City Ground,P Tierney,1.0,1.0,5.0,15.0,3.0,4.0,3.0,7.0,17.0,9.0,5.0,1.0,0.0,0.0,5.5,3.8,1.62,A
2022-2023,28,2023-03-18,15:00,Sat,Wolves,Leeds United,2.0,4.0,31570.0,Molineux Stadium,M Salisbury,0.0,1.0,23.0,11.0,8.0,4.0,5.0,4.0,15.0,9.0,3.0,5.0,1.0,0.0,2.25,3.2,3.3,A
2022-2023,28,2023-03-18,15:00,Sat,Brentford,Leicester City,1.0,1.0,17006.0,Brentford Community Stadium,D Bond,1.0,0.0,11.0,14.0,2.0,1.0,8.0,4.0,10.0,11.0,1.0,2.0,1.0,0.0,1.91,3.6,3.75,D
2022-2023,28,2023-03-18,15:00,Sat,Aston Villa,Bournemouth,3.0,0.0,41021.0,Villa Park,R Jones,1.0,0.0,20.0,10.0,9.0,3.0,9.0,6.0,8.0,13.0,1.0,4.0,0.0,0.0,1.7,3.8,5.0,H
2022-2023,28,2023-03-18,15:00,Sat,Southampton,Tottenham,3.0,3.0,30157.0,St. Mary's Stadium,S Hooper,0.0,1.0,19.0,17.0,7.0,3.0,10.0,3.0,13.0,8.0,1.0,1.0,0.0,0.0,4.75,3.6,1.75,D
2022-2023,28,2023-03-18,17:30,Sat,Chelsea,Everton,2.0,2.0,40025.0,Stamford Bridge,D England,0.0,0.0,20.0,12.0,7.0,3.0,8.0,2.0,8.0,12.0,2.0,2.0,0.0,0.0,1.5,4.2,7.5,D
2022-2023,28,2023-03-19,14:00,Sun,Arsenal,Crystal Palace,4.0,1.0,60247.0,Emirates Stadium,S Attwell,2.0,0.0,15.0,8.0,5.0,4.0,5.0,4.0,8.0,10.0,0.0,1.0,0.0,0.0,1.25,5.5,15.0,H
2022-2023,29,2023-04-01,12:30,Sat,Manchester City,Liverpool,4.0,1.0,52877.0,Etihad Stadium,S Hooper,1.0,1.0,17.0,4.0,8.0,1.0,7.0,1.0,9.0,12.0,1.0,1.0,0.0,0.0,1.62,4.2,5.0,H
2022-2023,29,2023-04-01,15:00,Sat,Arsenal,Leeds United,4.0,1.0,60283.0,Emirates Stadium,D England,1.0,0.0,13.0,7.0,6.0,5.0,4.0,3.0,11.0,13.0,0.0,2.0,0.0,0.0,1.29,6.0,9.0,H
2022-2023,29,2023-04-01,15:00,Sat,Nottingham Forest,Wolves,1.0,1.0,29368.0,The City Ground,C Kavanagh,1.0,0.0,17.0,8.0,7.0,1.0,4.0,3.0,14.0,13.0,3.0,5.0,0.0,0.0,3.0,3.1,2.55,D
2022-2023,29,2023-04-01,15:00,Sat,Brighton,Brentford,3.0,3.0,31493.0,The American Express Community Stadium,M Oliver,2.0,2.0,33.0,7.0,15.0,5.0,14.0,0.0,16.0,10.0,2.0,1.0,0.0,0.0,1.67,4.0,5.0,D
2022-2023,29,2023-04-01,15:00,Sat,Crystal Palace,Leicester City,2.0,1.0,25147.0,Selhurst Park,T Robinson,0.0,0.0,31.0,3.0,9.0,2.0,10.0,1.0,12.0,16.0,3.0,4.0,0.0,0.0,2.5,3.25,2.9,H
2022-2023,29,2023-04-01,15:00,Sat,Bournemouth,Fulham,2.0,1.0,10305.0,Vitality Stadium,P Bankes,0.0,1.0,12.0,10.0,7.0,2.0,4.0,3.0,15.0,13.0,1.0,4.0,0.0,0.0,2.55,3.3,2.8,H
2022-2023,29,2023-04-01,17:30,Sat,Chelsea,Aston Villa,0.0,2.0,40082.0,Stamford Bridge,A Madley,0.0,1.0,27.0,5.0,8.0,2.0,13.0,2.0,14.0,16.0,3.0,3.0,0.0,0.0,1.67,3.8,5.25,A
2022-2023,29,2023-04-02,14:00,Sun,West Ham,Southampton,1.0,0.0,62498.0,London Stadium,P Tierney,1.0,0.0,12.0,9.0,2.0,3.0,5.0,3.0,10.0,11.0,0.0,2.0,0.0,0.0,1.73,3.6,5.0,H
2022-2023,29,2023-04-02,16:30,Sun,Newcastle United,Manchester United,2.0,0.0,52268.0,St James' Park,S Attwell,0.0,0.0,22.0,6.0,6.0,1.0,7.0,4.0,8.0,12.0,0.0,0.0,0.0,0.0,2.4,3.4,2.9,H
2022-2023,29,2023-04-03,20:00,Mon,Everton,Tottenham,1.0,1.0,39294.0,Goodison Park,D Coote,0.0,0.0,15.0,8.0,6.0,2.0,3.0,3.0,10.0,14.0,0.0,3.0,1.0,1.0,3.4,3.3,2.2,D
2022-2023,7,2023-04-04,19:45,Tue,Leeds United,Nottingham Forest,2.0,1.0,36740.0,Elland Road,R Jones,2.0,1.0,21.0,13.0,6.0,1.0,11.0,4.0,11.0,13.0,1.0,4.0,0.0,0.0,1.7,3.75,5.0,H
2022-2023,7,2023-04-04,19:45,Tue,Bournemouth,Brighton,0.0,2.0,10266.0,Vitality Stadium,D Bond,0.0,1.0,14.0,16.0,3.0,6.0,5.0,5.0,11.0,5.0,1.0,1.0,0.0,0.0,6.0,4.2,1.53,A
2022-2023,7,2023-04-04,19:45,Tue,Leicester City,Aston Villa,1.0,2.0,32087.0,King Power Stadium,G Scott,1.0,1.0,9.0,15.0,4.0,5.0,4.0,8.0,10.0,14.0,2.0,0.0,1.0,0.0,2.55,3.3,2.75,A
2022-2023,8,2023-04-04,20:00,Tue,Chelsea,Liverpool,0.0,0.0,40093.0,Stamford Bridge,A Taylor,0.0,0.0,12.0,7.0,3.0,4.0,3.0,5.0,6.0,17.0,1.0,4.0,0.0,0.0,2.2,3.4,3.25,D
2022-2023,7,2023-04-05,20:00,Wed,West Ham,Newcastle United,1.0,5.0,62481.0,London Stadium,C Pawson,1.0,2.0,7.0,15.0,2.0,8.0,7.0,6.0,11.0,12.0,2.0,1.0,0.0,0.0,3.6,3.25,2.15,A
2022-2023,25,2023-04-05,20:00,Wed,Manchester United,Brentford,1.0,0.0,73309.0,Old Trafford,J Brooks,1.0,0.0,18.0,6.0,3.0,1.0,12.0,3.0,8.0,13.0,3.0,2.0,0.0,0.0,1.65,4.0,5.0,H
2022-2023,30,2023-04-08,12:30,Sat,Manchester United,Everton,2.0,0.0,73509.0,Old Trafford,M Oliver,1.0,0.0,29.0,15.0,11.0,1.0,10.0,4.0,10.0,9.0,0.0,0.0,0.0,0.0,1.5,4.33,6.5,H
2022-2023,30,2023-04-08,15:00,Sat,Fulham,West Ham,0.0,1.0,24491.0,Craven Cottage,J Gillett,0.0,1.0,16.0,9.0,3.0,5.0,11.0,4.0,10.0,12.0,1.0,1.0,0.0,0.0,2.8,3.25,2.63,A
2022-2023,30,2023-04-08,15:00,Sat,Aston Villa,Nottingham Forest,2.0,0.0,42076.0,Villa Park,A Taylor,0.0,0.0,8.0,6.0,3.0,2.0,1.0,8.0,7.0,17.0,3.0,4.0,0.0,0.0,1.6,4.2,5.25,H
2022-2023,30,2023-04-08,15:00,Sat,Leicester City,Bournemouth,0.0,1.0,32094.0,King Power Stadium,D Coote,0.0,1.0,14.0,19.0,4.0,7.0,6.0,6.0,10.0,13.0,0.0,3.0,0.0,0.0,1.83,3.75,4.2,A
2022-2023,30,2023-04-08,15:00,Sat,Brentford,Newcastle United,1.0,2.0,17107.0,Brentford Community Stadium,C Kavanagh,1.0,0.0,12.0,10.0,6.0,4.0,6.0,5.0,10.0,15.0,0.0,0.0,0.0,0.0,3.6,3.4,2.05,A
2022-2023,30,2023-04-08,15:00,Sat,Wolves,Chelsea,1.0,0.0,31614.0,Molineux Stadium,P Bankes,1.0,0.0,9.0,13.0,4.0,1.0,8.0,8.0,14.0,10.0,2.0,5.0,0.0,0.0,4.2,3.5,1.91,H
2022-2023,30,2023-04-08,15:00,Sat,Tottenham,Brighton,2.0,1.0,61405.0,Tottenham Hotspur Stadium,S Attwell,1.0,1.0,9.0,17.0,3.0,4.0,3.0,7.0,15.0,15.0,3.0,1.0,0.0,0.0,2.55,3.5,2.7,H
2022-2023,30,2023-04-08,17:30,Sat,Southampton,Manchester City,1.0,4.0,30963.0,St. Mary's Stadium,R Jones,0.0,1.0,4.0,13.0,1.0,8.0,0.0,10.0,6.0,10.0,0.0,2.0,0.0,0.0,11.0,6.0,1.25,A
2022-2023,30,2023-04-09,14:00,Sun,Leeds United,Crystal Palace,1.0,5.0,36427.0,Elland Road,S Hooper,1.0,1.0,11.0,16.0,7.0,8.0,2.0,4.0,11.0,8.0,3.0,1.0,0.0,0.0,2.1,3.4,3.6,A
2022-2023,30,2023-04-09,16:30,Sun,Liverpool,Arsenal,2.0,2.0,53267.0,Anfield,P Tierney,1.0,2.0,21.0,9.0,6.0,5.0,5.0,4.0,11.0,11.0,4.0,4.0,0.0,0.0,2.88,3.6,2.38,D
2022-2023,31,2023-04-15,12:30,Sat,Aston Villa,Newcastle United,3.0,0.0,42055.0,Villa Park,J Brooks,1.0,0.0,16.0,8.0,6.0,2.0,7.0,2.0,13.0,15.0,1.0,1.0,0.0,0.0,3.6,3.4,2.05,H
2022-2023,31,2023-04-15,15:00,Sat,Chelsea,Brighton,1.0,2.0,40126.0,Stamford Bridge,R Jones,1.0,1.0,8.0,26.0,2.0,10.0,2.0,8.0,11.0,11.0,2.0,2.0,0.0,0.0,2.63,3.4,2.63,A
2022-2023,31,2023-04-15,15:00,Sat,Southampton,Crystal Palace,0.0,2.0,30309.0,St. Mary's Stadium,M Oliver,0.0,0.0,11.0,9.0,4.0,2.0,6.0,2.0,6.0,13.0,3.0,1.0,0.0,0.0,2.8,3.1,2.7,A
2022-2023,31,2023-04-15,15:00,Sat,Wolves,Brentford,2.0,0.0,30769.0,Molineux Stadium,P Tierney,1.0,0.0,11.0,10.0,9.0,3.0,5.0,2.0,12.0,8.0,1.0,1.0,0.0,0.0,2.45,3.1,3.0,H
2022-2023,31,2023-04-15,15:00,Sat,Tottenham,Bournemouth,2.0,3.0,61369.0,Tottenham Hotspur Stadium,A Madley,1.0,1.0,24.0,6.0,8.0,6.0,8.0,1.0,8.0,9.0,1.0,2.0,0.0,0.0,1.45,4.5,7.0,A
2022-2023,31,2023-04-15,15:00,Sat,Everton,Fulham,1.0,3.0,39241.0,Goodison Park,A Taylor,1.0,1.0,15.0,21.0,7.0,7.0,4.0,8.0,10.0,6.0,3.0,2.0,0.0,0.0,2.05,3.4,3.7,A
2022-2023,31,2023-04-15,17:30,Sat,Manchester City,Leicester City,3.0,1.0,53329.0,Etihad Stadium,D England,3.0,0.0,12.0,10.0,4.0,4.0,6.0,2.0,8.0,8.0,1.0,1.0,0.0,0.0,1.14,8.5,15.0,H
2022-2023,31,2023-04-16,14:00,Sun,West Ham,Arsenal,2.0,2.0,62481.0,London Stadium,D Coote,1.0,2.0,16.0,11.0,3.0,5.0,7.0,2.0,11.0,8.0,1.0,2.0,0.0,0.0,6.0,4.2,1.55,D
2022-2023,31,2023-04-16,16:30,Sun,Nottingham Forest,Manchester United,0.0,2.0,29435.0,The City Ground,S Hooper,0.0,1.0,6.0,22.0,0.0,8.0,4.0,9.0,9.0,9.0,2.0,2.0,0.0,0.0,5.5,4.0,1.62,A
2022-2023,31,2023-04-17,20:00,Mon,Leeds United,Liverpool,1.0,6.0,36657.0,Elland Road,C Pawson,0.0,2.0,13.0,13.0,3.0,7.0,4.0,2.0,6.0,12.0,0.0,1.0,0.0,0.0,4.2,4.2,1.73,A
2022-2023,32,2023-04-21,20:00,Fri,Arsenal,Southampton,3.0,3.0,60175.0,Emirates Stadium,S Hooper,1.0,2.0,25.0,8.0,6.0,6.0,7.0,2.0,10.0,14.0,1.0,5.0,0.0,0.0,1.2,7.0,13.0,D
2022-2023,32,2023-04-22,12:30,Sat,Fulham,Leeds United,2.0,1.0,24356.0,Craven Cottage,P Bankes,0.0,0.0,12.0,10.0,5.0,2.0,8.0,6.0,10.0,15.0,1.0,4.0,0.0,0.0,2.3,3.4,3.1,H
2022-2023,32,2023-04-22,15:00,Sat,Crystal Palace,Everton,0.0,0.0,25202.0,Selhurst Park,J Brooks,0.0,0.0,12.0,10.0,2.0,5.0,8.0,1.0,12.0,14.0,1.0,1.0,0.0,1.0,2.05,3.2,3.75,D
2022-2023,32,2023-04-22,15:00,Sat,Brentford,Aston Villa,1.0,1.0,17098.0,Brentford Community Stadium,M Salisbury,0.0,0.0,6.0,14.0,5.0,2.0,8.0,4.0,12.0,8.0,3.0,2.0,0.0,0.0,2.5,3.25,2.88,D
2022-2023,32,2023-04-22,15:00,Sat,Liverpool,Nottingham Forest,3.0,2.0,53254.0,Anfield,M Oliver,0.0,0.0,18.0,11.0,6.0,5.0,9.0,3.0,9.0,12.0,0.0,1.0,0.0,0.0,1.17,7.5,17.0,H
2022-2023,32,2023-04-22,15:00,Sat,Leicester City,Wolves,2.0,1.0,32053.0,King Power Stadium,A Madley,1.0,1.0,15.0,16.0,8.0,3.0,1.0,7.0,17.0,16.0,1.0,3.0,0.0,0.0,2.38,3.3,3.0,H
2022-2023,32,2023-04-23,14:00,Sun,Bournemouth,West Ham,0.0,4.0,10465.0,Vitality Stadium,A Taylor,0.0,3.0,17.0,18.0,5.0,10.0,8.0,5.0,7.0,8.0,1.0,2.0,0.0,0.0,2.88,3.2,2.55,A
2022-2023,32,2023-04-23,14:00,Sun,Newcastle United,Tottenham,6.0,1.0,52252.0,St James' Park,D Coote,5.0,0.0,25.0,11.0,8.0,3.0,9.0,3.0,7.0,13.0,0.0,3.0,0.0,0.0,1.83,3.75,4.2,H
2022-2023,33,2023-04-25,19:30,Tue,Wolves,Crystal Palace,2.0,0.0,30294.0,Molineux Stadium,R Jones,1.0,0.0,9.0,14.0,3.0,4.0,6.0,11.0,13.0,14.0,5.0,4.0,0.0,0.0,2.45,3.2,3.0,H
2022-2023,33,2023-04-25,19:45,Tue,Aston Villa,Fulham,1.0,0.0,41046.0,Villa Park,T Bramall,1.0,0.0,14.0,1.0,3.0,0.0,8.0,2.0,6.0,18.0,3.0,2.0,0.0,0.0,1.75,4.0,4.2,H
2022-2023,33,2023-04-25,20:00,Tue,Leeds United,Leicester City,1.0,1.0,36666.0,Elland Road,P Tierney,1.0,0.0,13.0,15.0,3.0,3.0,3.0,6.0,14.0,15.0,4.0,2.0,0.0,0.0,2.3,3.5,3.0,D
2022-2023,33,2023-04-26,19:30,Wed,Nottingham Forest,Brighton,3.0,1.0,28808.0,The City Ground,J Gillett,1.0,1.0,12.0,17.0,5.0,7.0,2.0,7.0,7.0,8.0,2.0,0.0,0.0,0.0,6.0,4.2,1.53,H
2022-2023,33,2023-04-26,19:45,Wed,Chelsea,Brentford,0.0,2.0,39929.0,Stamford Bridge,A Madley,0.0,1.0,15.0,7.0,4.0,1.0,5.0,2.0,5.0,13.0,1.0,2.0,0.0,0.0,1.7,4.0,4.75,A
2022-2023,33,2023-04-26,19:45,Wed,West Ham,Liverpool,1.0,2.0,62473.0,London Stadium,C Kavanagh,1.0,1.0,7.0,20.0,2.0,4.0,3.0,6.0,6.0,8.0,0.0,0.0,0.0,0.0,3.9,3.9,1.85,A
2022-2023,33,2023-04-26,20:00,Wed,Manchester City,Arsenal,4.0,1.0,53482.0,Etihad Stadium,M Oliver,2.0,0.0,14.0,8.0,9.0,2.0,1.0,3.0,13.0,13.0,3.0,1.0,0.0,0.0,1.55,4.5,5.25,H
2022-2023,33,2023-04-27,19:45,Thu,Everton,Newcastle United,1.0,4.0,39248.0,Goodison Park,A Marriner,0.0,1.0,13.0,15.0,5.0,8.0,3.0,14.0,8.0,6.0,2.0,1.0,0.0,0.0,4.75,3.6,1.73,A
2022-2023,33,2023-04-27,19:45,Thu,Southampton,Bournemouth,0.0,1.0,30414.0,St. Mary's Stadium,D England,0.0,0.0,11.0,16.0,2.0,2.0,6.0,4.0,9.0,11.0,0.0,3.0,0.0,0.0,2.25,3.4,3.2,A
2022-2023,33,2023-04-27,20:15,Thu,Tottenham,Manchester United,2.0,2.0,61586.0,Tottenham Hotspur Stadium,A Taylor,0.0,2.0,18.0,17.0,7.0,8.0,6.0,8.0,8.0,7.0,1.0,2.0,0.0,0.0,2.8,3.6,2.4,D
2022-2023,34,2023-04-29,12:30,Sat,Crystal Palace,West Ham,4.0,3.0,25148.0,Selhurst Park,C Pawson,3.0,2.0,16.0,8.0,6.0,4.0,8.0,5.0,9.0,17.0,1.0,2.0,0.0,0.0,2.63,3.25,2.75,H
2022-2023,34,2023-04-29,15:00,Sat,Brighton,Wolves,6.0,0.0,31584.0,The American Express Community Stadium,D Coote,4.0,0.0,22.0,10.0,8.0,2.0,2.0,5.0,14.0,11.0,1.0,1.0,0.0,0.0,1.5,4.33,6.5,H
2022-2023,34,2023-04-29,15:00,Sat,Brentford,Nottingham Forest,2.0,1.0,17080.0,Brentford Community Stadium,P Bankes,0.0,1.0,14.0,5.0,8.0,3.0,6.0,0.0,6.0,13.0,1.0,2.0,0.0,0.0,1.65,3.8,5.5,H
2022-2023,34,2023-04-30,14:00,Sun,Manchester United,Aston Villa,1.0,0.0,73592.0,Old Trafford,J Gillett,1.0,0.0,14.0,7.0,6.0,1.0,1.0,4.0,16.0,7.0,2.0,0.0,0.0,0.0,1.73,3.9,4.6,H
2022-2023,34,2023-04-30,14:00,Sun,Bournemouth,Leeds United,4.0,1.0,10434.0,Vitality Stadium,C Kavanagh,2.0,1.0,12.0,15.0,7.0,6.0,2.0,6.0,12.0,14.0,1.0,0.0,0.0,0.0,2.55,3.5,2.7,H
2022-2023,34,2023-04-30,14:00,Sun,Newcastle United,Southampton,3.0,1.0,52234.0,St James' Park,A Taylor,0.0,1.0,22.0,4.0,5.0,3.0,11.0,2.0,7.0,10.0,1.0,4.0,0.0,0.0,1.3,5.25,10.0,H
2022-2023,34,2023-04-30,14:00,Sun,Fulham,Manchester City,1.0,2.0,24498.0,Craven Cottage,S Hooper,1.0,2.0,4.0,12.0,1.0,9.0,2.0,5.0,9.0,10.0,1.0,3.0,0.0,0.0,12.0,6.0,1.25,A
2022-2023,34,2023-04-30,16:30,Sun,Liverpool,Tottenham,4.0,3.0,53275.0,Anfield,P Tierney,3.0,1.0,12.0,10.0,4.0,7.0,5.0,2.0,12.0,6.0,3.0,2.0,0.0,0.0,1.53,4.5,5.75,H
2022-2023,34,2023-05-01,20:00,Mon,Leicester City,Everton,2.0,2.0,32173.0,King Power Stadium,M Oliver,2.0,1.0,15.0,23.0,6.0,8.0,2.0,9.0,10.0,12.0,4.0,1.0,0.0,0.0,2.0,3.5,3.75,D
2022-2023,34,2023-05-02,20:00,Tue,Arsenal,Chelsea,3.0,1.0,60144.0,Emirates Stadium,R Jones,3.0,0.0,16.0,7.0,10.0,4.0,7.0,2.0,10.0,10.0,0.0,2.0,0.0,0.0,1.6,4.0,5.5,H
2022-2023,28,2023-05-03,20:00,Wed,Liverpool,Fulham,1.0,0.0,52602.0,Anfield,S Attwell,1.0,0.0,15.0,9.0,3.0,3.0,7.0,5.0,10.0,8.0,0.0,0.0,0.0,0.0,1.25,5.75,11.0,H
2022-2023,28,2023-05-03,20:00,Wed,Manchester City,West Ham,3.0,0.0,53305.0,Etihad Stadium,J Brooks,0.0,0.0,16.0,6.0,7.0,2.0,6.0,3.0,8.0,8.0,0.0,1.0,0.0,0.0,1.2,7.0,13.0,H
2022-2023,28,2023-05-04,20:00,Thu,Brighton,Manchester United,1.0,0.0,31577.0,The American Express Community Stadium,A Marriner,0.0,0.0,22.0,16.0,6.0,5.0,8.0,6.0,10.0,14.0,4.0,4.0,0.0,0.0,1.95,3.5,3.75,H
2022-2023,35,2023-05-06,15:00,Sat,Tottenham,Crystal Palace,1.0,0.0,61093.0,Tottenham Hotspur Stadium,D England,1.0,0.0,8.0,7.0,3.0,2.0,8.0,4.0,15.0,14.0,3.0,5.0,0.0,0.0,1.8,3.8,4.2,H
2022-2023,35,2023-05-06,15:00,Sat,Wolves,Aston Villa,1.0,0.0,31641.0,Molineux Stadium,S Attwell,1.0,0.0,6.0,16.0,2.0,3.0,5.0,6.0,20.0,9.0,3.0,3.0,0.0,0.0,2.88,3.3,2.5,H
2022-2023,35,2023-05-06,15:00,Sat,Bournemouth,Chelsea,1.0,3.0,10357.0,Vitality Stadium,J Brooks,1.0,1.0,10.0,11.0,4.0,5.0,7.0,7.0,9.0,11.0,1.0,3.0,0.0,0.0,3.3,3.5,2.15,A
2022-2023,35,2023-05-06,15:00,Sat,Manchester City,Leeds United,2.0,1.0,53406.0,Etihad Stadium,A Madley,2.0,0.0,18.0,4.0,6.0,2.0,10.0,1.0,3.0,16.0,0.0,3.0,0.0,0.0,1.17,8.5,15.0,H
2022-2023,35,2023-05-06,17:30,Sat,Liverpool,Brentford,1.0,0.0,52838.0,Anfield,A Taylor,1.0,0.0,15.0,5.0,5.0,1.0,7.0,3.0,19.0,10.0,4.0,2.0,0.0,0.0,1.44,5.0,6.0,H
2022-2023,35,2023-05-07,16:30,Sun,Newcastle United,Arsenal,0.0,2.0,50267.0,St James' Park,C Kavanagh,0.0,1.0,12.0,10.0,5.0,6.0,9.0,4.0,16.0,12.0,2.0,1.0,0.0,0.0,2.45,3.75,2.63,A
2022-2023,35,2023-05-07,19:00,Sun,West Ham,Manchester United,1.0,0.0,62477.0,London Stadium,P Bankes,1.0,0.0,15.0,19.0,4.0,4.0,5.0,6.0,4.0,9.0,0.0,2.0,0.0,0.0,3.4,3.75,2.05,H
2022-2023,35,2023-05-08,15:00,Mon,Fulham,Leicester City,5.0,3.0,24442.0,Craven Cottage,R Jones,3.0,0.0,17.0,18.0,7.0,9.0,2.0,7.0,13.0,15.0,0.0,3.0,0.0,0.0,2.63,3.5,2.6,H
2022-2023,35,2023-05-08,17:30,Mon,Brighton,Everton,1.0,5.0,31567.0,The American Express Community Stadium,S Hooper,0.0,3.0,23.0,10.0,5.0,5.0,15.0,1.0,11.0,13.0,1.0,5.0,0.0,0.0,1.33,5.25,9.0,A
2022-2023,35,2023-05-08,20:00,Mon,Nottingham Forest,Southampton,4.0,3.0,29154.0,The City Ground,M Oliver,3.0,1.0,9.0,19.0,4.0,5.0,2.0,11.0,16.0,10.0,1.0,0.0,0.0,0.0,2.1,3.6,3.4,H
2022-2023,36,2023-05-13,12:30,Sat,Leeds United,Newcastle United,2.0,2.0,36955.0,Elland Road,S Hooper,1.0,1.0,9.0,18.0,4.0,5.0,2.0,6.0,16.0,14.0,3.0,2.0,1.0,0.0,4.33,4.2,1.7,D
2022-2023,36,2023-05-13,15:00,Sat,Aston Villa,Tottenham,2.0,1.0,42164.0,Villa Park,P Bankes,1.0,0.0,8.0,5.0,4.0,2.0,8.0,3.0,9.0,14.0,3.0,3.0,0.0,0.0,2.25,3.6,2.9,H
2022-2023,36,2023-05-13,15:00,Sat,Chelsea,Nottingham Forest,2.0,2.0,40030.0,Stamford Bridge,P Tierney,0.0,1.0,14.0,11.0,6.0,2.0,2.0,5.0,13.0,15.0,3.0,1.0,0.0,0.0,1.5,4.5,6.0,D
2022-2023,36,2023-05-13,15:00,Sat,Crystal Palace,Bournemouth,2.0,0.0,25034.0,Selhurst Park,M Salisbury,1.0,0.0,17.0,5.0,5.0,0.0,11.0,2.0,5.0,12.0,0.0,2.0,0.0,0.0,1.83,3.6,4.2,H
2022-2023,36,2023-05-13,15:00,Sat,Southampton,Fulham,0.0,2.0,28978.0,St. Mary's Stadium,T Bramall,0.0,0.0,5.0,9.0,1.0,4.0,1.0,8.0,17.0,12.0,2.0,0.0,0.0,0.0,2.75,3.3,2.5,A
2022-2023,36,2023-05-13,15:00,Sat,Manchester United,Wolves,2.0,0.0,73570.0,Old Trafford,J Brooks,1.0,0.0,27.0,5.0,9.0,0.0,11.0,7.0,9.0,9.0,3.0,2.0,0.0,0.0,1.36,5.0,7.5,H
2022-2023,36,2023-05-14,14:00,Sun,Everton,Manchester City,0.0,3.0,39376.0,Goodison Park,A Taylor,0.0,2.0,7.0,9.0,3.0,4.0,8.0,6.0,12.0,4.0,1.0,0.0,0.0,0.0,9.0,4.75,1.36,A
2022-2023,36,2023-05-14,14:00,Sun,Brentford,West Ham,2.0,0.0,17075.0,Brentford Community Stadium,M Oliver,2.0,0.0,24.0,4.0,10.0,4.0,7.0,5.0,5.0,5.0,1.0,0.0,0.0,0.0,2.0,3.5,3.6,H
2022-2023,36,2023-05-14,16:30,Sun,Arsenal,Brighton,0.0,3.0,60139.0,Emirates Stadium,A Madley,0.0,0.0,14.0,12.0,2.0,6.0,5.0,2.0,13.0,17.0,1.0,2.0,0.0,0.0,1.73,4.2,4.2,A
2022-2023,36,2023-05-15,20:00,Mon,Leicester City,Liverpool,0.0,3.0,32225.0,King Power Stadium,C Pawson,0.0,2.0,4.0,16.0,4.0,5.0,4.0,4.0,11.0,17.0,2.0,1.0,0.0,0.0,5.25,4.33,1.57,A
2022-2023,25,2023-05-18,19:30,Thu,Newcastle United,Brighton,4.0,1.0,52122.0,St James' Park,R Jones,2.0,0.0,22.0,8.0,9.0,2.0,6.0,1.0,17.0,16.0,2.0,4.0,0.0,0.0,2.0,3.8,3.5,H
2022-2023,37,2023-05-20,12:30,Sat,Tottenham,Brentford,1.0,3.0,61514.0,Tottenham Hotspur Stadium,J Gillett,1.0,0.0,22.0,11.0,8.0,4.0,8.0,2.0,11.0,9.0,1.0,1.0,0.0,0.0,1.83,3.9,4.0,A
2022-2023,37,2023-05-20,15:00,Sat,Liverpool,Aston Villa,1.0,1.0,53306.0,Anfield,J Brooks,0.0,1.0,10.0,6.0,5.0,3.0,9.0,4.0,16.0,13.0,3.0,5.0,0.0,0.0,1.45,5.0,6.25,D
2022-2023,37,2023-05-20,15:00,Sat,Fulham,Crystal Palace,2.0,2.0,24356.0,Craven Cottage,J Smith,1.0,1.0,11.0,11.0,4.0,5.0,7.0,4.0,13.0,12.0,3.0,0.0,0.0,0.0,2.45,3.4,2.9,D
2022-2023,37,2023-05-20,15:00,Sat,Bournemouth,Manchester United,0.0,1.0,10240.0,Vitality Stadium,C Kavanagh,0.0,1.0,10.0,20.0,4.0,5.0,3.0,6.0,6.0,7.0,1.0,0.0,0.0,0.0,6.0,4.75,1.5,A
2022-2023,37,2023-05-20,15:00,Sat,Wolves,Everton,1.0,1.0,31684.0,Molineux Stadium,D Coote,1.0,0.0,13.0,19.0,5.0,4.0,1.0,7.0,18.0,10.0,5.0,1.0,0.0,0.0,2.75,3.3,2.6,D
2022-2023,37,2023-05-20,17:30,Sat,Nottingham Forest,Arsenal,1.0,0.0,29514.0,The City Ground,A Taylor,1.0,0.0,6.0,11.0,2.0,3.0,3.0,6.0,11.0,12.0,3.0,2.0,0.0,0.0,5.25,4.33,1.57,H
2022-2023,37,2023-05-21,13:30,Sun,West Ham,Leeds United,3.0,1.0,62478.0,London Stadium,P Bankes,1.0,1.0,19.0,12.0,9.0,3.0,9.0,5.0,6.0,11.0,1.0,3.0,0.0,0.0,2.4,3.5,2.88,H
2022-2023,37,2023-05-21,14:00,Sun,Brighton,Southampton,3.0,1.0,31507.0,The American Express Community Stadium,P Tierney,2.0,0.0,26.0,5.0,8.0,1.0,4.0,3.0,8.0,9.0,2.0,5.0,0.0,0.0,1.22,7.0,11.0,H
2022-2023,37,2023-05-21,16:00,Sun,Manchester City,Chelsea,1.0,0.0,53490.0,Etihad Stadium,M Oliver,1.0,0.0,15.0,13.0,2.0,6.0,5.0,2.0,12.0,9.0,0.0,2.0,0.0,0.0,1.25,6.0,11.0,H
2022-2023,37,2023-05-22,20:00,Mon,Newcastle United,Leicester City,0.0,0.0,52152.0,St James' Park,A Marriner,0.0,0.0,23.0,1.0,4.0,1.0,12.0,1.0,9.0,5.0,2.0,0.0,0.0,0.0,1.36,5.5,7.0,D
2022-2023,32,2023-05-24,20:00,Wed,Brighton,Manchester City,1.0,1.0,31388.0,The American Express Community Stadium,S Hooper,1.0,1.0,20.0,13.0,7.0,4.0,5.0,1.0,16.0,11.0,2.0,1.0,0.0,0.0,4.0,4.33,1.75,D
2022-2023,32,2023-05-25,20:00,Thu,Manchester United,Chelsea,4.0,1.0,73561.0,Old Trafford,S Attwell,2.0,0.0,18.0,14.0,9.0,5.0,3.0,4.0,12.0,6.0,1.0,1.0,0.0,0.0,1.6,4.33,5.0,H
2022-2023,38,2023-05-28,16:30,Sun,Crystal Palace,Nottingham Forest,1.0,1.0,25198.0,Selhurst Park,T Bramall,0.0,1.0,16.0,7.0,4.0,4.0,5.0,4.0,9.0,13.0,0.0,2.0,0.0,0.0,1.67,4.0,5.0,D
2022-2023,38,2023-05-28,16:30,Sun,Chelsea,Newcastle United,1.0,1.0,40130.0,Stamford Bridge,J Gillett,1.0,1.0,22.0,13.0,5.0,4.0,10.0,3.0,9.0,11.0,0.0,0.0,0.0,0.0,2.9,3.5,2.38,D
2022-2023,38,2023-05-28,16:30,Sun,Manchester United,Fulham,2.0,1.0,73465.0,Old Trafford,R Jones,1.0,1.0,21.0,10.0,8.0,3.0,5.0,4.0,14.0,10.0,1.0,2.0,0.0,0.0,1.5,4.33,6.0,H
2022-2023,38,2023-05-28,16:30,Sun,Arsenal,Wolves,5.0,0.0,60095.0,Emirates Stadium,A Marriner,3.0,0.0,14.0,6.0,8.0,0.0,8.0,4.0,8.0,11.0,0.0,0.0,0.0,0.0,1.36,5.25,8.0,H
2022-2023,38,2023-05-28,16:30,Sun,Southampton,Liverpool,4.0,4.0,31129.0,St. Mary's Stadium,D England,2.0,2.0,15.0,30.0,10.0,8.0,2.0,9.0,4.0,10.0,0.0,2.0,0.0,0.0,6.5,4.75,1.44,D
2022-2023,38,2023-05-28,16:30,Sun,Everton,Bournemouth,1.0,0.0,39201.0,Goodison Park,S Attwell,0.0,0.0,13.0,7.0,6.0,2.0,9.0,3.0,11.0,12.0,1.0,3.0,0.0,0.0,1.5,4.5,6.5,H
2022-2023,38,2023-05-28,16:30,Sun,Leicester City,West Ham,2.0,1.0,32183.0,King Power Stadium,S Hooper,1.0,0.0,13.0,16.0,4.0,3.0,3.0,5.0,8.0,10.0,1.0,1.0,0.0,0.0,1.91,3.8,3.6,H
2022-2023,38,2023-05-28,16:30,Sun,Aston Villa,Brighton,2.0,1.0,,Villa Park,D Coote,2.0,1.0,12.0,8.0,5.0,4.0,4.0,3.0,15.0,16.0,4.0,4.0,0.0,0.0,2.0,3.6,3.5,H
2022-2023,38,2023-05-28,16:30,Sun,Leeds United,Tottenham,1.0,4.0,36871.0,Elland Road,A Taylor,0.0,1.0,19.0,11.0,2.0,7.0,12.0,3.0,7.0,5.0,3.0,0.0,0.0,0.0,2.75,3.8,2.3,A
2022-2023,38,2023-05-28,16:30,Sun,Brentford,Manchester City,1.0,0.0,17120.0,Brentford Community Stadium,J Brooks,0.0,0.0,11.0,17.0,4.0,3.0,3.0,4.0,12.0,8.0,4.0,0.0,0.0,0.0,3.8,4.0,1.83,H
2023-2024,1,2023-08-11,20:00,Fri,Burnley,Manchester City,0.0,3.0,21572.0,Turf Moor,C Pawson,0.0,2.0,6.0,17.0,1.0,8.0,6.0,5.0,11.0,8.0,0.0,0.0,1.0,0.0,8.0,5.5,1.33,A
2023-2024,1,2023-08-12,12:30,Sat,Arsenal,Nottingham Forest,2.0,1.0,59984.0,Emirates Stadium,M Oliver,2.0,0.0,15.0,6.0,7.0,2.0,8.0,3.0,12.0,12.0,2.0,2.0,0.0,0.0,1.18,7.0,15.0,H
2023-2024,1,2023-08-12,15:00,Sat,Everton,Fulham,0.0,1.0,39940.0,Goodison Park,S Attwell,0.0,0.0,19.0,9.0,9.0,2.0,10.0,4.0,12.0,6.0,0.0,2.0,0.0,0.0,2.2,3.4,3.3,A
2023-2024,1,2023-08-12,15:00,Sat,Sheffield United,Crystal Palace,0.0,1.0,31194.0,Bramall Lane,J Brooks,0.0,0.0,8.0,24.0,1.0,8.0,5.0,5.0,18.0,11.0,3.0,0.0,0.0,0.0,3.0,3.3,2.38,A
2023-2024,1,2023-08-12,15:00,Sat,Brighton,Luton Town,4.0,1.0,31872.0,The American Express Community Stadium,D Coote,1.0,0.0,27.0,9.0,12.0,3.0,6.0,7.0,11.0,12.0,2.0,2.0,0.0,0.0,1.33,5.5,9.0,H
2023-2024,1,2023-08-12,15:00,Sat,Bournemouth,West Ham,1.0,1.0,11245.0,Vitality Stadium,P Bankes,0.0,0.0,14.0,16.0,5.0,3.0,10.0,4.0,9.0,14.0,1.0,4.0,0.0,0.0,2.7,3.4,2.55,D
2023-2024,1,2023-08-12,17:30,Sat,Newcastle United,Aston Villa,5.0,1.0,52207.0,St James' Park,A Madley,2.0,1.0,17.0,16.0,13.0,6.0,6.0,5.0,12.0,17.0,4.0,4.0,0.0,0.0,1.75,3.75,4.6,H
2023-2024,1,2023-08-13,14:00,Sun,Brentford,Tottenham,2.0,2.0,17066.0,Gtech Community Stadium,R Jones,2.0,2.0,11.0,18.0,6.0,6.0,3.0,6.0,12.0,13.0,1.0,4.0,0.0,0.0,2.75,3.4,2.45,D
2023-2024,1,2023-08-13,16:30,Sun,Chelsea,Liverpool,1.0,1.0,40096.0,Stamford Bridge,A Taylor,1.0,1.0,10.0,13.0,4.0,1.0,4.0,4.0,5.0,12.0,3.0,3.0,0.0,0.0,2.9,3.4,2.38,D
2023-2024,1,2023-08-14,20:00,Mon,Manchester United,Wolves,1.0,0.0,73358.0,Old Trafford,S Hooper,0.0,0.0,15.0,23.0,3.0,6.0,8.0,7.0,14.0,10.0,2.0,3.0,0.0,0.0,1.33,5.5,9.0,H
2023-2024,2,2023-08-18,19:45,Fri,Nottingham Forest,Sheffield United,2.0,1.0,29432.0,The City Ground,P Bankes,1.0,0.0,16.0,7.0,4.0,3.0,6.0,7.0,5.0,9.0,2.0,3.0,0.0,0.0,1.95,3.4,4.0,H
2023-2024,2,2023-08-19,15:00,Sat,Fulham,Brentford,0.0,3.0,24236.0,Craven Cottage,D Bond,0.0,1.0,10.0,17.0,2.0,8.0,5.0,5.0,13.0,12.0,2.0,2.0,1.0,0.0,2.7,3.3,2.63,A
2023-2024,2,2023-08-19,15:00,Sat,Liverpool,Bournemouth,3.0,1.0,53145.0,Anfield,T Bramall,2.0,1.0,26.0,13.0,10.0,5.0,10.0,2.0,11.0,13.0,1.0,3.0,1.0,0.0,1.2,7.0,13.0,H
2023-2024,2,2023-08-19,15:00,Sat,Wolves,Brighton,1.0,4.0,31317.0,Molineux Stadium,A Madley,0.0,1.0,16.0,16.0,5.0,8.0,5.0,3.0,14.0,11.0,3.0,6.0,1.0,0.0,4.0,3.8,1.85,A
2023-2024,2,2023-08-19,17:30,Sat,Tottenham,Manchester United,2.0,0.0,61910.0,Tottenham Hotspur Stadium,M Oliver,0.0,0.0,17.0,22.0,6.0,6.0,5.0,6.0,9.0,8.0,1.0,3.0,0.0,0.0,2.8,3.6,2.38,H
2023-2024,2,2023-08-19,20:00,Sat,Manchester City,Newcastle United,1.0,0.0,53419.0,Etihad Stadium,R Jones,1.0,0.0,14.0,7.0,4.0,1.0,3.0,0.0,12.0,11.0,1.0,5.0,0.0,0.0,1.67,4.0,5.0,H
2023-2024,2,2023-08-20,14:00,Sun,Aston Villa,Everton,4.0,0.0,41694.0,Villa Park,A Taylor,2.0,0.0,13.0,9.0,7.0,2.0,7.0,6.0,8.0,12.0,3.0,4.0,0.0,0.0,1.7,4.0,4.5,H
2023-2024,2,2023-08-20,16:30,Sun,West Ham,Chelsea,3.0,1.0,62451.0,London Stadium,J Brooks,1.0,1.0,12.0,17.0,6.0,4.0,3.0,9.0,12.0,9.0,2.0,3.0,1.0,0.0,3.75,3.5,2.0,H
2023-2024,2,2023-08-21,20:00,Mon,Crystal Palace,Arsenal,0.0,1.0,24189.0,Selhurst Park,D Coote,0.0,0.0,14.0,14.0,2.0,3.0,1.0,8.0,14.0,10.0,2.0,1.0,0.0,1.0,5.5,4.0,1.6,A
2023-2024,3,2023-08-25,20:00,Fri,Chelsea,Luton Town,3.0,0.0,39893.0,Stamford Bridge,R Jones,1.0,0.0,19.0,11.0,8.0,1.0,6.0,4.0,15.0,12.0,2.0,3.0,0.0,0.0,1.29,5.5,11.0,H
2023-2024,3,2023-08-26,12:30,Sat,Bournemouth,Tottenham,0.0,2.0,10567.0,Vitality Stadium,T Robinson,0.0,1.0,11.0,17.0,3.0,6.0,6.0,2.0,18.0,11.0,1.0,3.0,0.0,0.0,3.8,3.75,1.91,A
2023-2024,3,2023-08-26,15:00,Sat,Everton,Wolves,0.0,1.0,38851.0,Goodison Park,C Pawson,0.0,0.0,15.0,11.0,7.0,2.0,7.0,0.0,10.0,14.0,3.0,4.0,0.0,0.0,2.3,3.3,3.2,A
2023-2024,3,2023-08-26,15:00,Sat,Brentford,Crystal Palace,1.0,1.0,16997.0,Gtech Community Stadium,P Bankes,1.0,0.0,12.0,15.0,1.0,5.0,8.0,6.0,9.0,15.0,0.0,0.0,0.0,0.0,2.15,3.4,3.5,D
2023-2024,3,2023-08-26,15:00,Sat,Manchester United,Nottingham Forest,3.0,2.0,73595.0,Old Trafford,S Attwell,1.0,2.0,18.0,9.0,9.0,4.0,11.0,3.0,13.0,11.0,4.0,4.0,0.0,1.0,1.3,6.0,8.0,H
2023-2024,3,2023-08-26,15:00,Sat,Arsenal,Fulham,2.0,2.0,59961.0,Emirates Stadium,P Tierney,0.0,1.0,19.0,8.0,11.0,3.0,8.0,3.0,6.0,5.0,0.0,3.0,0.0,1.0,1.2,7.0,13.0,D
2023-2024,3,2023-08-26,17:30,Sat,Brighton,West Ham,1.0,3.0,31508.0,The American Express Community Stadium,A Taylor,0.0,1.0,25.0,12.0,10.0,3.0,17.0,4.0,10.0,9.0,1.0,3.0,0.0,0.0,1.53,4.75,5.25,A
2023-2024,3,2023-08-27,14:00,Sun,Sheffield United,Manchester City,1.0,2.0,31336.0,Bramall Lane,J Gillett,0.0,0.0,6.0,30.0,2.0,9.0,1.0,12.0,11.0,2.0,3.0,0.0,0.0,0.0,13.0,8.0,1.17,A
2023-2024,3,2023-08-27,14:00,Sun,Burnley,Aston Villa,1.0,3.0,21591.0,Turf Moor,M Salisbury,0.0,2.0,9.0,16.0,2.0,6.0,4.0,6.0,12.0,11.0,2.0,0.0,0.0,0.0,3.4,3.4,2.15,A
2023-2024,3,2023-08-27,16:30,Sun,Newcastle United,Liverpool,1.0,2.0,52214.0,St James' Park,J Brooks,1.0,0.0,23.0,9.0,8.0,4.0,5.0,9.0,16.0,10.0,1.0,2.0,0.0,1.0,2.2,3.75,3.0,A
2023-2024,4,2023-09-01,20:00,Fri,Luton Town,West Ham,1.0,2.0,10802.0,Kenilworth Road Stadium,P Tierney,0.0,1.0,16.0,9.0,1.0,3.0,9.0,6.0,8.0,13.0,1.0,1.0,0.0,0.0,4.75,3.8,1.73,A
2023-2024,4,2023-09-02,12:30,Sat,Sheffield United,Everton,2.0,2.0,31124.0,Bramall Lane,A Madley,2.0,1.0,13.0,16.0,8.0,6.0,4.0,6.0,11.0,13.0,1.0,2.0,0.0,0.0,2.9,3.25,2.5,D
2023-2024,4,2023-09-02,15:00,Sat,Chelsea,Nottingham Forest,0.0,1.0,39820.0,Stamford Bridge,T Robinson,0.0,0.0,21.0,7.0,2.0,3.0,8.0,0.0,10.0,9.0,3.0,4.0,0.0,0.0,1.4,4.5,8.5,A
2023-2024,4,2023-09-02,15:00,Sat,Manchester City,Fulham,5.0,1.0,52899.0,Etihad Stadium,M Oliver,2.0,1.0,7.0,6.0,5.0,4.0,4.0,5.0,12.0,12.0,2.0,4.0,0.0,0.0,1.17,8.0,15.0,H
2023-2024,4,2023-09-02,15:00,Sat,Brentford,Bournemouth,2.0,2.0,16973.0,Gtech Community Stadium,R Madley,1.0,1.0,21.0,12.0,7.0,5.0,5.0,2.0,6.0,13.0,1.0,2.0,0.0,0.0,1.73,3.8,4.75,D
2023-2024,4,2023-09-02,15:00,Sat,Burnley,Tottenham,2.0,5.0,21750.0,Turf Moor,D England,1.0,2.0,16.0,20.0,4.0,10.0,7.0,4.0,15.0,9.0,4.0,3.0,0.0,0.0,3.6,4.0,1.85,A
2023-2024,4,2023-09-02,17:30,Sat,Brighton,Newcastle United,3.0,1.0,31620.0,The American Express Community Stadium,S Attwell,1.0,0.0,15.0,9.0,6.0,2.0,5.0,3.0,14.0,17.0,4.0,4.0,0.0,0.0,2.5,3.8,2.55,H
2023-2024,4,2023-09-03,14:00,Sun,Liverpool,Aston Villa,3.0,0.0,50109.0,Anfield,S Hooper,2.0,0.0,17.0,9.0,4.0,3.0,7.0,3.0,12.0,7.0,0.0,1.0,0.0,0.0,1.65,4.5,4.5,H
2023-2024,4,2023-09-03,14:00,Sun,Crystal Palace,Wolves,3.0,2.0,24741.0,Selhurst Park,R Jones,0.0,0.0,16.0,12.0,11.0,4.0,4.0,2.0,12.0,12.0,1.0,3.0,0.0,0.0,1.91,3.3,4.33,H
2023-2024,4,2023-09-03,16:30,Sun,Arsenal,Manchester United,3.0,1.0,60192.0,Emirates Stadium,A Taylor,1.0,1.0,17.0,10.0,5.0,2.0,12.0,3.0,8.0,7.0,2.0,3.0,0.0,0.0,1.75,3.8,4.5,H
2023-2024,5,2023-09-16,12:30,Sat,Wolves,Liverpool,1.0,3.0,31257.0,Molineux Stadium,M Oliver,1.0,0.0,11.0,16.0,2.0,6.0,4.0,4.0,10.0,4.0,1.0,3.0,0.0,0.0,6.0,5.0,1.45,A
2023-2024,5,2023-09-16,15:00,Sat,Fulham,Luton Town,1.0,0.0,24467.0,Craven Cottage,M Salisbury,0.0,0.0,13.0,7.0,2.0,2.0,6.0,2.0,6.0,14.0,2.0,2.0,0.0,0.0,1.67,3.75,5.5,H
2023-2024,5,2023-09-16,15:00,Sat,West Ham,Manchester City,1.0,3.0,62475.0,London Stadium,A Madley,1.0,0.0,6.0,29.0,3.0,15.0,4.0,11.0,7.0,11.0,3.0,2.0,0.0,0.0,7.0,4.5,1.45,A
2023-2024,5,2023-09-16,15:00,Sat,Aston Villa,Crystal Palace,3.0,1.0,40809.0,Villa Park,D England,0.0,0.0,16.0,6.0,5.0,3.0,4.0,2.0,13.0,9.0,5.0,3.0,0.0,0.0,1.91,3.6,4.0,H
2023-2024,5,2023-09-16,15:00,Sat,Manchester United,Brighton,1.0,3.0,73592.0,Old Trafford,J Gillett,0.0,1.0,14.0,10.0,4.0,8.0,8.0,1.0,8.0,9.0,2.0,2.0,0.0,0.0,2.15,4.0,2.88,A
2023-2024,5,2023-09-16,15:00,Sat,Tottenham,Sheffield United,2.0,1.0,61706.0,Tottenham Hotspur Stadium,P Bankes,0.0,0.0,28.0,7.0,10.0,5.0,15.0,2.0,13.0,14.0,6.0,5.0,0.0,1.0,1.29,5.5,11.0,H
2023-2024,5,2023-09-16,17:30,Sat,Newcastle United,Brentford,1.0,0.0,51670.0,St James' Park,C Pawson,0.0,0.0,9.0,11.0,2.0,2.0,8.0,3.0,8.0,12.0,3.0,5.0,0.0,0.0,1.53,4.2,6.0,H
2023-2024,5,2023-09-17,14:00,Sun,Bournemouth,Chelsea,0.0,0.0,10421.0,Vitality Stadium,D Coote,0.0,0.0,13.0,14.0,4.0,6.0,1.0,7.0,15.0,20.0,1.0,5.0,0.0,0.0,4.33,3.75,1.8,D
2023-2024,5,2023-09-17,16:30,Sun,Everton,Arsenal,0.0,1.0,39217.0,Goodison Park,S Hooper,0.0,0.0,8.0,13.0,1.0,4.0,1.0,11.0,12.0,10.0,1.0,1.0,0.0,0.0,6.0,4.5,1.5,A
2023-2024,5,2023-09-18,19:45,Mon,Nottingham Forest,Burnley,1.0,1.0,28958.0,The City Ground,R Jones,0.0,1.0,14.0,10.0,4.0,3.0,5.0,4.0,16.0,10.0,2.0,3.0,0.0,1.0,2.2,3.5,3.25,D
2023-2024,6,2023-09-23,15:00,Sat,Manchester City,Nottingham Forest,2.0,0.0,53413.0,Etihad Stadium,A Taylor,2.0,0.0,7.0,10.0,4.0,3.0,6.0,6.0,5.0,17.0,3.0,7.0,1.0,0.0,1.14,8.5,15.0,H
2023-2024,6,2023-09-23,15:00,Sat,Luton Town,Wolves,1.0,1.0,10893.0,Kenilworth Road Stadium,J Smith,0.0,0.0,20.0,3.0,4.0,3.0,10.0,1.0,12.0,17.0,0.0,2.0,0.0,1.0,3.25,3.4,2.2,D
2023-2024,6,2023-09-23,15:00,Sat,Crystal Palace,Fulham,0.0,0.0,25072.0,Selhurst Park,P Tierney,0.0,0.0,7.0,10.0,3.0,5.0,3.0,2.0,10.0,15.0,3.0,2.0,0.0,0.0,1.91,3.4,4.2,D
2023-2024,6,2023-09-23,17:30,Sat,Brentford,Everton,1.0,3.0,16981.0,Gtech Community Stadium,M Oliver,1.0,1.0,12.0,18.0,2.0,6.0,1.0,4.0,9.0,12.0,2.0,2.0,0.0,0.0,1.8,3.8,4.2,A
2023-2024,6,2023-09-23,20:00,Sat,Burnley,Manchester United,0.0,1.0,21593.0,Turf Moor,T Harrington,0.0,1.0,12.0,11.0,4.0,4.0,9.0,5.0,6.0,12.0,1.0,2.0,0.0,0.0,4.2,4.2,1.73,A
2023-2024,6,2023-09-24,14:00,Sun,Arsenal,Tottenham,2.0,2.0,60156.0,Emirates Stadium,R Jones,1.0,1.0,13.0,13.0,6.0,5.0,11.0,4.0,12.0,19.0,3.0,4.0,0.0,0.0,1.67,4.33,4.33,D
2023-2024,6,2023-09-24,14:00,Sun,Brighton,Bournemouth,3.0,1.0,31617.0,The American Express Community Stadium,J Brooks,1.0,1.0,13.0,12.0,4.0,4.0,4.0,4.0,12.0,17.0,3.0,3.0,0.0,0.0,1.36,5.25,7.5,H
2023-2024,6,2023-09-24,14:00,Sun,Chelsea,Aston Villa,0.0,1.0,39700.0,Stamford Bridge,J Gillett,0.0,0.0,10.0,15.0,4.0,7.0,5.0,11.0,9.0,11.0,2.0,3.0,0.0,0.0,1.91,3.75,3.8,A
2023-2024,6,2023-09-24,14:00,Sun,Liverpool,West Ham,3.0,1.0,50136.0,Anfield,C Kavanagh,1.0,1.0,22.0,11.0,7.0,4.0,7.0,4.0,12.0,13.0,0.0,2.0,0.0,0.0,1.4,5.0,7.0,H
2023-2024,6,2023-09-24,16:30,Sun,Sheffield United,Newcastle United,0.0,8.0,31127.0,Bramall Lane,S Attwell,0.0,3.0,9.0,22.0,1.0,15.0,2.0,6.0,12.0,8.0,3.0,0.0,0.0,0.0,7.0,4.75,1.44,A
2023-2024,7,2023-09-30,12:30,Sat,Aston Villa,Brighton,6.0,1.0,40636.0,Villa Park,A Madley,3.0,0.0,19.0,11.0,9.0,3.0,1.0,3.0,19.0,21.0,4.0,4.0,0.0,0.0,2.55,3.75,2.55,H
2023-2024,7,2023-09-30,15:00,Sat,Wolves,Manchester City,2.0,1.0,31415.0,Molineux Stadium,C Pawson,1.0,0.0,3.0,23.0,1.0,8.0,0.0,6.0,18.0,12.0,5.0,4.0,0.0,0.0,8.0,5.75,1.33,H
2023-2024,7,2023-09-30,15:00,Sat,Bournemouth,Arsenal,0.0,4.0,11193.0,Vitality Stadium,M Salisbury,0.0,2.0,8.0,15.0,1.0,8.0,6.0,6.0,11.0,10.0,0.0,1.0,0.0,0.0,5.5,4.5,1.53,A
2023-2024,7,2023-09-30,15:00,Sat,Everton,Luton Town,1.0,2.0,39289.0,Goodison Park,A Taylor,1.0,2.0,23.0,9.0,5.0,2.0,3.0,6.0,8.0,10.0,0.0,1.0,0.0,0.0,1.57,3.8,6.5,A
2023-2024,7,2023-09-30,15:00,Sat,Newcastle United,Burnley,2.0,0.0,51687.0,St James' Park,T Bramall,1.0,0.0,20.0,8.0,8.0,2.0,5.0,3.0,7.0,15.0,1.0,3.0,0.0,0.0,1.3,5.75,9.0,H
2023-2024,7,2023-09-30,15:00,Sat,West Ham,Sheffield United,2.0,0.0,62459.0,London Stadium,G Scott,2.0,0.0,20.0,16.0,9.0,2.0,7.0,4.0,6.0,9.0,1.0,1.0,0.0,0.0,1.45,4.5,7.0,H
2023-2024,7,2023-09-30,15:00,Sat,Manchester United,Crystal Palace,0.0,1.0,73428.0,Old Trafford,C Kavanagh,0.0,1.0,19.0,8.0,4.0,2.0,10.0,4.0,10.0,8.0,3.0,2.0,0.0,0.0,1.55,4.2,5.75,A
2023-2024,7,2023-09-30,17:30,Sat,Tottenham,Liverpool,2.0,1.0,62001.0,Tottenham Hotspur Stadium,S Hooper,1.0,1.0,24.0,12.0,8.0,4.0,12.0,5.0,11.0,17.0,5.0,4.0,0.0,2.0,2.9,4.0,2.15,H
2023-2024,7,2023-10-01,14:00,Sun,Nottingham Forest,Brentford,1.0,1.0,29004.0,The City Ground,P Tierney,0.0,0.0,6.0,18.0,1.0,5.0,1.0,11.0,6.0,10.0,1.0,2.0,1.0,0.0,2.75,3.1,2.7,D
2023-2024,7,2023-10-02,20:00,Mon,Fulham,Chelsea,0.0,2.0,24445.0,Craven Cottage,T Robinson,0.0,2.0,10.0,11.0,3.0,4.0,8.0,1.0,15.0,12.0,1.0,4.0,0.0,0.0,3.6,3.5,2.05,A
2023-2024,2,2023-10-03,19:30,Tue,Luton Town,Burnley,1.0,2.0,10918.0,Kenilworth Road Stadium,P Bankes,0.0,1.0,18.0,14.0,3.0,4.0,7.0,6.0,14.0,6.0,4.0,2.0,0.0,0.0,2.9,3.0,2.63,A
2023-2024,8,2023-10-07,12:30,Sat,Luton Town,Tottenham,0.0,1.0,10290.0,Kenilworth Road Stadium,J Brooks,0.0,0.0,12.0,15.0,2.0,4.0,5.0,6.0,16.0,7.0,2.0,1.0,0.0,1.0,6.0,4.75,1.45,A
2023-2024,8,2023-10-07,15:00,Sat,Everton,Bournemouth,3.0,0.0,38815.0,Goodison Park,D Coote,2.0,0.0,25.0,11.0,8.0,4.0,8.0,7.0,14.0,15.0,1.0,2.0,0.0,0.0,1.91,3.6,3.8,H
2023-2024,8,2023-10-07,15:00,Sat,Manchester United,Brentford,2.0,1.0,73453.0,Old Trafford,A Madley,0.0,1.0,21.0,11.0,8.0,3.0,7.0,5.0,10.0,17.0,0.0,5.0,0.0,0.0,1.67,4.2,4.75,H
2023-2024,8,2023-10-07,15:00,Sat,Burnley,Chelsea,1.0,4.0,21654.0,Turf Moor,S Attwell,1.0,1.0,10.0,9.0,3.0,5.0,7.0,3.0,11.0,8.0,2.0,4.0,0.0,0.0,4.5,3.8,1.73,A
2023-2024,8,2023-10-07,15:00,Sat,Fulham,Sheffield United,3.0,1.0,24361.0,Craven Cottage,S Barrott,0.0,0.0,20.0,5.0,6.0,2.0,9.0,4.0,8.0,10.0,1.0,2.0,0.0,0.0,1.62,3.8,6.0,H
2023-2024,8,2023-10-07,17:30,Sat,Crystal Palace,Nottingham Forest,0.0,0.0,25017.0,Selhurst Park,C Pawson,0.0,0.0,8.0,16.0,2.0,5.0,3.0,7.0,7.0,12.0,0.0,1.0,0.0,0.0,2.2,3.1,3.6,D
2023-2024,8,2023-10-08,14:00,Sun,West Ham,Newcastle United,2.0,2.0,62473.0,London Stadium,P Bankes,1.0,0.0,5.0,10.0,3.0,3.0,4.0,2.0,11.0,18.0,3.0,3.0,0.0,0.0,3.2,3.75,2.1,D
2023-2024,8,2023-10-08,14:00,Sun,Wolves,Aston Villa,1.0,1.0,31425.0,Molineux Stadium,R Jones,0.0,0.0,8.0,18.0,3.0,4.0,2.0,10.0,19.0,9.0,2.0,2.0,1.0,0.0,3.5,3.4,2.1,D
2023-2024,8,2023-10-08,14:00,Sun,Brighton,Liverpool,2.0,2.0,31752.0,The American Express Community Stadium,A Taylor,1.0,2.0,14.0,14.0,3.0,4.0,8.0,1.0,12.0,20.0,1.0,2.0,0.0,0.0,3.0,3.8,2.2,D
2023-2024,8,2023-10-08,16:30,Sun,Arsenal,Manchester City,1.0,0.0,60233.0,Emirates Stadium,M Oliver,0.0,0.0,12.0,4.0,2.0,1.0,5.0,4.0,8.0,7.0,2.0,3.0,0.0,0.0,2.9,3.3,2.4,H
2023-2024,9,2023-10-21,12:30,Sat,Liverpool,Everton,2.0,0.0,50201.0,Anfield,C Pawson,0.0,0.0,26.0,6.0,6.0,1.0,12.0,4.0,9.0,9.0,1.0,1.0,0.0,1.0,1.33,5.75,7.5,H
2023-2024,9,2023-10-21,15:00,Sat,Bournemouth,Wolves,1.0,2.0,11175.0,Vitality Stadium,P Tierney,1.0,0.0,7.0,20.0,4.0,7.0,3.0,12.0,15.0,10.0,2.0,6.0,1.0,0.0,2.38,3.4,3.0,A
2023-2024,9,2023-10-21,15:00,Sat,Newcastle United,Crystal Palace,4.0,0.0,52189.0,St James' Park,T Robinson,3.0,0.0,10.0,17.0,7.0,3.0,6.0,8.0,7.0,12.0,2.0,3.0,0.0,0.0,1.45,4.5,7.0,H
2023-2024,9,2023-10-21,15:00,Sat,Brentford,Burnley,3.0,0.0,17029.0,Gtech Community Stadium,J Smith,1.0,0.0,23.0,6.0,10.0,1.0,5.0,5.0,14.0,12.0,5.0,2.0,0.0,1.0,1.83,3.75,4.2,H
2023-2024,9,2023-10-21,15:00,Sat,Manchester City,Brighton,2.0,1.0,53466.0,Etihad Stadium,R Jones,2.0,0.0,10.0,5.0,6.0,3.0,2.0,2.0,9.0,11.0,2.0,2.0,1.0,0.0,1.4,5.25,6.5,H
2023-2024,9,2023-10-21,15:00,Sat,Nottingham Forest,Luton Town,2.0,2.0,29361.0,The City Ground,S Barrott,0.0,0.0,19.0,13.0,8.0,4.0,4.0,2.0,12.0,11.0,3.0,0.0,0.0,0.0,1.67,3.75,5.5,D
2023-2024,9,2023-10-21,17:30,Sat,Chelsea,Arsenal,2.0,2.0,39723.0,Stamford Bridge,C Kavanagh,1.0,0.0,11.0,13.0,5.0,3.0,2.0,7.0,7.0,14.0,3.0,3.0,0.0,0.0,3.2,3.4,2.25,D
2023-2024,9,2023-10-21,20:00,Sat,Sheffield United,Manchester United,1.0,2.0,31543.0,Bramall Lane,M Oliver,1.0,1.0,12.0,14.0,6.0,5.0,5.0,4.0,12.0,10.0,3.0,1.0,0.0,0.0,6.5,5.25,1.4,A
2023-2024,9,2023-10-22,16:30,Sun,Aston Villa,West Ham,4.0,1.0,41734.0,Villa Park,D Coote,1.0,0.0,15.0,14.0,7.0,4.0,8.0,7.0,9.0,15.0,0.0,1.0,0.0,0.0,1.85,3.6,4.0,H
2023-2024,9,2023-10-23,20:00,Mon,Tottenham,Fulham,2.0,0.0,61286.0,Tottenham Hotspur Stadium,A Taylor,1.0,0.0,15.0,10.0,5.0,3.0,3.0,5.0,10.0,14.0,2.0,0.0,0.0,0.0,1.5,4.5,6.0,H
2023-2024,10,2023-10-27,20:00,Fri,Crystal Palace,Tottenham,1.0,2.0,25074.0,Selhurst Park,A Madley,0.0,0.0,13.0,10.0,3.0,1.0,11.0,2.0,19.0,11.0,2.0,1.0,0.0,0.0,4.5,3.75,1.75,A
2023-2024,10,2023-10-28,12:30,Sat,Chelsea,Brentford,0.0,2.0,39575.0,Stamford Bridge,S Hooper,0.0,0.0,17.0,7.0,2.0,5.0,10.0,1.0,12.0,7.0,1.0,4.0,0.0,0.0,1.65,4.0,5.25,A
2023-2024,10,2023-10-28,15:00,Sat,Bournemouth,Burnley,2.0,1.0,11152.0,Vitality Stadium,S Barrott,1.0,1.0,13.0,6.0,6.0,3.0,10.0,5.0,9.0,12.0,2.0,3.0,0.0,0.0,2.15,3.5,3.3,H
2023-2024,10,2023-10-28,15:00,Sat,Arsenal,Sheffield United,5.0,0.0,60153.0,Emirates Stadium,T Robinson,1.0,0.0,13.0,2.0,8.0,0.0,6.0,1.0,9.0,13.0,0.0,3.0,0.0,0.0,1.13,8.5,19.0,H
2023-2024,10,2023-10-28,17:30,Sat,Wolves,Newcastle United,2.0,2.0,31584.0,Molineux Stadium,A Taylor,1.0,2.0,11.0,13.0,6.0,5.0,8.0,7.0,13.0,15.0,1.0,4.0,0.0,0.0,4.2,4.0,1.75,D
2023-2024,10,2023-10-29,13:00,Sun,West Ham,Everton,0.0,1.0,62469.0,London Stadium,S Attwell,0.0,0.0,12.0,10.0,2.0,4.0,4.0,3.0,7.0,11.0,4.0,1.0,0.0,0.0,2.15,3.5,3.3,A
2023-2024,10,2023-10-29,14:00,Sun,Liverpool,Nottingham Forest,3.0,0.0,50143.0,Anfield,C Kavanagh,2.0,0.0,21.0,9.0,8.0,1.0,8.0,3.0,9.0,13.0,2.0,3.0,0.0,0.0,1.29,5.75,11.0,H
2023-2024,10,2023-10-29,14:00,Sun,Brighton,Fulham,1.0,1.0,31550.0,The American Express Community Stadium,M Salisbury,1.0,0.0,18.0,10.0,7.0,5.0,7.0,3.0,12.0,8.0,0.0,3.0,0.0,0.0,1.55,4.2,5.5,D
2023-2024,10,2023-10-29,14:00,Sun,Aston Villa,Luton Town,3.0,1.0,41785.0,Villa Park,J Brooks,1.0,0.0,17.0,7.0,6.0,1.0,6.0,4.0,11.0,10.0,3.0,2.0,0.0,0.0,1.25,6.5,9.5,H
2023-2024,10,2023-10-29,15:30,Sun,Manchester United,Manchester City,0.0,3.0,73502.0,Old Trafford,P Tierney,0.0,1.0,7.0,21.0,3.0,10.0,7.0,12.0,9.0,4.0,4.0,1.0,0.0,0.0,5.0,3.8,1.67,A
2023-2024,11,2023-11-04,12:30,Sat,Fulham,Manchester United,0.0,1.0,24415.0,Craven Cottage,J Brooks,0.0,0.0,18.0,12.0,3.0,5.0,9.0,4.0,9.0,15.0,5.0,2.0,0.0,0.0,3.2,3.6,2.2,A
2023-2024,11,2023-11-04,15:00,Sat,Brentford,West Ham,3.0,2.0,17103.0,Gtech Community Stadium,T Bramall,1.0,2.0,16.0,12.0,4.0,2.0,4.0,3.0,12.0,14.0,1.0,4.0,0.0,0.0,2.05,3.6,3.5,H
2023-2024,11,2023-11-04,15:00,Sat,Everton,Brighton,1.0,1.0,38683.0,Goodison Park,T Robinson,1.0,0.0,10.0,7.0,4.0,2.0,3.0,3.0,15.0,5.0,4.0,2.0,0.0,0.0,3.1,3.6,2.2,D
2023-2024,11,2023-11-04,15:00,Sat,Burnley,Crystal Palace,0.0,2.0,21578.0,Turf Moor,P Bankes,0.0,1.0,17.0,4.0,5.0,3.0,12.0,1.0,9.0,12.0,0.0,5.0,0.0,0.0,2.75,3.25,2.6,A
2023-2024,11,2023-11-04,15:00,Sat,Manchester City,Bournemouth,6.0,1.0,53358.0,Etihad Stadium,C Pawson,3.0,0.0,21.0,5.0,8.0,1.0,12.0,1.0,8.0,9.0,0.0,1.0,0.0,0.0,1.1,11.0,19.0,H
2023-2024,11,2023-11-04,15:00,Sat,Sheffield United,Wolves,2.0,1.0,29454.0,Bramall Lane,R Jones,0.0,0.0,11.0,10.0,2.0,3.0,4.0,4.0,13.0,10.0,2.0,3.0,0.0,0.0,3.8,3.5,2.0,H
2023-2024,11,2023-11-04,17:30,Sat,Newcastle United,Arsenal,1.0,0.0,52194.0,St James' Park,S Attwell,0.0,0.0,9.0,14.0,2.0,1.0,0.0,11.0,14.0,9.0,5.0,1.0,0.0,0.0,2.8,3.2,2.6,H
2023-2024,11,2023-11-05,14:00,Sun,Nottingham Forest,Aston Villa,2.0,0.0,29313.0,The City Ground,J Gillett,1.0,0.0,5.0,13.0,3.0,3.0,0.0,10.0,6.0,9.0,1.0,1.0,0.0,0.0,4.2,3.75,1.85,H
2023-2024,11,2023-11-05,16:30,Sun,Luton Town,Liverpool,1.0,1.0,11049.0,Kenilworth Road Stadium,A Madley,0.0,0.0,8.0,24.0,5.0,6.0,4.0,7.0,7.0,13.0,1.0,1.0,0.0,0.0,12.0,6.5,1.22,D
2023-2024,11,2023-11-06,20:00,Mon,Tottenham,Chelsea,1.0,4.0,61726.0,Tottenham Hotspur Stadium,M Oliver,1.0,1.0,8.0,17.0,5.0,8.0,1.0,6.0,12.0,21.0,1.0,5.0,2.0,0.0,2.0,3.75,3.5,A
2023-2024,12,2023-11-11,12:30,Sat,Wolves,Tottenham,2.0,1.0,31642.0,Molineux Stadium,T Robinson,0.0,1.0,17.0,6.0,4.0,2.0,11.0,3.0,19.0,15.0,4.0,3.0,0.0,0.0,3.1,3.75,2.2,H
2023-2024,12,2023-11-11,15:00,Sat,Arsenal,Burnley,3.0,1.0,60232.0,Emirates Stadium,M Oliver,1.0,0.0,16.0,8.0,6.0,5.0,3.0,3.0,8.0,9.0,0.0,1.0,1.0,0.0,1.18,7.0,17.0,H
2023-2024,12,2023-11-11,15:00,Sat,Manchester United,Luton Town,1.0,0.0,73599.0,Old Trafford,G Scott,0.0,0.0,15.0,10.0,4.0,4.0,11.0,3.0,9.0,11.0,0.0,2.0,0.0,0.0,1.33,5.25,9.5,H
2023-2024,12,2023-11-11,15:00,Sat,Crystal Palace,Everton,2.0,3.0,25103.0,Selhurst Park,S Barrott,1.0,1.0,13.0,8.0,4.0,4.0,9.0,2.0,9.0,18.0,1.0,4.0,0.0,0.0,2.45,3.2,3.0,A
2023-2024,12,2023-11-11,17:30,Sat,Bournemouth,Newcastle United,2.0,0.0,11201.0,Vitality Stadium,C Kavanagh,0.0,0.0,19.0,8.0,10.0,5.0,6.0,5.0,10.0,4.0,2.0,1.0,0.0,0.0,4.75,4.0,1.73,H
2023-2024,12,2023-11-12,14:00,Sun,West Ham,Nottingham Forest,3.0,2.0,62470.0,London Stadium,M Salisbury,1.0,1.0,16.0,10.0,6.0,5.0,9.0,4.0,9.0,12.0,2.0,2.0,0.0,0.0,1.85,3.6,4.0,H
2023-2024,12,2023-11-12,14:00,Sun,Liverpool,Brentford,3.0,0.0,50151.0,Anfield,P Tierney,1.0,0.0,17.0,16.0,10.0,3.0,6.0,8.0,16.0,12.0,1.0,2.0,0.0,0.0,1.4,5.0,6.5,H
2023-2024,12,2023-11-12,14:00,Sun,Aston Villa,Fulham,3.0,1.0,41608.0,Villa Park,S Hooper,2.0,0.0,12.0,9.0,6.0,5.0,2.0,2.0,4.0,17.0,2.0,5.0,0.0,0.0,1.57,4.2,5.5,H
2023-2024,12,2023-11-12,14:00,Sun,Brighton,Sheffield United,1.0,1.0,31367.0,The American Express Community Stadium,J Brooks,1.0,0.0,11.0,9.0,6.0,1.0,6.0,3.0,13.0,16.0,3.0,2.0,1.0,0.0,1.25,5.75,13.0,D
2023-2024,12,2023-11-12,16:30,Sun,Chelsea,Manchester City,4.0,4.0,39532.0,Stamford Bridge,A Taylor,2.0,2.0,17.0,15.0,9.0,10.0,3.0,3.0,12.0,15.0,5.0,3.0,0.0,0.0,5.0,3.7,1.73,D
2023-2024,13,2023-11-25,12:30,Sat,Manchester City,Liverpool,1.0,1.0,53289.0,Etihad Stadium,C Kavanagh,1.0,0.0,16.0,8.0,5.0,3.0,9.0,6.0,9.0,11.0,1.0,3.0,0.0,0.0,1.73,4.2,4.2,D
2023-2024,13,2023-11-25,15:00,Sat,Burnley,West Ham,1.0,2.0,21319.0,Turf Moor,S Barrott,0.0,0.0,11.0,11.0,5.0,3.0,4.0,5.0,11.0,7.0,1.0,3.0,0.0,0.0,3.4,3.5,2.05,A
2023-2024,13,2023-11-25,15:00,Sat,Nottingham Forest,Brighton,2.0,3.0,29404.0,The City Ground,A Taylor,1.0,2.0,18.0,11.0,5.0,5.0,6.0,4.0,12.0,7.0,2.0,4.0,0.0,1.0,3.2,3.6,2.15,A
2023-2024,13,2023-11-25,15:00,Sat,Sheffield United,Bournemouth,1.0,3.0,30208.0,Bramall Lane,A Madley,0.0,2.0,10.0,23.0,2.0,11.0,4.0,7.0,6.0,8.0,4.0,1.0,0.0,0.0,3.2,3.5,2.2,A
2023-2024,13,2023-11-25,15:00,Sat,Newcastle United,Chelsea,4.0,1.0,52227.0,St James' Park,S Hooper,1.0,1.0,14.0,7.0,5.0,4.0,4.0,2.0,13.0,19.0,4.0,4.0,0.0,1.0,2.55,3.5,2.63,H
2023-2024,13,2023-11-25,15:00,Sat,Luton Town,Crystal Palace,2.0,1.0,11029.0,Kenilworth Road Stadium,J Gillett,0.0,0.0,8.0,16.0,3.0,8.0,4.0,5.0,15.0,12.0,6.0,1.0,0.0,0.0,3.6,3.3,2.1,H
2023-2024,13,2023-11-25,17:30,Sat,Brentford,Arsenal,0.0,1.0,17201.0,Gtech Community Stadium,T Robinson,0.0,0.0,9.0,15.0,3.0,4.0,1.0,8.0,9.0,7.0,1.0,1.0,0.0,0.0,4.5,3.75,1.75,A
2023-2024,13,2023-11-26,14:00,Sun,Tottenham,Aston Villa,1.0,2.0,61679.0,Tottenham Hotspur Stadium,R Jones,1.0,1.0,18.0,15.0,8.0,5.0,9.0,3.0,11.0,13.0,0.0,4.0,0.0,0.0,2.3,3.8,2.8,A
2023-2024,13,2023-11-26,16:30,Sun,Everton,Manchester United,0.0,3.0,39257.0,Goodison Park,J Brooks,0.0,1.0,24.0,9.0,6.0,4.0,6.0,5.0,10.0,8.0,3.0,0.0,0.0,0.0,2.7,3.4,2.55,A
2023-2024,13,2023-11-27,20:00,Mon,Fulham,Wolves,3.0,2.0,24366.0,Craven Cottage,M Salisbury,1.0,1.0,12.0,10.0,6.0,6.0,6.0,2.0,13.0,13.0,2.0,2.0,0.0,0.0,2.38,3.3,3.0,H
2023-2024,14,2023-12-02,15:00,Sat,Brentford,Luton Town,3.0,1.0,17075.0,Gtech Community Stadium,A Taylor,0.0,0.0,27.0,7.0,6.0,1.0,7.0,5.0,10.0,8.0,1.0,2.0,0.0,0.0,1.45,4.5,6.5,H
2023-2024,14,2023-12-02,15:00,Sat,Arsenal,Wolves,2.0,1.0,60262.0,Emirates Stadium,P Bankes,2.0,0.0,19.0,6.0,6.0,3.0,4.0,0.0,10.0,10.0,1.0,2.0,0.0,0.0,1.25,5.5,12.0,H
2023-2024,14,2023-12-02,15:00,Sat,Burnley,Sheffield United,5.0,0.0,21478.0,Turf Moor,C Kavanagh,2.0,0.0,19.0,6.0,7.0,3.0,6.0,1.0,9.0,12.0,2.0,5.0,0.0,1.0,1.8,3.6,4.5,H
2023-2024,14,2023-12-02,17:30,Sat,Nottingham Forest,Everton,0.0,1.0,29404.0,The City Ground,P Tierney,0.0,0.0,13.0,12.0,2.0,3.0,4.0,3.0,15.0,14.0,1.0,0.0,0.0,0.0,2.75,3.25,2.6,A
2023-2024,14,2023-12-02,20:00,Sat,Newcastle United,Manchester United,1.0,0.0,52214.0,St James' Park,R Jones,0.0,0.0,22.0,8.0,4.0,1.0,7.0,3.0,6.0,13.0,1.0,2.0,0.0,0.0,1.91,3.75,3.8,H
2023-2024,14,2023-12-03,14:00,Sun,Bournemouth,Aston Villa,2.0,2.0,11191.0,Vitality Stadium,T Bramall,1.0,1.0,15.0,11.0,7.0,3.0,7.0,7.0,16.0,12.0,5.0,3.0,0.0,0.0,3.4,4.0,1.95,D
2023-2024,14,2023-12-03,14:00,Sun,Liverpool,Fulham,4.0,3.0,50124.0,Anfield,S Attwell,2.0,2.0,26.0,9.0,12.0,5.0,3.0,4.0,6.0,7.0,0.0,0.0,0.0,0.0,1.25,6.5,9.0,H
2023-2024,14,2023-12-03,14:00,Sun,Chelsea,Brighton,3.0,2.0,39647.0,Stamford Bridge,C Pawson,2.0,1.0,8.0,18.0,5.0,9.0,5.0,8.0,16.0,12.0,3.0,5.0,1.0,0.0,1.73,4.2,4.2,H
2023-2024,14,2023-12-03,14:00,Sun,West Ham,Crystal Palace,1.0,1.0,62414.0,London Stadium,M Oliver,1.0,0.0,9.0,9.0,3.0,2.0,2.0,3.0,17.0,7.0,2.0,0.0,0.0,0.0,2.0,3.5,3.8,D
2023-2024,14,2023-12-03,16:30,Sun,Manchester City,Tottenham,3.0,3.0,53473.0,Etihad Stadium,S Hooper,2.0,1.0,18.0,8.0,4.0,4.0,10.0,8.0,14.0,14.0,4.0,4.0,0.0,0.0,1.29,6.0,9.0,D
2023-2024,15,2023-12-05,19:30,Tue,Wolves,Burnley,1.0,0.0,30439.0,Molineux Stadium,J Gillett,1.0,0.0,7.0,12.0,4.0,3.0,6.0,8.0,11.0,15.0,2.0,4.0,0.0,0.0,1.85,3.6,4.2,H
2023-2024,15,2023-12-05,20:15,Tue,Luton Town,Arsenal,3.0,4.0,11031.0,Kenilworth Road Stadium,S Barrott,1.0,2.0,6.0,23.0,4.0,9.0,3.0,8.0,14.0,7.0,2.0,1.0,0.0,0.0,17.0,7.0,1.18,A
2023-2024,15,2023-12-06,19:30,Wed,Sheffield United,Liverpool,0.0,2.0,31406.0,Bramall Lane,S Hooper,0.0,1.0,6.0,15.0,1.0,8.0,2.0,12.0,12.0,8.0,2.0,3.0,0.0,0.0,12.0,7.5,1.2,A
2023-2024,15,2023-12-06,19:30,Wed,Crystal Palace,Bournemouth,0.0,2.0,25078.0,Selhurst Park,C Pawson,0.0,1.0,16.0,11.0,3.0,4.0,3.0,9.0,10.0,17.0,1.0,3.0,0.0,0.0,2.25,3.5,3.1,A
2023-2024,15,2023-12-06,19:30,Wed,Brighton,Brentford,2.0,1.0,31571.0,The American Express Community Stadium,P Bankes,1.0,1.0,18.0,8.0,7.0,2.0,7.0,3.0,10.0,8.0,3.0,1.0,0.0,0.0,1.91,3.8,3.75,H
2023-2024,15,2023-12-06,19:30,Wed,Fulham,Nottingham Forest,5.0,0.0,24105.0,Craven Cottage,J Smith,2.0,0.0,14.0,4.0,6.0,1.0,6.0,1.0,7.0,10.0,0.0,1.0,0.0,0.0,2.0,3.4,3.75,H
2023-2024,15,2023-12-06,20:15,Wed,Aston Villa,Manchester City,1.0,0.0,41421.0,Villa Park,J Brooks,0.0,0.0,22.0,2.0,7.0,2.0,6.0,0.0,13.0,13.0,2.0,2.0,0.0,0.0,4.75,4.2,1.7,H
2023-2024,15,2023-12-06,20:15,Wed,Manchester United,Chelsea,2.0,1.0,73607.0,Old Trafford,C Kavanagh,1.0,1.0,28.0,13.0,9.0,3.0,12.0,4.0,12.0,12.0,4.0,0.0,0.0,0.0,2.88,3.4,2.45,H
2023-2024,15,2023-12-07,19:30,Thu,Everton,Newcastle United,3.0,0.0,38198.0,Goodison Park,T Robinson,0.0,0.0,21.0,13.0,6.0,3.0,5.0,2.0,18.0,8.0,3.0,0.0,0.0,0.0,3.25,3.25,2.25,H
2023-2024,15,2023-12-07,20:15,Thu,Tottenham,West Ham,1.0,2.0,61171.0,Tottenham Hotspur Stadium,M Salisbury,1.0,0.0,23.0,11.0,7.0,5.0,8.0,4.0,11.0,12.0,3.0,3.0,0.0,0.0,1.75,4.2,4.2,A
2023-2024,16,2023-12-09,12:30,Sat,Crystal Palace,Liverpool,1.0,2.0,25103.0,Selhurst Park,A Madley,0.0,0.0,8.0,14.0,4.0,2.0,6.0,5.0,17.0,17.0,5.0,2.0,1.0,0.0,6.0,4.5,1.5,A
2023-2024,16,2023-12-09,15:00,Sat,Manchester United,Bournemouth,0.0,3.0,73427.0,Old Trafford,P Bankes,0.0,1.0,20.0,10.0,3.0,4.0,10.0,4.0,7.0,10.0,3.0,1.0,0.0,0.0,1.55,4.33,5.75,A
2023-2024,16,2023-12-09,15:00,Sat,Wolves,Nottingham Forest,1.0,1.0,31543.0,Molineux Stadium,S Barrott,1.0,1.0,10.0,8.0,4.0,2.0,4.0,3.0,9.0,11.0,0.0,1.0,0.0,0.0,1.85,3.6,4.33,D
2023-2024,16,2023-12-09,15:00,Sat,Brighton,Burnley,1.0,1.0,31511.0,The American Express Community Stadium,S Hooper,0.0,1.0,29.0,6.0,11.0,3.0,9.0,1.0,5.0,8.0,0.0,4.0,0.0,0.0,1.5,4.75,6.0,D
2023-2024,16,2023-12-09,15:00,Sat,Sheffield United,Brentford,1.0,0.0,28509.0,Bramall Lane,S Attwell,1.0,0.0,9.0,10.0,4.0,4.0,3.0,4.0,14.0,13.0,5.0,1.0,0.0,0.0,4.2,3.8,1.75,H
2023-2024,16,2023-12-09,17:30,Sat,Aston Villa,Arsenal,1.0,0.0,42000.0,Villa Park,J Gillett,1.0,0.0,10.0,12.0,3.0,5.0,3.0,3.0,16.0,11.0,4.0,2.0,0.0,0.0,3.3,3.6,2.1,H
2023-2024,16,2023-12-10,14:00,Sun,Everton,Chelsea,2.0,0.0,39280.0,Goodison Park,M Oliver,0.0,0.0,9.0,16.0,5.0,4.0,4.0,8.0,12.0,12.0,2.0,2.0,0.0,0.0,3.1,3.5,2.25,H
2023-2024,16,2023-12-10,14:00,Sun,Fulham,West Ham,5.0,0.0,23988.0,Craven Cottage,P Tierney,3.0,0.0,14.0,9.0,8.0,5.0,3.0,6.0,5.0,10.0,2.0,1.0,0.0,0.0,2.38,3.5,2.9,H
2023-2024,16,2023-12-10,14:00,Sun,Luton Town,Manchester City,1.0,2.0,11047.0,Kenilworth Road Stadium,T Robinson,1.0,0.0,4.0,18.0,2.0,6.0,6.0,3.0,16.0,6.0,2.0,1.0,0.0,0.0,17.0,8.0,1.14,A
2023-2024,16,2023-12-10,16:30,Sun,Tottenham,Newcastle United,4.0,1.0,61171.0,Tottenham Hotspur Stadium,C Kavanagh,2.0,0.0,23.0,9.0,12.0,3.0,3.0,6.0,10.0,12.0,1.0,3.0,0.0,0.0,2.15,3.8,3.1,H
2023-2024,17,2023-12-15,20:00,Fri,Nottingham Forest,Tottenham,0.0,2.0,29296.0,The City Ground,J Gillett,0.0,1.0,15.0,12.0,1.0,6.0,6.0,4.0,16.0,11.0,2.0,4.0,0.0,1.0,4.2,4.2,1.73,A
2023-2024,17,2023-12-16,15:00,Sat,Manchester City,Crystal Palace,2.0,2.0,53248.0,Etihad Stadium,P Tierney,1.0,0.0,19.0,5.0,9.0,2.0,6.0,1.0,12.0,9.0,1.0,1.0,0.0,0.0,1.18,8.0,13.0,D
2023-2024,17,2023-12-16,15:00,Sat,Chelsea,Sheffield United,2.0,0.0,39599.0,Stamford Bridge,A Madley,0.0,0.0,15.0,6.0,6.0,1.0,7.0,6.0,9.0,14.0,1.0,3.0,0.0,0.0,1.22,6.5,13.0,H
2023-2024,17,2023-12-16,15:00,Sat,Newcastle United,Fulham,3.0,0.0,52055.0,St James' Park,S Barrott,0.0,0.0,27.0,6.0,10.0,4.0,5.0,1.0,7.0,12.0,0.0,2.0,0.0,1.0,1.8,3.8,4.0,H
2023-2024,17,2023-12-16,17:30,Sat,Burnley,Everton,0.0,2.0,21413.0,Turf Moor,A Taylor,0.0,2.0,14.0,9.0,2.0,6.0,8.0,6.0,9.0,8.0,0.0,1.0,0.0,0.0,3.6,3.4,2.1,A
2023-2024,17,2023-12-17,14:00,Sun,Brentford,Aston Villa,1.0,2.0,17034.0,Gtech Community Stadium,D Coote,1.0,0.0,4.0,15.0,3.0,5.0,7.0,12.0,19.0,6.0,6.0,4.0,1.0,1.0,3.2,3.75,2.1,A
2023-2024,17,2023-12-17,14:00,Sun,West Ham,Wolves,3.0,0.0,62455.0,London Stadium,C Kavanagh,2.0,0.0,13.0,14.0,4.0,3.0,6.0,6.0,12.0,15.0,3.0,1.0,0.0,0.0,2.15,3.5,3.3,H
2023-2024,17,2023-12-17,14:00,Sun,Arsenal,Brighton,2.0,0.0,60257.0,Emirates Stadium,T Robinson,0.0,0.0,26.0,6.0,9.0,1.0,10.0,1.0,11.0,9.0,1.0,3.0,0.0,0.0,1.44,5.0,6.0,H
2023-2024,17,2023-12-17,16:30,Sun,Liverpool,Manchester United,0.0,0.0,57158.0,Anfield,M Oliver,0.0,0.0,34.0,6.0,8.0,1.0,12.0,0.0,13.0,8.0,2.0,4.0,0.0,1.0,1.3,6.0,8.0,D
2023-2024,18,2023-12-21,20:00,Thu,Crystal Palace,Brighton,1.0,1.0,24171.0,Selhurst Park,J Brooks,1.0,0.0,11.0,18.0,3.0,6.0,3.0,1.0,12.0,11.0,5.0,2.0,0.0,0.0,3.3,3.3,2.15,D
2023-2024,18,2023-12-22,20:00,Fri,Aston Villa,Sheffield United,1.0,1.0,41651.0,Villa Park,A Taylor,0.0,0.0,12.0,5.0,4.0,2.0,9.0,1.0,11.0,16.0,3.0,3.0,0.0,0.0,1.22,6.5,12.0,D
2023-2024,18,2023-12-23,12:30,Sat,West Ham,Manchester United,2.0,0.0,64472.0,London Stadium,S Hooper,0.0,0.0,12.0,11.0,5.0,3.0,4.0,4.0,13.0,15.0,2.0,3.0,0.0,0.0,2.6,3.6,2.6,H
2023-2024,18,2023-12-23,15:00,Sat,Luton Town,Newcastle United,1.0,0.0,11042.0,Kenilworth Road Stadium,D England,1.0,0.0,16.0,15.0,5.0,2.0,6.0,7.0,11.0,5.0,2.0,1.0,0.0,0.0,4.75,4.2,1.65,H
2023-2024,18,2023-12-23,15:00,Sat,Fulham,Burnley,0.0,2.0,23598.0,Craven Cottage,R Welch,0.0,0.0,19.0,7.0,5.0,2.0,8.0,6.0,5.0,17.0,2.0,1.0,0.0,0.0,1.67,3.75,5.25,A
2023-2024,18,2023-12-23,15:00,Sat,Tottenham,Everton,2.0,1.0,61808.0,Tottenham Hotspur Stadium,S Attwell,2.0,0.0,13.0,18.0,6.0,8.0,3.0,8.0,6.0,18.0,1.0,4.0,0.0,0.0,1.75,4.2,4.0,H
2023-2024,18,2023-12-23,15:00,Sat,Nottingham Forest,Bournemouth,2.0,3.0,29188.0,The City Ground,R Jones,0.0,0.0,11.0,18.0,5.0,7.0,6.0,6.0,10.0,10.0,0.0,3.0,1.0,0.0,2.75,3.4,2.55,A
2023-2024,18,2023-12-23,17:30,Sat,Liverpool,Arsenal,1.0,1.0,57548.0,Anfield,C Kavanagh,1.0,1.0,13.0,13.0,3.0,2.0,4.0,5.0,13.0,14.0,2.0,5.0,0.0,0.0,2.38,3.6,2.8,D
2023-2024,18,2023-12-24,13:00,Sun,Wolves,Chelsea,2.0,1.0,31641.0,Molineux Stadium,D Coote,0.0,0.0,14.0,16.0,6.0,5.0,10.0,6.0,11.0,9.0,3.0,5.0,0.0,0.0,3.75,3.75,1.91,H
2023-2024,19,2023-12-26,12:30,Tue,Newcastle United,Nottingham Forest,1.0,3.0,52207.0,St James' Park,C Kavanagh,1.0,1.0,19.0,15.0,7.0,6.0,10.0,2.0,10.0,11.0,3.0,3.0,0.0,0.0,1.5,4.33,5.75,A
2023-2024,19,2023-12-26,15:00,Tue,Bournemouth,Fulham,3.0,0.0,11099.0,Vitality Stadium,T Robinson,1.0,0.0,16.0,8.0,4.0,3.0,6.0,5.0,10.0,10.0,0.0,2.0,0.0,0.0,2.15,3.6,3.2,H
2023-2024,19,2023-12-26,15:00,Tue,Sheffield United,Luton Town,2.0,3.0,31041.0,Bramall Lane,S Allison,0.0,1.0,21.0,12.0,6.0,4.0,9.0,4.0,13.0,13.0,5.0,0.0,0.0,0.0,2.3,3.3,3.1,A
2023-2024,19,2023-12-26,17:30,Tue,Burnley,Liverpool,0.0,2.0,21624.0,Turf Moor,P Tierney,0.0,1.0,9.0,19.0,0.0,10.0,4.0,4.0,7.0,10.0,2.0,1.0,0.0,0.0,6.5,5.25,1.4,A
2023-2024,19,2023-12-26,20:00,Tue,Manchester United,Aston Villa,3.0,2.0,73574.0,Old Trafford,C Pawson,0.0,2.0,13.0,10.0,7.0,4.0,3.0,6.0,10.0,10.0,1.0,3.0,0.0,0.0,2.6,3.5,2.6,H
2023-2024,19,2023-12-27,19:30,Wed,Chelsea,Crystal Palace,2.0,1.0,39618.0,Stamford Bridge,M Salisbury,1.0,1.0,9.0,13.0,4.0,5.0,4.0,3.0,13.0,16.0,3.0,2.0,0.0,0.0,1.67,4.0,5.0,H
2023-2024,19,2023-12-27,19:30,Wed,Brentford,Wolves,1.0,4.0,17109.0,Gtech Community Stadium,A Madley,1.0,3.0,14.0,11.0,4.0,5.0,8.0,2.0,5.0,14.0,1.0,1.0,0.0,0.0,1.95,3.5,4.2,A
2023-2024,19,2023-12-27,20:15,Wed,Everton,Manchester City,1.0,3.0,39327.0,Goodison Park,J Brooks,1.0,0.0,7.0,23.0,2.0,9.0,8.0,4.0,13.0,5.0,4.0,2.0,0.0,0.0,5.75,4.0,1.57,A
2023-2024,19,2023-12-28,19:30,Thu,Brighton,Tottenham,4.0,2.0,31675.0,The American Express Community Stadium,J Gillett,2.0,0.0,15.0,19.0,9.0,3.0,7.0,6.0,18.0,6.0,3.0,2.0,0.0,0.0,2.5,3.6,2.6,H
2023-2024,19,2023-12-28,20:15,Thu,Arsenal,West Ham,0.0,2.0,60261.0,Emirates Stadium,M Oliver,0.0,1.0,30.0,6.0,8.0,3.0,10.0,3.0,8.0,8.0,2.0,0.0,0.0,0.0,1.33,5.5,7.5,A
2023-2024,20,2023-12-30,12:30,Sat,Luton Town,Chelsea,2.0,3.0,11041.0,Kenilworth Road Stadium,P Tierney,0.0,2.0,15.0,12.0,6.0,8.0,7.0,2.0,14.0,21.0,2.0,2.0,0.0,0.0,6.5,4.2,1.5,A
2023-2024,20,2023-12-30,15:00,Sat,Aston Villa,Burnley,3.0,2.0,41613.0,Villa Park,S Attwell,2.0,1.0,19.0,9.0,7.0,5.0,6.0,2.0,9.0,14.0,4.0,1.0,0.0,1.0,1.36,5.25,7.5,H
2023-2024,20,2023-12-30,15:00,Sat,Wolves,Everton,3.0,0.0,31639.0,Molineux Stadium,T Bramall,1.0,0.0,12.0,10.0,6.0,0.0,5.0,2.0,9.0,14.0,2.0,3.0,0.0,0.0,2.63,3.3,2.7,H
2023-2024,20,2023-12-30,15:00,Sat,Manchester City,Sheffield United,2.0,0.0,53108.0,Etihad Stadium,D Coote,1.0,0.0,18.0,4.0,4.0,2.0,12.0,2.0,5.0,6.0,1.0,1.0,0.0,0.0,1.08,11.0,29.0,H
2023-2024,20,2023-12-30,15:00,Sat,Crystal Palace,Brentford,3.0,1.0,25472.0,Selhurst Park,R Jones,2.0,1.0,13.0,9.0,6.0,4.0,7.0,4.0,14.0,10.0,0.0,1.0,0.0,0.0,2.2,3.3,3.4,H
2023-2024,20,2023-12-30,17:30,Sat,Nottingham Forest,Manchester United,2.0,1.0,29529.0,The City Ground,T Robinson,0.0,0.0,8.0,10.0,2.0,5.0,4.0,5.0,9.0,11.0,2.0,4.0,0.0,0.0,3.2,3.6,2.15,H
2023-2024,20,2023-12-31,14:00,Sun,Tottenham,Bournemouth,3.0,1.0,61780.0,Tottenham Hotspur Stadium,S Hooper,1.0,0.0,12.0,24.0,6.0,4.0,4.0,13.0,9.0,18.0,3.0,3.0,0.0,0.0,1.75,4.2,4.0,H
2023-2024,20,2023-12-31,14:00,Sun,Fulham,Arsenal,2.0,1.0,24444.0,Craven Cottage,J Smith,1.0,1.0,15.0,13.0,4.0,3.0,5.0,4.0,11.0,10.0,4.0,1.0,0.0,0.0,5.25,4.5,1.55,H
2023-2024,20,2024-01-01,20:00,Mon,Liverpool,Newcastle United,4.0,2.0,57471.0,Anfield,A Taylor,0.0,0.0,34.0,5.0,15.0,3.0,7.0,3.0,16.0,15.0,3.0,5.0,0.0,0.0,1.45,4.5,7.0,H
2023-2024,20,2024-01-02,19:30,Tue,West Ham,Brighton,0.0,0.0,62462.0,London Stadium,S Barrott,0.0,0.0,6.0,22.0,2.0,8.0,2.0,0.0,4.0,6.0,1.0,0.0,0.0,0.0,2.45,3.75,2.75,D
2023-2024,21,2024-01-12,19:45,Fri,Burnley,Luton Town,1.0,1.0,20155.0,Turf Moor,T Harrington,1.0,0.0,13.0,14.0,7.0,5.0,2.0,8.0,7.0,12.0,1.0,0.0,0.0,0.0,2.0,3.6,3.6,D
2023-2024,21,2024-01-13,12:30,Sat,Chelsea,Fulham,1.0,0.0,39643.0,Stamford Bridge,A Taylor,1.0,0.0,17.0,14.0,3.0,4.0,6.0,4.0,13.0,9.0,5.0,1.0,0.0,0.0,1.6,4.2,5.25,H
2023-2024,21,2024-01-13,17:30,Sat,Newcastle United,Manchester City,2.0,3.0,52190.0,St James' Park,C Kavanagh,2.0,1.0,12.0,27.0,5.0,11.0,3.0,13.0,7.0,7.0,1.0,2.0,0.0,0.0,5.5,4.33,1.55,A
2023-2024,21,2024-01-14,14:00,Sun,Everton,Aston Villa,0.0,0.0,39284.0,Goodison Park,D Coote,0.0,0.0,10.0,16.0,2.0,5.0,4.0,5.0,13.0,14.0,1.0,4.0,0.0,0.0,2.8,3.5,2.45,D
2023-2024,21,2024-01-14,16:30,Sun,Manchester United,Tottenham,2.0,2.0,73489.0,Old Trafford,J Brooks,2.0,1.0,9.0,16.0,2.0,6.0,8.0,13.0,8.0,5.0,2.0,1.0,0.0,0.0,2.2,3.75,3.0,D
2023-2024,21,2024-01-20,12:30,Sat,Arsenal,Crystal Palace,5.0,0.0,60284.0,Emirates Stadium,P Tierney,2.0,0.0,21.0,12.0,6.0,5.0,6.0,7.0,8.0,12.0,0.0,0.0,0.0,0.0,1.3,5.75,9.0,H
2023-2024,21,2024-01-20,17:30,Sat,Brentford,Nottingham Forest,3.0,2.0,17077.0,Gtech Community Stadium,D England,1.0,1.0,11.0,12.0,5.0,3.0,6.0,4.0,10.0,14.0,1.0,3.0,0.0,0.0,1.91,3.6,4.0,H
2023-2024,21,2024-01-21,14:00,Sun,Sheffield United,West Ham,2.0,2.0,29164.0,Bramall Lane,M Salisbury,1.0,1.0,21.0,16.0,6.0,5.0,4.0,1.0,11.0,10.0,3.0,1.0,1.0,1.0,3.4,3.3,2.2,D
2023-2024,21,2024-01-21,16:30,Sun,Bournemouth,Liverpool,0.0,4.0,11228.0,Vitality Stadium,A Madley,0.0,0.0,11.0,14.0,1.0,7.0,8.0,5.0,9.0,12.0,1.0,2.0,0.0,0.0,4.2,4.5,1.7,A
2023-2024,21,2024-01-22,19:45,Mon,Brighton,Wolves,0.0,0.0,41505.0,The American Express Community Stadium,C Pawson,0.0,0.0,11.0,8.0,4.0,3.0,8.0,2.0,10.0,13.0,1.0,4.0,0.0,0.0,1.65,4.33,5.0,D
2023-2024,22,2024-01-30,19:30,Tue,Nottingham Forest,Arsenal,1.0,2.0,29387.0,The City Ground,S Hooper,0.0,0.0,9.0,19.0,3.0,3.0,2.0,11.0,6.0,7.0,0.0,1.0,0.0,0.0,7.5,5.0,1.4,A
2023-2024,22,2024-01-30,19:45,Tue,Fulham,Everton,0.0,0.0,24376.0,Craven Cottage,T Bramall,0.0,0.0,25.0,21.0,6.0,4.0,15.0,6.0,6.0,13.0,1.0,2.0,0.0,0.0,2.45,3.2,3.0,D
2023-2024,22,2024-01-30,19:45,Tue,Luton Town,Brighton,4.0,0.0,10994.0,Kenilworth Road Stadium,R Jones,3.0,0.0,18.0,9.0,8.0,2.0,7.0,4.0,13.0,14.0,2.0,2.0,0.0,0.0,4.2,4.2,1.75,H
2023-2024,22,2024-01-30,20:00,Tue,Crystal Palace,Sheffield United,3.0,2.0,24781.0,Selhurst Park,T Harrington,2.0,2.0,12.0,9.0,4.0,5.0,11.0,1.0,8.0,18.0,1.0,4.0,0.0,0.0,1.62,3.6,6.5,H
2023-2024,22,2024-01-30,20:15,Tue,Aston Villa,Newcastle United,1.0,3.0,42191.0,Villa Park,J Brooks,0.0,2.0,12.0,14.0,6.0,5.0,8.0,7.0,14.0,12.0,4.0,1.0,0.0,0.0,1.85,4.0,3.8,A
2023-2024,22,2024-01-31,19:30,Wed,Tottenham,Brentford,3.0,2.0,61210.0,Tottenham Hotspur Stadium,D Coote,0.0,1.0,19.0,9.0,5.0,5.0,5.0,3.0,13.0,15.0,2.0,3.0,0.0,0.0,1.67,4.2,4.75,H
2023-2024,22,2024-01-31,19:30,Wed,Manchester City,Burnley,3.0,1.0,52143.0,Etihad Stadium,S Barrott,2.0,0.0,14.0,8.0,4.0,3.0,7.0,3.0,3.0,13.0,2.0,2.0,0.0,0.0,1.08,12.0,21.0,H
2023-2024,22,2024-01-31,20:15,Wed,Liverpool,Chelsea,4.0,1.0,57524.0,Anfield,P Tierney,2.0,0.0,28.0,4.0,13.0,3.0,8.0,1.0,15.0,16.0,2.0,4.0,0.0,0.0,1.57,4.33,5.25,H
2023-2024,22,2024-02-01,19:30,Thu,West Ham,Bournemouth,1.0,1.0,62478.0,London Stadium,T Robinson,0.0,1.0,9.0,9.0,3.0,4.0,1.0,5.0,13.0,11.0,1.0,3.0,0.0,0.0,2.4,3.75,2.75,D
2023-2024,22,2024-02-01,20:15,Thu,Wolves,Manchester United,3.0,4.0,31641.0,Molineux Stadium,J Gillett,0.0,2.0,16.0,21.0,7.0,8.0,4.0,5.0,10.0,10.0,2.0,5.0,0.0,0.0,2.63,3.6,2.55,A
2023-2024,23,2024-02-03,12:30,Sat,Everton,Tottenham,2.0,2.0,39321.0,Goodison Park,M Oliver,1.0,2.0,14.0,9.0,5.0,6.0,9.0,5.0,8.0,14.0,3.0,0.0,0.0,0.0,3.0,3.6,2.25,D
2023-2024,23,2024-02-03,15:00,Sat,Newcastle United,Luton Town,4.0,4.0,52211.0,St James' Park,T Bramall,2.0,2.0,19.0,11.0,6.0,8.0,8.0,2.0,13.0,16.0,2.0,2.0,0.0,0.0,1.44,4.75,6.5,D
2023-2024,23,2024-02-03,15:00,Sat,Brighton,Crystal Palace,4.0,1.0,31345.0,The American Express Community Stadium,S Hooper,3.0,0.0,13.0,7.0,6.0,5.0,3.0,2.0,8.0,14.0,1.0,3.0,0.0,0.0,1.7,4.0,4.75,H
2023-2024,23,2024-02-03,15:00,Sat,Burnley,Fulham,2.0,2.0,20203.0,Turf Moor,D Bond,0.0,2.0,12.0,15.0,4.0,7.0,2.0,13.0,11.0,7.0,2.0,2.0,0.0,0.0,2.9,3.4,2.38,D
2023-2024,23,2024-02-03,17:30,Sat,Sheffield United,Aston Villa,0.0,5.0,30187.0,Bramall Lane,P Tierney,0.0,4.0,10.0,14.0,5.0,10.0,3.0,4.0,10.0,7.0,1.0,0.0,0.0,0.0,5.25,4.2,1.62,A
2023-2024,23,2024-02-04,14:00,Sun,Bournemouth,Nottingham Forest,1.0,1.0,11200.0,Vitality Stadium,R Welch,1.0,1.0,9.0,8.0,2.0,6.0,11.0,6.0,19.0,12.0,3.0,2.0,1.0,0.0,1.7,4.2,4.5,D
2023-2024,23,2024-02-04,14:00,Sun,Manchester United,West Ham,3.0,0.0,73612.0,Old Trafford,A Madley,1.0,0.0,12.0,22.0,5.0,3.0,5.0,8.0,10.0,5.0,0.0,1.0,0.0,0.0,1.62,4.2,5.0,H
2023-2024,23,2024-02-04,14:00,Sun,Chelsea,Wolves,2.0,4.0,39628.0,Stamford Bridge,T Robinson,1.0,2.0,15.0,14.0,6.0,7.0,10.0,1.0,15.0,11.0,3.0,2.0,0.0,0.0,1.62,4.0,5.5,A
2023-2024,23,2024-02-04,16:30,Sun,Arsenal,Liverpool,3.0,1.0,60374.0,Emirates Stadium,A Taylor,1.0,1.0,15.0,10.0,7.0,1.0,2.0,4.0,11.0,11.0,6.0,2.0,0.0,1.0,2.2,3.6,3.1,H
2023-2024,23,2024-02-05,20:00,Mon,Brentford,Manchester City,1.0,3.0,17096.0,Gtech Community Stadium,J Gillett,1.0,1.0,9.0,25.0,3.0,15.0,8.0,13.0,2.0,4.0,1.0,0.0,0.0,0.0,7.0,4.75,1.4,A
2023-2024,24,2024-02-10,12:30,Sat,Manchester City,Everton,2.0,0.0,52187.0,Etihad Stadium,J Brooks,0.0,0.0,19.0,5.0,3.0,1.0,9.0,0.0,6.0,11.0,0.0,2.0,0.0,0.0,1.18,8.0,13.0,H
2023-2024,24,2024-02-10,15:00,Sat,Luton Town,Sheffield United,1.0,3.0,11138.0,Kenilworth Road Stadium,C Kavanagh,0.0,2.0,20.0,7.0,5.0,3.0,13.0,1.0,7.0,12.0,1.0,2.0,0.0,0.0,1.75,3.75,4.75,A
2023-2024,24,2024-02-10,15:00,Sat,Liverpool,Burnley,3.0,1.0,59896.0,Anfield,T Robinson,1.0,1.0,25.0,9.0,10.0,4.0,9.0,3.0,11.0,13.0,3.0,2.0,0.0,0.0,1.17,8.0,17.0,H
2023-2024,24,2024-02-10,15:00,Sat,Wolves,Brentford,0.0,2.0,30731.0,Molineux Stadium,S Hooper,0.0,1.0,17.0,9.0,5.0,6.0,7.0,4.0,11.0,9.0,2.0,3.0,0.0,0.0,2.1,3.6,3.4,A
2023-2024,24,2024-02-10,15:00,Sat,Fulham,Bournemouth,3.0,1.0,24271.0,Craven Cottage,D England,2.0,0.0,7.0,25.0,6.0,4.0,1.0,14.0,11.0,11.0,1.0,2.0,0.0,0.0,2.38,3.5,2.8,H
2023-2024,24,2024-02-10,15:00,Sat,Tottenham,Brighton,2.0,1.0,61445.0,Tottenham Hotspur Stadium,S Barrott,0.0,1.0,16.0,6.0,6.0,3.0,9.0,6.0,14.0,13.0,2.0,3.0,0.0,0.0,1.8,4.2,3.8,H
2023-2024,24,2024-02-10,17:30,Sat,Nottingham Forest,Newcastle United,2.0,3.0,29451.0,The City Ground,A Taylor,2.0,2.0,13.0,7.0,3.0,5.0,4.0,4.0,9.0,6.0,1.0,2.0,0.0,0.0,3.3,3.75,2.05,A
2023-2024,24,2024-02-11,14:00,Sun,West Ham,Arsenal,0.0,6.0,62475.0,London Stadium,C Pawson,0.0,4.0,5.0,25.0,1.0,12.0,2.0,6.0,17.0,11.0,4.0,0.0,0.0,0.0,6.0,4.33,1.53,A
2023-2024,24,2024-02-11,16:30,Sun,Aston Villa,Manchester United,1.0,2.0,42185.0,Villa Park,R Jones,0.0,1.0,23.0,17.0,10.0,5.0,10.0,8.0,9.0,7.0,3.0,2.0,0.0,0.0,2.15,3.75,3.1,A
2023-2024,24,2024-02-12,20:00,Mon,Crystal Palace,Chelsea,1.0,3.0,25110.0,Selhurst Park,M Oliver,1.0,0.0,13.0,14.0,4.0,5.0,1.0,7.0,14.0,7.0,2.0,2.0,0.0,0.0,4.2,3.8,1.85,A
2023-2024,25,2024-02-17,12:30,Sat,Brentford,Liverpool,1.0,4.0,17193.0,Gtech Community Stadium,M Oliver,0.0,1.0,15.0,15.0,6.0,8.0,1.0,6.0,4.0,18.0,2.0,1.0,0.0,0.0,5.5,4.33,1.57,A
2023-2024,25,2024-02-17,15:00,Sat,Newcastle United,Bournemouth,2.0,2.0,52224.0,St James' Park,M Salisbury,0.0,0.0,17.0,12.0,5.0,7.0,4.0,2.0,9.0,22.0,1.0,3.0,0.0,0.0,1.83,4.2,3.75,D
2023-2024,25,2024-02-17,15:00,Sat,Tottenham,Wolves,1.0,2.0,61532.0,Tottenham Hotspur Stadium,A Taylor,0.0,1.0,15.0,12.0,4.0,7.0,10.0,4.0,8.0,13.0,0.0,1.0,0.0,0.0,1.53,4.75,5.25,A
2023-2024,25,2024-02-17,15:00,Sat,Burnley,Arsenal,0.0,5.0,21311.0,Turf Moor,J Gillett,0.0,2.0,8.0,16.0,0.0,7.0,4.0,6.0,11.0,8.0,2.0,1.0,0.0,0.0,10.0,5.75,1.29,A
2023-2024,25,2024-02-17,15:00,Sat,Fulham,Aston Villa,1.0,2.0,24401.0,Craven Cottage,L Smith,0.0,1.0,15.0,12.0,4.0,3.0,4.0,4.0,11.0,6.0,5.0,2.0,0.0,0.0,2.9,3.75,2.2,A
2023-2024,25,2024-02-17,15:00,Sat,Nottingham Forest,West Ham,2.0,0.0,29490.0,The City Ground,T Bramall,1.0,0.0,19.0,10.0,8.0,3.0,5.0,3.0,13.0,15.0,4.0,4.0,0.0,1.0,2.38,3.5,2.9,H
2023-2024,25,2024-02-17,17:30,Sat,Manchester City,Chelsea,1.0,1.0,52178.0,Etihad Stadium,A Madley,0.0,1.0,31.0,9.0,5.0,6.0,12.0,1.0,7.0,12.0,1.0,3.0,0.0,0.0,1.33,5.5,8.0,D
2023-2024,25,2024-02-18,14:00,Sun,Sheffield United,Brighton,0.0,5.0,29522.0,Bramall Lane,S Attwell,0.0,2.0,6.0,24.0,1.0,10.0,5.0,10.0,3.0,5.0,1.0,4.0,1.0,0.0,5.0,4.2,1.62,A
2023-2024,25,2024-02-18,16:30,Sun,Luton Town,Manchester United,1.0,2.0,11483.0,Kenilworth Road Stadium,D Coote,1.0,2.0,22.0,21.0,4.0,9.0,8.0,6.0,7.0,21.0,3.0,5.0,0.0,0.0,4.0,4.0,1.8,A
2023-2024,25,2024-02-19,20:00,Mon,Everton,Crystal Palace,1.0,1.0,38164.0,Goodison Park,P Tierney,0.0,0.0,19.0,10.0,4.0,4.0,3.0,6.0,8.0,12.0,0.0,2.0,0.0,0.0,1.7,3.6,5.25,D
2023-2024,18,2024-02-20,19:30,Tue,Manchester City,Brentford,1.0,0.0,52247.0,Etihad Stadium,D England,0.0,0.0,25.0,6.0,11.0,2.0,10.0,1.0,12.0,6.0,2.0,4.0,0.0,0.0,1.18,8.0,13.0,H
2023-2024,26,2024-02-21,19:30,Wed,Liverpool,Luton Town,4.0,1.0,59713.0,Anfield,A Madley,0.0,1.0,29.0,12.0,13.0,3.0,13.0,4.0,15.0,14.0,1.0,4.0,0.0,0.0,1.2,7.0,13.0,H
2023-2024,26,2024-02-24,15:00,Sat,Manchester United,Fulham,1.0,2.0,73487.0,Old Trafford,M Oliver,0.0,0.0,21.0,17.0,9.0,5.0,10.0,9.0,6.0,11.0,2.0,5.0,0.0,0.0,1.57,4.33,5.5,A
2023-2024,26,2024-02-24,15:00,Sat,Crystal Palace,Burnley,3.0,0.0,24042.0,Selhurst Park,L Smith,0.0,0.0,15.0,2.0,6.0,0.0,12.0,3.0,8.0,13.0,3.0,1.0,0.0,1.0,1.95,3.5,4.0,H
2023-2024,26,2024-02-24,15:00,Sat,Brighton,Everton,1.0,1.0,41646.0,The American Express Community Stadium,T Harrington,0.0,0.0,23.0,6.0,7.0,3.0,11.0,3.0,9.0,14.0,2.0,3.0,1.0,0.0,1.83,3.8,4.2,D
2023-2024,26,2024-02-24,15:00,Sat,Aston Villa,Nottingham Forest,4.0,2.0,42131.0,Villa Park,S Barrott,3.0,1.0,16.0,10.0,6.0,3.0,7.0,2.0,7.0,16.0,1.0,2.0,0.0,0.0,1.53,4.5,5.75,H
2023-2024,26,2024-02-24,17:30,Sat,Bournemouth,Manchester City,0.0,1.0,11184.0,Vitality Stadium,J Gillett,0.0,1.0,13.0,15.0,4.0,6.0,3.0,8.0,14.0,6.0,2.0,2.0,0.0,0.0,7.0,5.25,1.4,A
2023-2024,26,2024-02-24,20:00,Sat,Arsenal,Newcastle United,4.0,1.0,60298.0,Emirates Stadium,P Tierney,2.0,0.0,18.0,3.0,8.0,2.0,9.0,0.0,15.0,6.0,1.0,0.0,0.0,0.0,1.36,5.25,8.0,H
2023-2024,26,2024-02-25,13:30,Sun,Wolves,Sheffield United,1.0,0.0,30789.0,Molineux Stadium,D Bond,1.0,0.0,13.0,12.0,2.0,4.0,5.0,6.0,8.0,4.0,2.0,1.0,0.0,0.0,1.44,4.75,7.0,H
2023-2024,26,2024-02-26,20:00,Mon,West Ham,Brentford,4.0,2.0,62450.0,London Stadium,S Hooper,2.0,1.0,17.0,14.0,6.0,8.0,1.0,7.0,5.0,9.0,1.0,2.0,0.0,0.0,2.5,3.5,2.75,H
2023-2024,27,2024-03-02,15:00,Sat,Fulham,Brighton,3.0,0.0,24460.0,Craven Cottage,S Hooper,2.0,0.0,12.0,15.0,5.0,5.0,2.0,6.0,16.0,10.0,1.0,2.0,0.0,0.0,2.55,3.6,2.63,H
2023-2024,27,2024-03-02,15:00,Sat,Tottenham,Crystal Palace,3.0,1.0,61339.0,Tottenham Hotspur Stadium,J Brooks,0.0,0.0,14.0,4.0,6.0,1.0,11.0,1.0,7.0,16.0,1.0,2.0,0.0,0.0,1.5,4.33,6.5,H
2023-2024,27,2024-03-02,15:00,Sat,Brentford,Chelsea,2.0,2.0,17140.0,Gtech Community Stadium,J Gillett,0.0,1.0,14.0,17.0,5.0,6.0,0.0,6.0,10.0,9.0,3.0,1.0,0.0,0.0,3.1,3.75,2.15,D
2023-2024,27,2024-03-02,15:00,Sat,Newcastle United,Wolves,3.0,0.0,52206.0,St James' Park,T Robinson,2.0,0.0,14.0,12.0,7.0,3.0,3.0,5.0,8.0,11.0,0.0,1.0,0.0,0.0,1.91,4.0,3.6,H
2023-2024,27,2024-03-02,15:00,Sat,Nottingham Forest,Liverpool,0.0,1.0,29603.0,The City Ground,P Tierney,0.0,0.0,8.0,22.0,2.0,2.0,3.0,12.0,11.0,12.0,2.0,2.0,0.0,0.0,6.0,4.33,1.53,A
2023-2024,27,2024-03-02,15:00,Sat,Everton,West Ham,1.0,3.0,39262.0,Goodison Park,C Pawson,0.0,0.0,22.0,12.0,11.0,5.0,4.0,5.0,9.0,6.0,1.0,2.0,0.0,0.0,2.05,3.6,3.5,A
2023-2024,27,2024-03-02,17:30,Sat,Luton Town,Aston Villa,2.0,3.0,11594.0,Kenilworth Road Stadium,M Oliver,0.0,2.0,13.0,12.0,5.0,8.0,8.0,6.0,8.0,19.0,1.0,4.0,0.0,0.0,4.33,4.2,1.73,A
2023-2024,27,2024-03-03,13:00,Sun,Burnley,Bournemouth,0.0,2.0,19713.0,Turf Moor,D Coote,0.0,1.0,20.0,10.0,6.0,3.0,7.0,2.0,8.0,13.0,2.0,4.0,0.0,0.0,3.75,3.6,1.95,A
2023-2024,27,2024-03-03,15:30,Sun,Manchester City,Manchester United,3.0,1.0,53514.0,Etihad Stadium,A Madley,0.0,1.0,27.0,3.0,8.0,1.0,15.0,2.0,5.0,10.0,0.0,1.0,0.0,0.0,1.25,5.75,11.0,H
2023-2024,27,2024-03-04,20:00,Mon,Sheffield United,Arsenal,0.0,6.0,29157.0,Bramall Lane,S Barrott,0.0,5.0,4.0,22.0,0.0,10.0,0.0,7.0,11.0,4.0,1.0,0.0,0.0,0.0,17.0,7.0,1.18,A
2023-2024,28,2024-03-09,12:30,Sat,Manchester United,Everton,2.0,0.0,73601.0,Old Trafford,S Hooper,2.0,0.0,15.0,23.0,8.0,6.0,5.0,8.0,13.0,11.0,1.0,2.0,0.0,0.0,1.83,3.6,4.0,H
2023-2024,28,2024-03-09,15:00,Sat,Bournemouth,Sheffield United,2.0,2.0,11074.0,Vitality Stadium,A Taylor,0.0,1.0,32.0,13.0,12.0,9.0,10.0,3.0,12.0,11.0,3.0,5.0,0.0,0.0,1.33,5.25,8.0,D
2023-2024,28,2024-03-09,15:00,Sat,Wolves,Fulham,2.0,1.0,30860.0,Molineux Stadium,T Harrington,0.0,0.0,8.0,23.0,3.0,6.0,3.0,4.0,7.0,11.0,2.0,2.0,0.0,0.0,2.5,3.4,2.75,H
2023-2024,28,2024-03-09,15:00,Sat,Crystal Palace,Luton Town,1.0,1.0,25103.0,Selhurst Park,S Singh,1.0,0.0,21.0,8.0,4.0,2.0,8.0,6.0,20.0,11.0,2.0,3.0,0.0,0.0,1.75,3.8,4.2,D
2023-2024,28,2024-03-09,17:30,Sat,Arsenal,Brentford,2.0,1.0,60331.0,Emirates Stadium,R Jones,1.0,1.0,17.0,9.0,6.0,4.0,10.0,4.0,9.0,10.0,2.0,4.0,0.0,0.0,1.22,7.0,11.0,H
2023-2024,28,2024-03-10,13:00,Sun,Aston Villa,Tottenham,0.0,4.0,42310.0,Villa Park,C Kavanagh,0.0,0.0,10.0,9.0,1.0,5.0,6.0,4.0,11.0,15.0,0.0,2.0,1.0,0.0,2.38,4.0,2.6,A
2023-2024,28,2024-03-10,14:00,Sun,West Ham,Burnley,2.0,2.0,62441.0,London Stadium,D England,0.0,2.0,22.0,11.0,4.0,4.0,4.0,4.0,11.0,18.0,2.0,4.0,0.0,0.0,1.67,4.0,4.75,D
2023-2024,28,2024-03-10,14:00,Sun,Brighton,Nottingham Forest,1.0,0.0,31505.0,The American Express Community Stadium,M Salisbury,1.0,0.0,10.0,9.0,3.0,4.0,6.0,3.0,14.0,14.0,4.0,4.0,0.0,0.0,1.8,4.0,4.0,H
2023-2024,28,2024-03-10,15:45,Sun,Liverpool,Manchester City,1.0,1.0,59947.0,Anfield,M Oliver,0.0,1.0,19.0,10.0,6.0,6.0,7.0,4.0,6.0,10.0,0.0,3.0,0.0,0.0,3.0,3.75,2.2,D
2023-2024,28,2024-03-11,20:00,Mon,Chelsea,Newcastle United,3.0,2.0,37753.0,Stamford Bridge,J Brooks,1.0,1.0,12.0,11.0,8.0,3.0,0.0,4.0,12.0,7.0,3.0,1.0,0.0,0.0,1.91,4.0,3.6,H
2023-2024,17,2024-03-13,19:30,Wed,Bournemouth,Luton Town,4.0,3.0,11198.0,Vitality Stadium,S Allison,0.0,3.0,24.0,8.0,10.0,4.0,11.0,3.0,16.0,11.0,1.0,2.0,0.0,0.0,1.5,4.75,5.75,H
2023-2024,29,2024-03-16,15:00,Sat,Luton Town,Nottingham Forest,1.0,1.0,11630.0,Kenilworth Road Stadium,D England,0.0,1.0,10.0,16.0,4.0,6.0,6.0,7.0,10.0,17.0,1.0,2.0,0.0,0.0,2.8,3.5,2.45,D
2023-2024,29,2024-03-16,15:00,Sat,Burnley,Brentford,2.0,1.0,20431.0,Turf Moor,D Bond,1.0,0.0,17.0,9.0,6.0,5.0,5.0,4.0,14.0,17.0,2.0,4.0,0.0,1.0,3.25,3.6,2.15,H
2023-2024,29,2024-03-16,17:30,Sat,Fulham,Tottenham,3.0,0.0,24410.0,Craven Cottage,R Jones,1.0,0.0,16.0,14.0,7.0,5.0,4.0,5.0,9.0,10.0,2.0,3.0,0.0,0.0,3.5,3.8,1.95,H
2023-2024,29,2024-03-17,14:00,Sun,West Ham,Aston Villa,1.0,1.0,62461.0,London Stadium,J Gillett,1.0,0.0,13.0,13.0,5.0,5.0,7.0,11.0,13.0,12.0,3.0,3.0,0.0,0.0,2.63,3.75,2.45,D
2023-2024,30,2024-03-30,12:30,Sat,Newcastle United,West Ham,4.0,3.0,52199.0,St James' Park,R Jones,1.0,2.0,24.0,10.0,9.0,4.0,3.0,4.0,9.0,8.0,1.0,1.0,1.0,0.0,1.83,4.2,3.8,H
2023-2024,30,2024-03-30,15:00,Sat,Bournemouth,Everton,2.0,1.0,11207.0,Vitality Stadium,S Barrott,0.0,0.0,11.0,7.0,4.0,3.0,9.0,8.0,14.0,11.0,1.0,2.0,0.0,0.0,2.2,3.6,3.2,H
2023-2024,30,2024-03-30,15:00,Sat,Tottenham,Luton Town,2.0,1.0,61534.0,Tottenham Hotspur Stadium,J Gillett,0.0,1.0,17.0,7.0,4.0,3.0,3.0,6.0,16.0,14.0,2.0,4.0,0.0,0.0,1.2,8.0,11.0,H
2023-2024,30,2024-03-30,15:00,Sat,Nottingham Forest,Crystal Palace,1.0,1.0,29520.0,The City Ground,C Kavanagh,0.0,1.0,12.0,10.0,5.0,3.0,4.0,6.0,14.0,12.0,1.0,1.0,0.0,0.0,2.2,3.3,3.4,D
2023-2024,30,2024-03-30,15:00,Sat,Sheffield United,Fulham,3.0,3.0,30010.0,Bramall Lane,T Robinson,0.0,0.0,8.0,24.0,4.0,9.0,2.0,15.0,10.0,13.0,4.0,1.0,0.0,0.0,4.5,4.0,1.73,D
2023-2024,30,2024-03-30,15:00,Sat,Chelsea,Burnley,2.0,2.0,39535.0,Stamford Bridge,D England,1.0,0.0,33.0,18.0,13.0,7.0,12.0,4.0,12.0,7.0,2.0,2.0,0.0,1.0,1.29,6.0,9.5,D
2023-2024,30,2024-03-30,17:30,Sat,Aston Villa,Wolves,2.0,0.0,42640.0,Villa Park,P Tierney,1.0,0.0,11.0,13.0,5.0,3.0,5.0,4.0,11.0,19.0,3.0,4.0,0.0,0.0,1.6,4.33,5.0,H
2023-2024,30,2024-03-30,20:00,Sat,Brentford,Manchester United,1.0,1.0,17138.0,Gtech Community Stadium,S Hooper,0.0,0.0,31.0,11.0,5.0,5.0,14.0,4.0,7.0,14.0,2.0,2.0,0.0,0.0,3.0,3.8,2.2,D
2023-2024,30,2024-03-31,14:00,Sun,Liverpool,Brighton,2.0,1.0,60061.0,Anfield,D Coote,1.0,1.0,30.0,9.0,8.0,3.0,8.0,4.0,20.0,6.0,5.0,3.0,0.0,0.0,1.36,5.5,7.5,H
2023-2024,30,2024-03-31,16:30,Sun,Manchester City,Arsenal,0.0,0.0,52178.0,Etihad Stadium,A Taylor,0.0,0.0,12.0,6.0,1.0,2.0,7.0,4.0,9.0,20.0,0.0,2.0,0.0,0.0,1.91,3.8,3.8,D
2023-2024,31,2024-04-02,19:30,Tue,Newcastle United,Everton,1.0,1.0,52135.0,St James' Park,T Harrington,1.0,0.0,18.0,10.0,6.0,3.0,7.0,3.0,9.0,14.0,0.0,3.0,0.0,0.0,2.0,3.75,3.5,D
2023-2024,31,2024-04-02,19:30,Tue,Nottingham Forest,Fulham,3.0,1.0,28997.0,The City Ground,M Oliver,3.0,0.0,16.0,18.0,4.0,3.0,3.0,8.0,7.0,8.0,0.0,0.0,0.0,0.0,2.7,3.4,2.63,H
2023-2024,31,2024-04-02,19:45,Tue,Bournemouth,Crystal Palace,1.0,0.0,11058.0,Vitality Stadium,G Scott,0.0,0.0,11.0,3.0,6.0,2.0,9.0,2.0,13.0,14.0,3.0,2.0,0.0,0.0,1.95,3.8,3.6,H
2023-2024,31,2024-04-02,19:45,Tue,Burnley,Wolves,1.0,1.0,21528.0,Turf Moor,T Bramall,1.0,1.0,13.0,8.0,6.0,2.0,7.0,4.0,10.0,12.0,0.0,2.0,0.0,0.0,2.45,3.6,2.75,D
2023-2024,31,2024-04-02,20:15,Tue,West Ham,Tottenham,1.0,1.0,62469.0,London Stadium,J Brooks,1.0,1.0,11.0,13.0,4.0,4.0,9.0,5.0,13.0,9.0,1.0,4.0,0.0,0.0,3.3,4.2,1.95,D
2023-2024,31,2024-04-03,19:30,Wed,Arsenal,Luton Town,2.0,0.0,60262.0,Emirates Stadium,C Pawson,2.0,0.0,13.0,5.0,4.0,1.0,3.0,1.0,12.0,8.0,1.0,1.0,0.0,0.0,1.1,10.0,19.0,H
2023-2024,31,2024-04-03,19:30,Wed,Brentford,Brighton,0.0,0.0,17024.0,Gtech Community Stadium,A Madley,0.0,0.0,5.0,24.0,2.0,6.0,1.0,5.0,9.0,12.0,1.0,1.0,0.0,0.0,2.38,3.8,2.75,D
2023-2024,31,2024-04-03,20:15,Wed,Manchester City,Aston Villa,4.0,1.0,53422.0,Etihad Stadium,D England,2.0,1.0,25.0,8.0,11.0,3.0,2.0,3.0,6.0,13.0,1.0,2.0,0.0,0.0,1.3,6.0,8.0,H
2023-2024,31,2024-04-04,19:30,Thu,Liverpool,Sheffield United,3.0,1.0,60055.0,Anfield,S Attwell,1.0,0.0,29.0,8.0,9.0,3.0,13.0,1.0,6.0,9.0,0.0,1.0,0.0,0.0,1.09,12.0,21.0,H
2023-2024,31,2024-04-04,20:15,Thu,Chelsea,Manchester United,4.0,3.0,39694.0,Stamford Bridge,J Gillett,2.0,2.0,28.0,19.0,10.0,5.0,12.0,3.0,7.0,15.0,3.0,0.0,0.0,0.0,2.0,4.0,3.4,H
2023-2024,32,2024-04-06,12:30,Sat,Crystal Palace,Manchester City,2.0,4.0,25132.0,Selhurst Park,P Tierney,1.0,1.0,7.0,18.0,4.0,8.0,2.0,9.0,13.0,3.0,1.0,1.0,0.0,0.0,9.5,5.25,1.33,A
2023-2024,32,2024-04-06,15:00,Sat,Luton Town,Bournemouth,2.0,1.0,11797.0,Kenilworth Road Stadium,A Madley,0.0,0.0,19.0,8.0,9.0,1.0,7.0,2.0,7.0,14.0,0.0,0.0,0.0,0.0,3.75,3.8,1.91,H
2023-2024,32,2024-04-06,15:00,Sat,Wolves,West Ham,1.0,2.0,31504.0,Molineux Stadium,T Harrington,1.0,0.0,14.0,11.0,7.0,4.0,4.0,4.0,15.0,7.0,5.0,2.0,0.0,0.0,2.5,3.6,2.7,A
2023-2024,32,2024-04-06,15:00,Sat,Fulham,Newcastle United,0.0,1.0,24418.0,Craven Cottage,S Allison,0.0,0.0,14.0,12.0,4.0,5.0,14.0,3.0,10.0,13.0,1.0,2.0,0.0,0.0,2.38,3.8,2.8,A
2023-2024,32,2024-04-06,15:00,Sat,Everton,Burnley,1.0,0.0,39125.0,Goodison Park,M Oliver,1.0,0.0,12.0,6.0,3.0,1.0,3.0,5.0,11.0,13.0,2.0,1.0,0.0,1.0,1.65,4.0,5.25,H
2023-2024,32,2024-04-06,15:00,Sat,Aston Villa,Brentford,3.0,3.0,42118.0,Villa Park,M Salisbury,1.0,0.0,11.0,8.0,3.0,3.0,11.0,3.0,15.0,11.0,2.0,2.0,0.0,0.0,1.7,4.0,4.75,D
2023-2024,32,2024-04-06,17:30,Sat,Brighton,Arsenal,0.0,3.0,31677.0,The American Express Community Stadium,J Brooks,0.0,1.0,10.0,20.0,2.0,7.0,8.0,7.0,14.0,13.0,1.0,2.0,0.0,0.0,5.0,4.33,1.62,A
2023-2024,32,2024-04-07,15:30,Sun,Manchester United,Liverpool,2.0,2.0,73501.0,Old Trafford,A Taylor,0.0,1.0,9.0,28.0,5.0,7.0,6.0,11.0,9.0,10.0,5.0,2.0,0.0,0.0,4.75,4.5,1.6,D
2023-2024,32,2024-04-07,17:30,Sun,Sheffield United,Chelsea,2.0,2.0,28638.0,Bramall Lane,R Jones,1.0,1.0,11.0,6.0,6.0,3.0,7.0,6.0,12.0,10.0,4.0,2.0,0.0,0.0,7.0,5.25,1.4,D
2023-2024,32,2024-04-07,18:00,Sun,Tottenham,Nottingham Forest,3.0,1.0,61098.0,Tottenham Hotspur Stadium,S Hooper,1.0,1.0,17.0,13.0,7.0,6.0,12.0,2.0,11.0,12.0,2.0,3.0,0.0,0.0,1.4,5.5,6.5,H
2023-2024,33,2024-04-13,12:30,Sat,Newcastle United,Tottenham,4.0,0.0,52147.0,St James' Park,T Robinson,2.0,0.0,18.0,11.0,5.0,2.0,16.0,3.0,14.0,12.0,0.0,4.0,0.0,0.0,2.7,4.0,2.3,H
2023-2024,33,2024-04-13,15:00,Sat,Manchester City,Luton Town,5.0,1.0,52149.0,Etihad Stadium,J Brooks,1.0,0.0,33.0,4.0,13.0,2.0,12.0,1.0,7.0,6.0,1.0,0.0,0.0,0.0,1.1,11.0,19.0,H
2023-2024,33,2024-04-13,15:00,Sat,Nottingham Forest,Wolves,2.0,2.0,29604.0,The City Ground,C Pawson,1.0,1.0,18.0,11.0,9.0,4.0,10.0,1.0,15.0,10.0,2.0,3.0,0.0,0.0,2.1,3.4,3.5,D
2023-2024,33,2024-04-13,15:00,Sat,Brentford,Sheffield United,2.0,0.0,17115.0,Gtech Community Stadium,S Barrott,0.0,0.0,9.0,8.0,5.0,2.0,3.0,6.0,8.0,11.0,3.0,1.0,0.0,0.0,1.44,5.0,6.5,H
2023-2024,33,2024-04-13,15:00,Sat,Burnley,Brighton,1.0,1.0,20687.0,Turf Moor,S Hooper,0.0,0.0,11.0,20.0,3.0,8.0,4.0,5.0,18.0,8.0,1.0,2.0,0.0,0.0,3.5,3.75,2.0,D
2023-2024,33,2024-04-13,17:30,Sat,Bournemouth,Manchester United,2.0,2.0,11229.0,Vitality Stadium,T Harrington,2.0,1.0,20.0,8.0,5.0,2.0,7.0,2.0,13.0,14.0,4.0,0.0,0.0,0.0,2.4,3.9,2.6,D
2023-2024,33,2024-04-14,14:00,Sun,Liverpool,Crystal Palace,0.0,1.0,60090.0,Anfield,C Kavanagh,0.0,1.0,21.0,8.0,6.0,5.0,11.0,1.0,10.0,10.0,1.0,1.0,0.0,0.0,1.22,7.0,12.0,A
2023-2024,33,2024-04-14,14:00,Sun,West Ham,Fulham,0.0,2.0,62459.0,London Stadium,S Attwell,0.0,1.0,15.0,18.0,4.0,10.0,8.0,3.0,6.0,13.0,1.0,2.0,0.0,0.0,2.38,3.6,2.8,A
2023-2024,33,2024-04-14,16:30,Sun,Arsenal,Aston Villa,0.0,2.0,60350.0,Emirates Stadium,D Coote,0.0,0.0,18.0,11.0,4.0,2.0,4.0,6.0,12.0,7.0,3.0,1.0,0.0,0.0,1.29,5.75,10.0,A
2023-2024,33,2024-04-15,20:00,Mon,Chelsea,Everton,6.0,0.0,39392.0,Stamford Bridge,P Tierney,4.0,0.0,14.0,10.0,10.0,2.0,4.0,8.0,5.0,21.0,1.0,4.0,0.0,0.0,1.7,4.2,4.5,H
2023-2024,34,2024-04-20,15:00,Sat,Luton Town,Brentford,1.0,5.0,11877.0,Kenilworth Road Stadium,J Gillett,0.0,2.0,6.0,21.0,3.0,9.0,4.0,9.0,13.0,9.0,1.0,2.0,0.0,0.0,3.1,3.75,2.15,A
2023-2024,34,2024-04-20,15:00,Sat,Sheffield United,Burnley,1.0,4.0,28964.0,Bramall Lane,A Madley,0.0,2.0,18.0,16.0,11.0,9.0,11.0,2.0,10.0,9.0,1.0,0.0,0.0,0.0,2.75,3.6,2.45,A
2023-2024,34,2024-04-20,19:30,Sat,Wolves,Arsenal,0.0,2.0,31621.0,Molineux Stadium,P Tierney,0.0,1.0,5.0,24.0,3.0,9.0,1.0,2.0,14.0,9.0,3.0,2.0,0.0,0.0,8.5,4.5,1.4,A
2023-2024,34,2024-04-21,13:30,Sun,Everton,Nottingham Forest,2.0,0.0,39239.0,Goodison Park,A Taylor,1.0,0.0,7.0,8.0,4.0,3.0,6.0,4.0,15.0,9.0,3.0,2.0,0.0,0.0,2.05,3.5,3.6,H
2023-2024,34,2024-04-21,15:00,Sun,Aston Villa,Bournemouth,3.0,1.0,42189.0,Villa Park,T Robinson,1.0,1.0,14.0,14.0,4.0,6.0,8.0,4.0,8.0,14.0,1.0,3.0,0.0,0.0,1.85,4.0,3.6,H
2023-2024,34,2024-04-21,15:00,Sun,Crystal Palace,West Ham,5.0,2.0,25145.0,Selhurst Park,G Scott,4.0,1.0,18.0,4.0,7.0,1.0,4.0,0.0,9.0,9.0,3.0,2.0,0.0,0.0,2.1,3.6,3.4,H
2023-2024,34,2024-04-21,16:30,Sun,Fulham,Liverpool,1.0,3.0,24414.0,Craven Cottage,C Pawson,1.0,1.0,12.0,14.0,5.0,7.0,1.0,4.0,5.0,11.0,3.0,0.0,0.0,0.0,5.25,4.5,1.57,A
2023-2024,29,2024-04-23,20:00,Tue,Arsenal,Chelsea,5.0,0.0,60238.0,Emirates Stadium,S Hooper,1.0,0.0,27.0,7.0,10.0,1.0,4.0,2.0,12.0,11.0,2.0,2.0,0.0,0.0,1.44,5.0,6.0,H
2023-2024,29,2024-04-24,19:45,Wed,Wolves,Bournemouth,0.0,1.0,25541.0,Molineux Stadium,S Attwell,0.0,1.0,15.0,21.0,4.0,6.0,8.0,12.0,10.0,17.0,4.0,1.0,0.0,1.0,2.7,3.6,2.5,A
2023-2024,29,2024-04-24,20:00,Wed,Manchester United,Sheffield United,4.0,2.0,73549.0,Old Trafford,M Salisbury,1.0,1.0,25.0,10.0,13.0,4.0,9.0,4.0,7.0,9.0,0.0,1.0,0.0,0.0,1.3,6.5,7.5,H
2023-2024,29,2024-04-24,20:00,Wed,Everton,Liverpool,2.0,0.0,38222.0,Goodison Park,A Madley,1.0,0.0,16.0,23.0,6.0,7.0,4.0,13.0,6.0,13.0,0.0,3.0,0.0,0.0,7.0,5.0,1.4,H
2023-2024,29,2024-04-24,20:00,Wed,Crystal Palace,Newcastle United,2.0,0.0,25002.0,Selhurst Park,T Bramall,0.0,0.0,20.0,7.0,7.0,2.0,7.0,2.0,10.0,15.0,3.0,3.0,0.0,0.0,2.75,3.6,2.4,H
2023-2024,29,2024-04-25,20:00,Thu,Brighton,Manchester City,0.0,4.0,31596.0,The American Express Community Stadium,J Gillett,0.0,3.0,7.0,14.0,3.0,6.0,4.0,4.0,10.0,3.0,2.0,0.0,0.0,0.0,6.5,5.0,1.4,A
2023-2024,35,2024-04-27,12:30,Sat,West Ham,Liverpool,2.0,2.0,62474.0,London Stadium,A Taylor,1.0,0.0,11.0,28.0,8.0,8.0,5.0,8.0,8.0,10.0,0.0,2.0,0.0,0.0,5.5,5.0,1.5,D
2023-2024,35,2024-04-27,15:00,Sat,Wolves,Luton Town,2.0,1.0,31531.0,Molineux Stadium,D Coote,1.0,0.0,13.0,9.0,5.0,6.0,4.0,4.0,14.0,14.0,3.0,1.0,0.0,0.0,1.95,3.8,3.6,H
2023-2024,35,2024-04-27,15:00,Sat,Fulham,Crystal Palace,1.0,1.0,24142.0,Craven Cottage,S Attwell,0.0,0.0,9.0,14.0,2.0,4.0,5.0,9.0,11.0,15.0,0.0,2.0,0.0,0.0,2.1,3.5,3.5,D
2023-2024,35,2024-04-27,15:00,Sat,Manchester United,Burnley,1.0,1.0,73571.0,Old Trafford,J Brooks,0.0,0.0,27.0,16.0,10.0,7.0,6.0,5.0,7.0,11.0,1.0,3.0,0.0,0.0,1.5,4.75,5.5,D
2023-2024,35,2024-04-27,15:00,Sat,Newcastle United,Sheffield United,5.0,1.0,52196.0,St James' Park,T Harrington,1.0,1.0,20.0,15.0,7.0,5.0,4.0,5.0,9.0,10.0,0.0,0.0,0.0,0.0,1.22,7.0,11.0,H
2023-2024,35,2024-04-27,17:30,Sat,Everton,Brentford,1.0,0.0,39098.0,Goodison Park,D England,0.0,0.0,18.0,10.0,1.0,4.0,6.0,6.0,10.0,12.0,1.0,2.0,0.0,0.0,2.3,3.5,3.0,H
2023-2024,35,2024-04-27,20:00,Sat,Aston Villa,Chelsea,2.0,2.0,42354.0,Villa Park,C Pawson,2.0,0.0,9.0,21.0,4.0,5.0,2.0,4.0,13.0,14.0,3.0,5.0,0.0,0.0,2.15,3.8,3.0,D
2023-2024,35,2024-04-28,14:00,Sun,Tottenham,Arsenal,2.0,3.0,61554.0,Tottenham Hotspur Stadium,M Oliver,0.0,3.0,14.0,9.0,2.0,3.0,8.0,6.0,12.0,16.0,2.0,1.0,0.0,0.0,4.2,4.2,1.75,A
2023-2024,35,2024-04-28,14:00,Sun,Bournemouth,Brighton,3.0,0.0,11188.0,Vitality Stadium,P Tierney,1.0,0.0,15.0,13.0,6.0,1.0,8.0,2.0,14.0,10.0,2.0,2.0,0.0,0.0,2.25,3.8,2.9,H
2023-2024,35,2024-04-28,16:30,Sun,Nottingham Forest,Manchester City,0.0,2.0,29677.0,The City Ground,S Hooper,0.0,1.0,14.0,11.0,2.0,5.0,4.0,5.0,8.0,6.0,0.0,0.0,0.0,0.0,8.0,6.0,1.3,A
2023-2024,26,2024-05-02,19:30,Thu,Chelsea,Tottenham,2.0,0.0,39086.0,Stamford Bridge,R Jones,1.0,0.0,16.0,19.0,5.0,3.0,4.0,9.0,12.0,16.0,0.0,1.0,0.0,0.0,2.15,3.8,3.0,H
2023-2024,36,2024-05-03,20:00,Fri,Luton Town,Everton,1.0,1.0,11873.0,Kenilworth Road Stadium,T Robinson,1.0,1.0,18.0,10.0,5.0,3.0,8.0,7.0,14.0,12.0,1.0,3.0,0.0,0.0,2.6,3.6,2.55,D
2023-2024,36,2024-05-04,12:30,Sat,Arsenal,Bournemouth,3.0,0.0,60348.0,Emirates Stadium,D Coote,1.0,0.0,25.0,7.0,9.0,2.0,6.0,1.0,16.0,12.0,2.0,3.0,0.0,0.0,1.22,7.5,11.0,H
2023-2024,36,2024-05-04,15:00,Sat,Burnley,Newcastle United,1.0,4.0,21781.0,Turf Moor,A Taylor,0.0,3.0,17.0,23.0,5.0,11.0,4.0,11.0,8.0,8.0,2.0,2.0,0.0,0.0,3.4,4.0,1.95,A
2023-2024,36,2024-05-04,15:00,Sat,Sheffield United,Nottingham Forest,1.0,3.0,28516.0,Bramall Lane,C Kavanagh,1.0,1.0,17.0,15.0,5.0,4.0,5.0,3.0,9.0,7.0,0.0,1.0,1.0,0.0,4.75,4.2,1.65,A
2023-2024,36,2024-05-04,15:00,Sat,Brentford,Fulham,0.0,0.0,17090.0,Gtech Community Stadium,G Scott,0.0,0.0,7.0,15.0,3.0,3.0,7.0,6.0,3.0,6.0,1.0,1.0,0.0,0.0,2.1,3.8,3.2,D
2023-2024,36,2024-05-04,17:30,Sat,Manchester City,Wolves,5.0,1.0,52439.0,Etihad Stadium,C Pawson,3.0,0.0,20.0,2.0,12.0,1.0,6.0,0.0,4.0,17.0,0.0,4.0,0.0,0.0,1.08,12.0,21.0,H
2023-2024,36,2024-05-05,14:00,Sun,Brighton,Aston Villa,1.0,0.0,31596.0,The American Express Community Stadium,R Jones,0.0,0.0,15.0,2.0,8.0,1.0,7.0,3.0,13.0,10.0,2.0,1.0,0.0,0.0,2.75,3.75,2.45,H
2023-2024,36,2024-05-05,14:00,Sun,Chelsea,West Ham,5.0,0.0,39295.0,Stamford Bridge,A Madley,3.0,0.0,25.0,13.0,14.0,2.0,8.0,6.0,12.0,10.0,1.0,3.0,0.0,0.0,1.65,4.5,4.5,H
2023-2024,36,2024-05-05,16:30,Sun,Liverpool,Tottenham,4.0,2.0,60075.0,Anfield,P Tierney,2.0,0.0,25.0,11.0,13.0,6.0,8.0,3.0,14.0,12.0,1.0,4.0,0.0,0.0,1.5,5.75,5.0,H
2023-2024,36,2024-05-06,20:00,Mon,Crystal Palace,Manchester United,4.0,0.0,25190.0,Selhurst Park,J Gillett ,2.0,0.0,18.0,7.0,10.0,2.0,6.0,3.0,12.0,8.0,1.0,1.0,0.0,0.0,2.38,3.75,2.8,H
2023-2024,37,2024-05-11,12:30,Sat,Fulham,Manchester City,0.0,4.0,24418.0,Craven Cottage,A Taylor,0.0,1.0,1.0,16.0,1.0,9.0,1.0,7.0,9.0,6.0,1.0,0.0,1.0,0.0,13.0,7.0,1.2,A
2023-2024,37,2024-05-11,15:00,Sat,Wolves,Crystal Palace,1.0,3.0,31424.0,Molineux Stadium,T Bramall,0.0,2.0,13.0,13.0,7.0,3.0,8.0,3.0,13.0,12.0,3.0,2.0,0.0,1.0,2.88,3.5,2.38,A
2023-2024,37,2024-05-11,15:00,Sat,West Ham,Luton Town,3.0,1.0,62475.0,London Stadium,M Oliver,0.0,1.0,24.0,4.0,8.0,1.0,7.0,6.0,9.0,15.0,1.0,3.0,0.0,0.0,1.8,4.2,3.8,H
2023-2024,37,2024-05-11,15:00,Sat,Tottenham,Burnley,2.0,1.0,61148.0,Tottenham Hotspur Stadium,J Gillett,1.0,1.0,21.0,7.0,9.0,3.0,9.0,3.0,10.0,14.0,3.0,5.0,0.0,0.0,1.36,5.75,7.0,H
2023-2024,37,2024-05-11,15:00,Sat,Everton,Sheffield United,1.0,0.0,39221.0,Goodison Park,S Attwell,1.0,0.0,15.0,13.0,6.0,1.0,3.0,6.0,6.0,11.0,1.0,2.0,0.0,0.0,1.4,4.8,7.5,H
2023-2024,37,2024-05-11,15:00,Sat,Newcastle United,Brighton,1.0,1.0,51997.0,St James' Park,D England,1.0,1.0,18.0,15.0,7.0,4.0,8.0,4.0,9.0,16.0,3.0,4.0,0.0,0.0,1.57,4.75,4.75,D
2023-2024,37,2024-05-11,15:00,Sat,Bournemouth,Brentford,1.0,2.0,11154.0,Vitality Stadium,M Donohue,0.0,0.0,13.0,11.0,4.0,5.0,3.0,8.0,16.0,12.0,2.0,2.0,0.0,0.0,1.95,4.0,3.5,A
2023-2024,37,2024-05-11,17:30,Sat,Nottingham Forest,Chelsea,2.0,3.0,29708.0,The City Ground,T Harrington,1.0,1.0,20.0,12.0,4.0,5.0,5.0,6.0,14.0,8.0,2.0,3.0,0.0,0.0,3.4,3.8,2.0,A
2023-2024,37,2024-05-12,16:30,Sun,Manchester United,Arsenal,0.0,1.0,73600.0,Old Trafford,P Tierney,0.0,1.0,14.0,11.0,2.0,5.0,4.0,7.0,5.0,6.0,0.0,2.0,0.0,0.0,7.0,5.5,1.36,A
2023-2024,37,2024-05-13,20:00,Mon,Aston Villa,Liverpool,3.0,3.0,42241.0,Villa Park,S Hooper,1.0,2.0,19.0,14.0,5.0,7.0,5.0,4.0,11.0,15.0,1.0,1.0,0.0,0.0,4.2,4.33,1.7,D
2023-2024,34,2024-05-14,20:00,Tue,Tottenham,Manchester City,0.0,2.0,61065.0,Tottenham Hotspur Stadium,C Kavanagh,0.0,0.0,10.0,8.0,5.0,5.0,7.0,4.0,14.0,11.0,3.0,3.0,0.0,0.0,6.5,6.0,1.36,A
2023-2024,34,2024-05-15,19:45,Wed,Brighton,Chelsea,1.0,2.0,31555.0,The American Express Community Stadium,M Salisbury,0.0,1.0,12.0,13.0,2.0,6.0,4.0,6.0,13.0,14.0,2.0,2.0,0.0,1.0,3.3,4.0,1.95,A
2023-2024,34,2024-05-15,20:00,Wed,Manchester United,Newcastle United,3.0,2.0,73582.0,Old Trafford,R Jones,1.0,0.0,17.0,21.0,8.0,8.0,9.0,9.0,16.0,7.0,3.0,3.0,0.0,0.0,2.75,4.0,2.3,H
2023-2024,38,2024-05-19,16:00,Sun,Luton Town,Fulham,2.0,4.0,12027.0,Kenilworth Road Stadium,M Donohue,1.0,2.0,15.0,15.0,6.0,7.0,4.0,4.0,15.0,20.0,5.0,4.0,0.0,0.0,2.9,3.9,2.2,A
2023-2024,38,2024-05-19,16:00,Sun,Sheffield United,Tottenham,0.0,3.0,29116.0,Bramall Lane,A Madley,0.0,1.0,6.0,18.0,1.0,9.0,2.0,6.0,11.0,9.0,2.0,0.0,0.0,0.0,7.0,6.0,1.33,A
2023-2024,38,2024-05-19,16:00,Sun,Manchester City,West Ham,3.0,1.0,55097.0,Etihad Stadium,J Brooks,2.0,1.0,28.0,3.0,12.0,2.0,11.0,2.0,3.0,12.0,0.0,1.0,0.0,0.0,1.08,12.0,21.0,H
2023-2024,38,2024-05-19,16:00,Sun,Arsenal,Everton,2.0,1.0,60312.0,Emirates Stadium,M Oliver,1.0,1.0,26.0,5.0,5.0,2.0,8.0,1.0,8.0,11.0,4.0,3.0,0.0,0.0,1.18,8.0,12.0,H
2023-2024,38,2024-05-19,16:00,Sun,Brighton,Manchester United,0.0,2.0,31662.0,The American Express Community Stadium,C Pawson,0.0,0.0,17.0,11.0,3.0,4.0,7.0,5.0,10.0,9.0,1.0,3.0,0.0,0.0,2.15,4.0,2.9,A
2023-2024,38,2024-05-19,16:00,Sun,Brentford,Newcastle United,2.0,4.0,17124.0,Gtech Community Stadium,S Hooper,0.0,3.0,10.0,12.0,5.0,7.0,3.0,0.0,15.0,11.0,4.0,4.0,0.0,0.0,2.9,3.9,2.2,A
2023-2024,38,2024-05-19,16:00,Sun,Chelsea,Bournemouth,2.0,1.0,39724.0,Stamford Bridge,A Taylor,1.0,0.0,16.0,22.0,6.0,5.0,6.0,5.0,5.0,9.0,2.0,3.0,0.0,0.0,1.45,5.0,6.0,H
2023-2024,38,2024-05-19,16:00,Sun,Crystal Palace,Aston Villa,5.0,0.0,25191.0,Selhurst Park,D Bond,2.0,0.0,15.0,8.0,9.0,2.0,2.0,4.0,10.0,8.0,1.0,4.0,0.0,0.0,1.85,4.33,3.6,H
2023-2024,38,2024-05-19,16:00,Sun,Liverpool,Wolves,2.0,0.0,60059.0,Anfield,C Kavanagh,2.0,0.0,36.0,4.0,14.0,3.0,10.0,2.0,14.0,11.0,1.0,1.0,0.0,1.0,1.17,8.0,15.0,H
2023-2024,38,2024-05-19,16:00,Sun,Burnley,Nottingham Forest,1.0,2.0,21109.0,Turf Moor,G Scott,0.0,2.0,20.0,12.0,3.0,6.0,4.0,3.0,11.0,5.0,1.0,0.0,0.0,0.0,3.0,3.5,2.3,A
2024-2025,1,2024-08-16,20:00,Fri,Manchester United,Fulham,1.0,0.0,73297.0,Old Trafford,R Jones,0.0,0.0,14.0,10.0,5.0,2.0,7.0,8.0,12.0,10.0,2.0,3.0,0.0,0.0,1.6,4.2,5.25,H
2024-2025,1,2024-08-17,12:30,Sat,Ipswich Town,Liverpool,0.0,2.0,30014.0,Portman Road Stadium,T Robinson,0.0,0.0,7.0,18.0,2.0,5.0,2.0,10.0,9.0,18.0,3.0,1.0,0.0,0.0,8.5,5.5,1.33,A
2024-2025,1,2024-08-17,15:00,Sat,Newcastle United,Southampton,1.0,0.0,52196.0,St James' Park,C Pawson,1.0,0.0,3.0,19.0,1.0,4.0,3.0,12.0,15.0,16.0,2.0,4.0,1.0,0.0,1.36,5.25,8.0,H
2024-2025,1,2024-08-17,15:00,Sat,Nottingham Forest,Bournemouth,1.0,1.0,29763.0,The City Ground,M Oliver,1.0,0.0,14.0,13.0,8.0,4.0,2.0,6.0,17.0,8.0,1.0,3.0,0.0,0.0,2.45,3.5,2.8,D
2024-2025,1,2024-08-17,15:00,Sat,Everton,Brighton,0.0,3.0,39217.0,Goodison Park,S Hooper,0.0,1.0,9.0,10.0,1.0,5.0,1.0,5.0,8.0,8.0,1.0,1.0,1.0,0.0,2.63,3.3,2.63,A
2024-2025,1,2024-08-17,15:00,Sat,Arsenal,Wolves,2.0,0.0,60261.0,Emirates Stadium,J Gillett,1.0,0.0,18.0,9.0,6.0,3.0,8.0,2.0,17.0,14.0,2.0,2.0,0.0,0.0,1.18,7.5,13.0,H
2024-2025,1,2024-08-17,17:30,Sat,West Ham,Aston Villa,1.0,2.0,62463.0,London Stadium,T Harrington,1.0,1.0,14.0,15.0,3.0,3.0,5.0,3.0,18.0,11.0,1.0,2.0,0.0,0.0,2.45,3.6,2.75,A
2024-2025,1,2024-08-18,14:00,Sun,Brentford,Crystal Palace,2.0,1.0,16988.0,Gtech Community Stadium,S Barrott,1.0,0.0,9.0,14.0,5.0,6.0,4.0,7.0,6.0,15.0,1.0,5.0,0.0,0.0,2.4,3.4,2.9,H
2024-2025,1,2024-08-18,16:30,Sun,Chelsea,Manchester City,0.0,2.0,39818.0,Stamford Bridge,A Taylor,0.0,1.0,10.0,11.0,3.0,5.0,4.0,3.0,12.0,9.0,1.0,1.0,0.0,0.0,4.1,3.9,1.8,A
2024-2025,1,2024-08-19,20:00,Mon,Leicester City,Tottenham,1.0,1.0,31977.0,King Power Stadium,C Kavanagh,0.0,1.0,7.0,15.0,3.0,7.0,2.0,13.0,11.0,12.0,1.0,1.0,0.0,0.0,5.0,4.33,1.62,D
2024-2025,2,2024-08-24,12:30,Sat,Brighton,Manchester United,2.0,1.0,31537.0,The American Express Stadium,C Pawson,1.0,0.0,14.0,11.0,5.0,4.0,4.0,4.0,9.0,13.0,1.0,2.0,0.0,0.0,2.5,3.7,2.63,H
2024-2025,2,2024-08-24,15:00,Sat,Tottenham,Everton,4.0,0.0,61357.0,Tottenham Hotspur Stadium,A Taylor,2.0,0.0,13.0,10.0,7.0,1.0,12.0,5.0,11.0,15.0,0.0,0.0,0.0,0.0,1.44,4.75,6.5,H
2024-2025,2,2024-08-24,15:00,Sat,Fulham,Leicester City,2.0,1.0,25401.0,Craven Cottage,D Bond,1.0,1.0,18.0,10.0,6.0,4.0,7.0,5.0,14.0,13.0,2.0,2.0,0.0,0.0,1.8,3.75,4.2,H
2024-2025,2,2024-08-24,15:00,Sat,Crystal Palace,West Ham,0.0,2.0,25099.0,Selhurst Park,R Jones,0.0,0.0,14.0,18.0,2.0,3.0,3.0,3.0,9.0,17.0,1.0,1.0,0.0,0.0,2.15,3.6,3.2,A
2024-2025,2,2024-08-24,15:00,Sat,Manchester City,Ipswich Town,4.0,1.0,53147.0,Etihad Stadium,M Salisbury,3.0,1.0,14.0,1.0,5.0,1.0,10.0,1.0,4.0,15.0,2.0,3.0,0.0,0.0,1.08,12.0,21.0,H
2024-2025,2,2024-08-24,15:00,Sat,Southampton,Nottingham Forest,0.0,1.0,31150.0,St Mary's Stadium,S Barrott,0.0,0.0,5.0,23.0,1.0,8.0,4.0,10.0,14.0,14.0,3.0,3.0,0.0,0.0,2.55,3.3,2.8,A
2024-2025,2,2024-08-24,17:30,Sat,Aston Villa,Arsenal,0.0,2.0,41587.0,Villa Park,M Oliver,0.0,0.0,11.0,9.0,3.0,4.0,4.0,1.0,8.0,15.0,1.0,3.0,0.0,0.0,4.33,3.8,1.75,A
2024-2025,2,2024-08-25,14:00,Sun,Bournemouth,Newcastle United,1.0,1.0,11161.0,Vitality Stadium,D Coote,1.0,0.0,16.0,14.0,4.0,5.0,8.0,9.0,19.0,8.0,2.0,2.0,0.0,0.0,2.9,3.8,2.2,D
2024-2025,2,2024-08-25,14:00,Sun,Wolves,Chelsea,2.0,6.0,31235.0,Molineux Stadium,D England,2.0,2.0,12.0,14.0,4.0,8.0,5.0,5.0,13.0,13.0,2.0,3.0,0.0,0.0,4.33,4.0,1.75,A
2024-2025,2,2024-08-25,16:30,Sun,Liverpool,Brentford,2.0,0.0,60017.0,Anfield,S Attwell,1.0,0.0,19.0,8.0,8.0,2.0,9.0,4.0,10.0,7.0,2.0,3.0,0.0,0.0,1.27,5.75,11.0,H
2024-2025,3,2024-08-31,12:30,Sat,Arsenal,Brighton,1.0,1.0,60326.0,Emirates Stadium,C Kavanagh,1.0,0.0,11.0,22.0,7.0,4.0,3.0,7.0,12.0,7.0,3.0,2.0,1.0,0.0,1.33,5.5,8.5,D
2024-2025,3,2024-08-31,15:00,Sat,Everton,Bournemouth,2.0,3.0,38805.0,Goodison Park,S Attwell,0.0,0.0,18.0,17.0,8.0,7.0,8.0,4.0,6.0,1.0,2.0,1.0,0.0,0.0,2.75,3.4,2.55,A
2024-2025,3,2024-08-31,15:00,Sat,Leicester City,Aston Villa,1.0,2.0,31725.0,King Power Stadium,D Coote,0.0,1.0,9.0,10.0,3.0,5.0,1.0,4.0,13.0,21.0,4.0,5.0,0.0,0.0,4.5,4.0,1.7,A
2024-2025,3,2024-08-31,15:00,Sat,Nottingham Forest,Wolves,1.0,1.0,29918.0,The City Ground,S Hooper,1.0,1.0,16.0,11.0,5.0,3.0,7.0,3.0,15.0,18.0,3.0,4.0,0.0,0.0,2.0,3.7,3.7,D
2024-2025,3,2024-08-31,15:00,Sat,Ipswich Town,Fulham,1.0,1.0,29517.0,Portman Road Stadium,L Smith,1.0,1.0,11.0,9.0,4.0,4.0,8.0,6.0,15.0,15.0,2.0,3.0,0.0,0.0,3.0,3.5,2.3,D
2024-2025,3,2024-08-31,15:00,Sat,Brentford,Southampton,3.0,1.0,16955.0,Gtech Community Stadium,J Smith,1.0,0.0,20.0,18.0,7.0,6.0,2.0,8.0,10.0,7.0,2.0,1.0,0.0,0.0,1.75,3.9,4.33,H
2024-2025,3,2024-08-31,17:30,Sat,West Ham,Manchester City,1.0,3.0,62469.0,London Stadium,M Oliver,1.0,2.0,10.0,23.0,2.0,8.0,3.0,11.0,10.0,3.0,3.0,2.0,0.0,0.0,7.0,5.5,1.38,A
2024-2025,3,2024-09-01,13:30,Sun,Newcastle United,Tottenham,2.0,1.0,52211.0,St James' Park,R Jones,1.0,0.0,9.0,20.0,3.0,6.0,7.0,12.0,16.0,13.0,4.0,4.0,0.0,0.0,2.5,4.0,2.5,H
2024-2025,3,2024-09-01,13:30,Sun,Chelsea,Crystal Palace,1.0,1.0,39298.0,Stamford Bridge,J Gillett,1.0,0.0,13.0,9.0,7.0,3.0,4.0,5.0,9.0,13.0,4.0,2.0,0.0,0.0,1.6,4.33,5.0,D
2024-2025,3,2024-09-01,16:00,Sun,Manchester United,Liverpool,0.0,3.0,73738.0,Old Trafford,A Taylor,0.0,2.0,8.0,11.0,3.0,3.0,5.0,2.0,7.0,7.0,4.0,1.0,0.0,0.0,3.7,4.2,1.85,A
2024-2025,4,2024-09-14,12:30,Sat,Southampton,Manchester United,0.0,3.0,31144.0,St Mary's Stadium,S Attwell,0.0,2.0,6.0,20.0,4.0,10.0,0.0,7.0,11.0,14.0,1.0,4.0,1.0,0.0,4.5,4.0,1.7,A
2024-2025,4,2024-09-14,15:00,Sat,Brighton,Ipswich Town,0.0,0.0,41573.0,The American Express Stadium,S Barrott,0.0,0.0,21.0,6.0,6.0,1.0,9.0,2.0,14.0,16.0,4.0,3.0,0.0,0.0,1.38,5.0,7.5,D
2024-2025,4,2024-09-14,15:00,Sat,Crystal Palace,Leicester City,2.0,2.0,25147.0,Selhurst Park,T Harrington,0.0,1.0,20.0,9.0,4.0,4.0,5.0,2.0,11.0,15.0,0.0,3.0,0.0,0.0,1.62,4.0,5.5,D
2024-2025,4,2024-09-14,15:00,Sat,Manchester City,Brentford,2.0,1.0,52148.0,Etihad Stadium,D Bond,2.0,1.0,18.0,8.0,7.0,5.0,12.0,3.0,9.0,3.0,3.0,1.0,0.0,0.0,1.18,8.0,12.0,H
2024-2025,4,2024-09-14,15:00,Sat,Liverpool,Nottingham Forest,0.0,1.0,60344.0,Anfield,M Oliver,0.0,0.0,14.0,5.0,5.0,3.0,7.0,2.0,15.0,6.0,4.0,4.0,0.0,0.0,1.22,6.5,12.0,A
2024-2025,4,2024-09-14,15:00,Sat,Fulham,West Ham,1.0,1.0,26528.0,Craven Cottage,T Robinson,1.0,0.0,21.0,11.0,5.0,3.0,3.0,2.0,15.0,18.0,2.0,3.0,0.0,0.0,2.38,3.25,3.0,D
2024-2025,4,2024-09-14,17:30,Sat,Aston Villa,Everton,3.0,2.0,41573.0,Villa Park,C Pawson,1.0,2.0,17.0,6.0,8.0,2.0,6.0,2.0,10.0,12.0,1.0,4.0,0.0,0.0,1.5,4.2,6.5,H
2024-2025,4,2024-09-14,20:00,Sat,Bournemouth,Chelsea,0.0,1.0,11235.0,Vitality Stadium,A Taylor,0.0,0.0,19.0,10.0,7.0,3.0,6.0,3.0,16.0,9.0,6.0,8.0,0.0,0.0,3.4,3.8,2.0,A
2024-2025,4,2024-09-15,14:00,Sun,Tottenham,Arsenal,0.0,1.0,61645.0,Tottenham Hotspur Stadium,J Gillett,0.0,0.0,15.0,7.0,5.0,4.0,7.0,6.0,13.0,10.0,5.0,3.0,0.0,0.0,3.0,3.5,2.3,A
2024-2025,4,2024-09-15,16:30,Sun,Wolves,Newcastle United,1.0,2.0,30255.0,Molineux Stadium,C Kavanagh,1.0,0.0,12.0,14.0,5.0,6.0,4.0,7.0,17.0,6.0,3.0,3.0,0.0,0.0,3.4,3.5,2.1,A
2024-2025,5,2024-09-21,12:30,Sat,West Ham,Chelsea,0.0,3.0,62473.0,London Stadium,S Barrott,0.0,2.0,15.0,12.0,7.0,5.0,6.0,5.0,17.0,9.0,5.0,2.0,0.0,0.0,3.6,3.9,1.95,A
2024-2025,5,2024-09-21,15:00,Sat,Liverpool,Bournemouth,3.0,0.0,60347.0,Anfield,T Harrington,3.0,0.0,19.0,19.0,13.0,6.0,3.0,9.0,10.0,12.0,1.0,4.0,0.0,0.0,1.3,6.25,9.0,H
2024-2025,5,2024-09-21,15:00,Sat,Leicester City,Everton,1.0,1.0,31765.0,King Power Stadium,D England,0.0,1.0,12.0,16.0,2.0,5.0,6.0,1.0,11.0,12.0,1.0,2.0,0.0,0.0,2.45,3.4,2.88,D
2024-2025,5,2024-09-21,15:00,Sat,Southampton,Ipswich Town,1.0,1.0,31117.0,St Mary's Stadium,S Allison,1.0,0.0,11.0,13.0,3.0,6.0,2.0,10.0,16.0,16.0,4.0,4.0,0.0,0.0,2.25,3.5,3.2,D
2024-2025,5,2024-09-21,15:00,Sat,Tottenham,Brentford,3.0,1.0,61246.0,Tottenham Hotspur Stadium,J Brooks,2.0,1.0,23.0,6.0,10.0,6.0,9.0,4.0,11.0,9.0,3.0,1.0,0.0,0.0,1.55,4.5,5.5,H
2024-2025,5,2024-09-21,15:00,Sat,Fulham,Newcastle United,3.0,1.0,25700.0,Craven Cottage,P Bankes,2.0,0.0,22.0,15.0,11.0,4.0,6.0,0.0,16.0,8.0,6.0,0.0,0.0,0.0,3.0,3.4,2.4,H
2024-2025,5,2024-09-21,15:00,Sat,Aston Villa,Wolves,3.0,1.0,39978.0,Villa Park,T Robinson,0.0,1.0,9.0,10.0,4.0,4.0,6.0,5.0,11.0,16.0,3.0,6.0,0.0,0.0,1.57,4.2,5.25,H
2024-2025,5,2024-09-21,17:30,Sat,Crystal Palace,Manchester United,0.0,0.0,25172.0,Selhurst Park,D Coote,0.0,0.0,9.0,15.0,4.0,6.0,4.0,11.0,7.0,12.0,3.0,1.0,0.0,0.0,2.88,3.75,2.3,D
2024-2025,5,2024-09-22,14:00,Sun,Brighton,Nottingham Forest,2.0,2.0,31444.0,The American Express Stadium,R Jones,2.0,1.0,14.0,4.0,3.0,3.0,9.0,1.0,12.0,11.0,3.0,4.0,0.0,1.0,1.75,3.75,4.75,D
2024-2025,5,2024-09-22,16:30,Sun,Manchester City,Arsenal,2.0,2.0,52846.0,Etihad Stadium,M Oliver,1.0,2.0,33.0,5.0,11.0,3.0,8.0,2.0,7.0,10.0,3.0,4.0,0.0,1.0,1.8,3.6,4.5,D
2024-2025,6,2024-09-28,12:30,Sat,Newcastle United,Manchester City,1.0,1.0,52248.0,St James' Park,J Gillett,0.0,1.0,11.0,16.0,4.0,6.0,5.0,6.0,14.0,10.0,4.0,4.0,0.0,0.0,5.25,4.33,1.6,D
2024-2025,6,2024-09-28,15:00,Sat,Chelsea,Brighton,4.0,2.0,39495.0,Stamford Bridge,P Bankes,4.0,2.0,15.0,15.0,7.0,5.0,8.0,2.0,11.0,8.0,3.0,2.0,0.0,0.0,1.73,4.2,4.2,H
2024-2025,6,2024-09-28,15:00,Sat,Arsenal,Leicester City,4.0,2.0,60323.0,Emirates Stadium,S Barrott,2.0,0.0,36.0,5.0,16.0,3.0,17.0,0.0,11.0,6.0,2.0,4.0,0.0,0.0,1.17,8.0,15.0,H
2024-2025,6,2024-09-28,15:00,Sat,Brentford,West Ham,1.0,1.0,17050.0,Gtech Community Stadium,S Hooper,1.0,0.0,8.0,19.0,3.0,3.0,7.0,7.0,2.0,11.0,2.0,3.0,0.0,0.0,2.2,3.5,3.2,D
2024-2025,6,2024-09-28,15:00,Sat,Everton,Crystal Palace,2.0,1.0,38954.0,Goodison Park,A Madley,0.0,1.0,8.0,17.0,2.0,5.0,5.0,8.0,13.0,11.0,2.0,1.0,0.0,0.0,2.7,3.3,2.63,H
2024-2025,6,2024-09-28,15:00,Sat,Nottingham Forest,Fulham,0.0,1.0,30139.0,The City Ground,J Smith,0.0,0.0,11.0,14.0,1.0,2.0,6.0,5.0,11.0,15.0,2.0,4.0,0.0,0.0,2.38,3.3,3.0,A
2024-2025,6,2024-09-28,17:30,Sat,Wolves,Liverpool,1.0,2.0,31413.0,Molineux Stadium,A Taylor,0.0,1.0,8.0,10.0,3.0,6.0,2.0,10.0,16.0,8.0,2.0,3.0,0.0,0.0,8.0,5.75,1.33,A
2024-2025,6,2024-09-29,14:00,Sun,Ipswich Town,Aston Villa,2.0,2.0,29943.0,Portman Road Stadium,S Attwell,1.0,2.0,15.0,7.0,5.0,3.0,10.0,0.0,10.0,14.0,4.0,1.0,0.0,0.0,4.0,3.75,1.85,D
2024-2025,6,2024-09-29,16:30,Sun,Manchester United,Tottenham,0.0,3.0,73587.0,Old Trafford,C Kavanagh,0.0,1.0,11.0,24.0,2.0,10.0,5.0,3.0,16.0,14.0,5.0,3.0,1.0,0.0,2.35,3.75,2.75,A
2024-2025,6,2024-09-30,20:00,Mon,Bournemouth,Southampton,3.0,1.0,11243.0,Vitality Stadium,M Oliver,3.0,0.0,14.0,9.0,6.0,3.0,7.0,4.0,19.0,12.0,2.0,5.0,0.0,0.0,1.65,4.1,5.0,H
2024-2025,7,2024-10-05,12:30,Sat,Crystal Palace,Liverpool,0.0,1.0,25185.0,Selhurst Park,S Hooper,0.0,1.0,9.0,16.0,5.0,4.0,3.0,8.0,7.0,15.0,4.0,2.0,0.0,0.0,6.0,4.5,1.5,A
2024-2025,7,2024-10-05,15:00,Sat,Manchester City,Fulham,3.0,2.0,53017.0,Etihad Stadium,P Bankes,1.0,1.0,20.0,11.0,7.0,4.0,8.0,3.0,4.0,10.0,2.0,1.0,0.0,0.0,1.25,7.0,9.5,H
2024-2025,7,2024-10-05,15:00,Sat,Brentford,Wolves,5.0,3.0,16960.0,Gtech Community Stadium,A Madley,4.0,2.0,19.0,17.0,12.0,6.0,10.0,3.0,9.0,10.0,2.0,3.0,0.0,0.0,2.05,3.6,3.4,H
2024-2025,7,2024-10-05,15:00,Sat,West Ham,Ipswich Town,4.0,1.0,62467.0,London Stadium,A Taylor,2.0,1.0,23.0,9.0,13.0,2.0,5.0,5.0,12.0,6.0,0.0,1.0,0.0,0.0,1.8,3.8,4.33,H
2024-2025,7,2024-10-05,15:00,Sat,Arsenal,Southampton,3.0,1.0,60307.0,Emirates Stadium,T Harrington,0.0,0.0,29.0,8.0,6.0,2.0,13.0,1.0,10.0,9.0,0.0,3.0,0.0,0.0,1.14,9.0,17.0,H
2024-2025,7,2024-10-05,15:00,Sat,Leicester City,Bournemouth,1.0,0.0,31706.0,King Power Stadium,D Bond,1.0,0.0,6.0,17.0,2.0,2.0,0.0,9.0,12.0,14.0,4.0,1.0,0.0,0.0,3.1,3.75,2.15,H
2024-2025,7,2024-10-05,17:30,Sat,Everton,Newcastle United,0.0,0.0,39265.0,Goodison Park,C Pawson,0.0,0.0,8.0,14.0,2.0,3.0,0.0,10.0,12.0,8.0,1.0,2.0,0.0,0.0,3.2,3.6,2.2,D
2024-2025,7,2024-10-06,14:00,Sun,Aston Villa,Manchester United,0.0,0.0,42682.0,Villa Park,R Jones,0.0,0.0,11.0,10.0,1.0,4.0,6.0,3.0,12.0,11.0,1.0,5.0,0.0,0.0,2.2,3.75,3.0,D
2024-2025,7,2024-10-06,14:00,Sun,Chelsea,Nottingham Forest,1.0,1.0,39501.0,Stamford Bridge,C Kavanagh,0.0,0.0,22.0,16.0,8.0,9.0,11.0,3.0,12.0,11.0,6.0,2.0,0.0,1.0,1.48,4.5,6.5,D
2024-2025,7,2024-10-06,16:30,Sun,Brighton,Tottenham,3.0,2.0,31487.0,The American Express Stadium,D Coote,0.0,2.0,11.0,13.0,4.0,3.0,4.0,7.0,14.0,10.0,2.0,2.0,0.0,0.0,2.9,4.0,2.2,H
2024-2025,8,2024-10-19,12:30,Sat,Tottenham,West Ham,4.0,1.0,61381.0,Tottenham Hotspur Stadium,A Madley,1.0,1.0,22.0,11.0,7.0,4.0,13.0,5.0,10.0,15.0,1.0,3.0,0.0,1.0,1.5,5.0,5.25,H
2024-2025,8,2024-10-19,15:00,Sat,Southampton,Leicester City,2.0,3.0,31145.0,St Mary's Stadium,A Taylor,2.0,0.0,14.0,18.0,7.0,4.0,10.0,6.0,10.0,10.0,5.0,3.0,1.0,0.0,2.3,3.5,3.0,A
2024-2025,8,2024-10-19,15:00,Sat,Ipswich Town,Everton,0.0,2.0,29862.0,Portman Road Stadium,M Oliver,0.0,2.0,13.0,11.0,2.0,8.0,5.0,8.0,12.0,10.0,1.0,1.0,0.0,0.0,2.38,3.3,3.0,A
2024-2025,8,2024-10-19,15:00,Sat,Newcastle United,Brighton,0.0,1.0,52220.0,St James' Park,P Bankes,0.0,1.0,21.0,10.0,6.0,5.0,9.0,4.0,11.0,9.0,2.0,2.0,0.0,0.0,1.95,3.7,3.6,A
2024-2025,8,2024-10-19,15:00,Sat,Fulham,Aston Villa,1.0,3.0,26743.0,Craven Cottage,D England,1.0,1.0,10.0,14.0,4.0,5.0,6.0,11.0,8.0,11.0,3.0,3.0,1.0,1.0,2.45,3.5,2.8,A
2024-2025,8,2024-10-19,15:00,Sat,Manchester United,Brentford,2.0,1.0,73738.0,Old Trafford,S Barrott,0.0,1.0,23.0,8.0,11.0,2.0,9.0,2.0,14.0,5.0,2.0,2.0,0.0,0.0,1.7,4.2,4.5,H
2024-2025,8,2024-10-19,17:30,Sat,Bournemouth,Arsenal,2.0,0.0,11235.0,Vitality Stadium,R Jones,0.0,0.0,13.0,6.0,4.0,1.0,7.0,4.0,12.0,11.0,1.0,1.0,0.0,1.0,5.0,3.9,1.65,H
2024-2025,8,2024-10-20,14:00,Sun,Wolves,Manchester City,1.0,2.0,31319.0,Molineux Stadium,C Kavanagh,1.0,1.0,3.0,22.0,2.0,7.0,1.0,18.0,8.0,5.0,4.0,1.0,0.0,0.0,8.0,6.0,1.33,A
2024-2025,8,2024-10-20,16:30,Sun,Liverpool,Chelsea,2.0,1.0,60277.0,Anfield,J Brooks,1.0,0.0,9.0,12.0,5.0,2.0,1.0,6.0,12.0,13.0,4.0,3.0,0.0,0.0,1.62,4.1,5.0,H
2024-2025,8,2024-10-21,20:00,Mon,Nottingham Forest,Crystal Palace,1.0,0.0,29443.0,The City Ground,T Robinson,0.0,0.0,20.0,20.0,6.0,7.0,6.0,6.0,9.0,12.0,2.0,3.0,0.0,0.0,2.3,3.5,3.0,H
2024-2025,9,2024-10-25,20:00,Fri,Leicester City,Nottingham Forest,1.0,3.0,31879.0,King Power Stadium,C Pawson,1.0,1.0,11.0,20.0,1.0,5.0,6.0,7.0,16.0,9.0,5.0,2.0,0.0,0.0,3.0,3.3,2.4,A
2024-2025,9,2024-10-26,15:00,Sat,Brentford,Ipswich Town,4.0,3.0,17109.0,Gtech Community Stadium,L Smith,2.0,2.0,20.0,11.0,9.0,5.0,5.0,5.0,7.0,10.0,0.0,1.0,0.0,1.0,1.65,4.33,4.75,H
2024-2025,9,2024-10-26,15:00,Sat,Brighton,Wolves,2.0,2.0,31840.0,The American Express Stadium,M Oliver,1.0,0.0,19.0,14.0,6.0,7.0,9.0,6.0,12.0,10.0,3.0,3.0,0.0,0.0,1.62,4.5,4.5,D
2024-2025,9,2024-10-26,15:00,Sat,Manchester City,Southampton,1.0,0.0,52844.0,Etihad Stadium,T Harrington,1.0,0.0,22.0,5.0,8.0,2.0,12.0,1.0,9.0,9.0,1.0,3.0,0.0,0.0,1.11,10.0,17.0,H
2024-2025,9,2024-10-26,15:00,Sat,Aston Villa,Bournemouth,1.0,1.0,42165.0,Villa Park,A Madley,0.0,0.0,18.0,11.0,8.0,3.0,9.0,7.0,12.0,14.0,7.0,6.0,0.0,0.0,1.85,3.9,3.8,D
2024-2025,9,2024-10-26,17:30,Sat,Everton,Fulham,1.0,1.0,38742.0,Goodison Park,J Brooks,0.0,0.0,10.0,14.0,5.0,3.0,4.0,2.0,8.0,8.0,1.0,0.0,0.0,0.0,2.75,3.25,2.63,D
2024-2025,9,2024-10-27,14:00,Sun,Chelsea,Newcastle United,2.0,1.0,39526.0,Stamford Bridge,S Hooper,1.0,1.0,17.0,11.0,7.0,3.0,7.0,4.0,13.0,16.0,6.0,3.0,0.0,0.0,1.73,4.33,4.2,H
2024-2025,9,2024-10-27,14:00,Sun,West Ham,Manchester United,2.0,1.0,62474.0,London Stadium,D Coote,0.0,0.0,12.0,18.0,3.0,5.0,6.0,5.0,6.0,7.0,5.0,1.0,0.0,0.0,2.88,3.75,2.3,H
2024-2025,9,2024-10-27,14:00,Sun,Crystal Palace,Tottenham,1.0,0.0,25108.0,Selhurst Park,D Bond,1.0,0.0,14.0,11.0,6.0,3.0,8.0,8.0,16.0,12.0,4.0,4.0,0.0,0.0,3.9,4.0,1.83,H
2024-2025,9,2024-10-27,16:30,Sun,Arsenal,Liverpool,2.0,2.0,60383.0,Emirates Stadium,A Taylor,2.0,1.0,9.0,9.0,3.0,4.0,1.0,3.0,14.0,14.0,2.0,2.0,0.0,0.0,2.5,3.25,2.9,D
2024-2025,10,2024-11-02,12:30,Sat,Newcastle United,Arsenal,1.0,0.0,52249.0,St James' Park,J Brooks,1.0,0.0,9.0,10.0,4.0,1.0,4.0,6.0,16.0,18.0,4.0,4.0,0.0,0.0,3.75,3.75,1.95,H
2024-2025,10,2024-11-02,15:00,Sat,Southampton,Everton,1.0,0.0,31143.0,St Mary's Stadium,A Madley,0.0,0.0,9.0,16.0,2.0,5.0,3.0,6.0,14.0,18.0,4.0,2.0,0.0,0.0,2.63,3.4,2.63,H
2024-2025,10,2024-11-02,15:00,Sat,Liverpool,Brighton,2.0,1.0,60331.0,Anfield,T Harrington,0.0,1.0,16.0,13.0,8.0,5.0,10.0,7.0,10.0,18.0,1.0,1.0,0.0,0.0,1.4,5.0,7.5,H
2024-2025,10,2024-11-02,15:00,Sat,Nottingham Forest,West Ham,3.0,0.0,30112.0,The City Ground,P Bankes,1.0,0.0,19.0,4.0,6.0,2.0,11.0,6.0,7.0,9.0,1.0,2.0,0.0,1.0,2.15,3.5,3.4,H
2024-2025,10,2024-11-02,15:00,Sat,Ipswich Town,Leicester City,1.0,1.0,29874.0,Portman Road Stadium,T Robinson,0.0,0.0,14.0,20.0,2.0,6.0,4.0,6.0,11.0,10.0,4.0,2.0,1.0,0.0,2.25,3.5,3.1,D
2024-2025,10,2024-11-02,15:00,Sat,Bournemouth,Manchester City,2.0,1.0,11231.0,Vitality Stadium,M Oliver,1.0,0.0,12.0,18.0,6.0,4.0,3.0,10.0,11.0,6.0,2.0,1.0,0.0,0.0,5.5,4.2,1.57,H
2024-2025,10,2024-11-02,17:30,Sat,Wolves,Crystal Palace,2.0,2.0,31124.0,Molineux Stadium,A Taylor,0.0,0.0,11.0,19.0,6.0,7.0,3.0,6.0,7.0,9.0,1.0,2.0,0.0,0.0,2.5,3.4,2.88,D
2024-2025,10,2024-11-03,14:00,Sun,Tottenham,Aston Villa,4.0,1.0,61253.0,Tottenham Hotspur Stadium,C Pawson,0.0,1.0,16.0,12.0,6.0,1.0,6.0,4.0,14.0,14.0,2.0,0.0,0.0,0.0,1.91,4.0,3.6,H
2024-2025,10,2024-11-03,16:30,Sun,Manchester United,Chelsea,1.0,1.0,73813.0,Old Trafford,R Jones,0.0,0.0,11.0,12.0,4.0,3.0,4.0,8.0,19.0,14.0,6.0,2.0,0.0,0.0,2.6,3.5,2.6,D
2024-2025,10,2024-11-04,20:00,Mon,Fulham,Brentford,2.0,1.0,24931.0,Craven Cottage,S Attwell,0.0,1.0,26.0,5.0,12.0,2.0,11.0,3.0,3.0,10.0,2.0,1.0,0.0,0.0,2.0,3.7,3.5,H
2024-2025,11,2024-11-09,15:00,Sat,Brentford,Bournemouth,3.0,2.0,16587.0,Gtech Community Stadium,D Bond,1.0,1.0,12.0,15.0,6.0,3.0,6.0,4.0,8.0,16.0,2.0,4.0,0.0,0.0,2.5,3.5,2.7,H
2024-2025,11,2024-11-09,15:00,Sat,West Ham,Everton,0.0,0.0,62463.0,London Stadium,S Attwell,0.0,0.0,11.0,18.0,6.0,4.0,7.0,6.0,10.0,9.0,1.0,2.0,0.0,0.0,2.15,3.4,3.4,D
2024-2025,11,2024-11-09,15:00,Sat,Crystal Palace,Fulham,0.0,2.0,25142.0,Selhurst Park,M Salisbury,0.0,1.0,13.0,17.0,5.0,7.0,1.0,8.0,10.0,11.0,1.0,1.0,1.0,0.0,2.7,3.5,2.55,A
2024-2025,11,2024-11-09,15:00,Sat,Wolves,Southampton,2.0,0.0,31403.0,Molineux Stadium,T Bramall,1.0,0.0,8.0,9.0,4.0,0.0,1.0,9.0,14.0,12.0,1.0,4.0,0.0,0.0,1.91,3.75,3.75,H
2024-2025,11,2024-11-09,17:30,Sat,Brighton,Manchester City,2.0,1.0,31715.0,The American Express Stadium,S Barrott,0.0,1.0,10.0,15.0,4.0,6.0,0.0,4.0,12.0,10.0,3.0,3.0,0.0,0.0,4.1,4.2,1.73,H
2024-2025,11,2024-11-09,20:00,Sat,Liverpool,Aston Villa,2.0,0.0,60292.0,Anfield,D Coote,1.0,0.0,14.0,12.0,5.0,2.0,2.0,9.0,11.0,15.0,0.0,3.0,0.0,0.0,1.42,5.25,6.5,H
2024-2025,11,2024-11-10,14:00,Sun,Manchester United,Leicester City,3.0,0.0,73829.0,Old Trafford,P Bankes,2.0,0.0,13.0,6.0,3.0,5.0,1.0,5.0,9.0,5.0,0.0,1.0,0.0,0.0,1.38,5.5,6.5,H
2024-2025,11,2024-11-10,14:00,Sun,Nottingham Forest,Newcastle United,1.0,3.0,30145.0,The City Ground,A Taylor,1.0,0.0,9.0,17.0,3.0,6.0,4.0,5.0,13.0,6.0,1.0,1.0,0.0,0.0,2.7,3.3,2.7,A
2024-2025,11,2024-11-10,14:00,Sun,Tottenham,Ipswich Town,1.0,2.0,61505.0,Tottenham Hotspur Stadium,D England,0.0,2.0,17.0,8.0,5.0,3.0,12.0,2.0,10.0,19.0,1.0,5.0,0.0,0.0,1.25,6.5,9.0,A
2024-2025,11,2024-11-10,16:30,Sun,Chelsea,Arsenal,1.0,1.0,39780.0,Stamford Bridge,M Oliver,0.0,0.0,17.0,13.0,3.0,3.0,4.0,3.0,12.0,12.0,4.0,2.0,0.0,0.0,2.7,3.4,2.55,D
2024-2025,12,2024-11-23,12:30,Sat,Leicester City,Chelsea,1.0,2.0,31880.0,King Power Stadium,A Madley,0.0,1.0,4.0,16.0,1.0,7.0,2.0,9.0,15.0,12.0,4.0,3.0,0.0,0.0,6.5,4.75,1.44,A
2024-2025,12,2024-11-23,15:00,Sat,Arsenal,Nottingham Forest,3.0,0.0,60298.0,Emirates Stadium,S Hooper,1.0,0.0,19.0,7.0,7.0,0.0,8.0,1.0,10.0,1.0,3.0,2.0,0.0,0.0,1.38,4.75,9.0,H
2024-2025,12,2024-11-23,15:00,Sat,Bournemouth,Brighton,1.0,2.0,11196.0,Vitality Stadium,S Attwell,0.0,1.0,19.0,6.0,5.0,4.0,7.0,0.0,13.0,10.0,2.0,2.0,0.0,1.0,2.4,3.6,2.8,A
2024-2025,12,2024-11-23,15:00,Sat,Aston Villa,Crystal Palace,2.0,2.0,42175.0,Villa Park,T Robinson,1.0,2.0,17.0,13.0,5.0,6.0,10.0,1.0,10.0,11.0,3.0,2.0,0.0,0.0,1.62,4.0,5.5,D
2024-2025,12,2024-11-23,15:00,Sat,Everton,Brentford,0.0,0.0,38915.0,Goodison Park,C Kavanagh,0.0,0.0,27.0,9.0,5.0,2.0,10.0,4.0,8.0,10.0,0.0,0.0,0.0,1.0,2.45,3.4,2.88,D
2024-2025,12,2024-11-23,15:00,Sat,Fulham,Wolves,1.0,4.0,26685.0,Craven Cottage,R Jones,1.0,1.0,10.0,10.0,3.0,5.0,7.0,2.0,14.0,14.0,3.0,0.0,0.0,0.0,1.62,4.0,5.25,A
2024-2025,12,2024-11-23,17:30,Sat,Manchester City,Tottenham,0.0,4.0,52478.0,Etihad Stadium,J Brooks,0.0,2.0,23.0,9.0,5.0,7.0,9.0,3.0,19.0,9.0,4.0,2.0,0.0,0.0,1.48,4.75,6.0,A
2024-2025,12,2024-11-24,14:00,Sun,Southampton,Liverpool,2.0,3.0,31278.0,St Mary's Stadium,S Barrott,1.0,1.0,7.0,27.0,5.0,11.0,3.0,10.0,11.0,9.0,3.0,4.0,0.0,0.0,11.0,5.75,1.27,A
2024-2025,12,2024-11-24,16:30,Sun,Ipswich Town,Manchester United,1.0,1.0,30017.0,Portman Road Stadium,A Taylor,1.0,1.0,11.0,11.0,6.0,4.0,4.0,3.0,11.0,10.0,0.0,0.0,0.0,0.0,5.25,4.0,1.62,D
2024-2025,12,2024-11-25,20:00,Mon,Newcastle United,West Ham,0.0,2.0,52094.0,St James' Park,C Pawson,0.0,1.0,18.0,15.0,2.0,6.0,8.0,3.0,11.0,8.0,1.0,0.0,0.0,0.0,1.5,4.5,6.0,A
2024-2025,13,2024-11-29,20:00,Fri,Brighton,Southampton,1.0,1.0,31542.0,The American Express Stadium,R Jones,1.0,0.0,22.0,10.0,5.0,2.0,7.0,6.0,20.0,16.0,2.0,4.0,0.0,0.0,1.38,5.0,7.5,D
2024-2025,13,2024-11-30,15:00,Sat,Crystal Palace,Newcastle United,1.0,1.0,25101.0,Selhurst Park,D England,0.0,0.0,16.0,1.0,4.0,0.0,8.0,9.0,12.0,11.0,3.0,3.0,0.0,0.0,2.9,3.6,2.3,D
2024-2025,13,2024-11-30,15:00,Sat,Wolves,Bournemouth,2.0,4.0,26685.0,Molineux Stadium,P Bankes,1.0,3.0,10.0,12.0,3.0,8.0,3.0,4.0,13.0,11.0,4.0,1.0,0.0,0.0,2.8,3.6,2.4,A
2024-2025,13,2024-11-30,15:00,Sat,Nottingham Forest,Ipswich Town,1.0,0.0,30237.0,The City Ground,T Harrington,0.0,0.0,12.0,7.0,5.0,3.0,8.0,7.0,5.0,16.0,1.0,3.0,0.0,0.0,1.7,3.8,4.75,H
2024-2025,13,2024-11-30,15:00,Sat,Brentford,Leicester City,4.0,1.0,17084.0,Gtech Community Stadium,M Oliver,3.0,1.0,13.0,7.0,6.0,3.0,5.0,4.0,9.0,10.0,1.0,1.0,0.0,0.0,1.65,4.2,4.75,H
2024-2025,13,2024-11-30,17:30,Sat,West Ham,Arsenal,2.0,5.0,62475.0,London Stadium,A Taylor,2.0,5.0,12.0,16.0,5.0,7.0,2.0,10.0,10.0,13.0,4.0,1.0,0.0,0.0,7.0,4.5,1.45,A
2024-2025,13,2024-12-01,13:30,Sun,Chelsea,Aston Villa,3.0,0.0,40853.0,Stamford Bridge,S Attwell,2.0,0.0,17.0,10.0,8.0,4.0,3.0,4.0,21.0,6.0,2.0,2.0,0.0,0.0,1.7,4.1,4.5,H
2024-2025,13,2024-12-01,13:30,Sun,Tottenham,Fulham,1.0,1.0,61141.0,Tottenham Hotspur Stadium,D Bond,0.0,0.0,8.0,14.0,3.0,6.0,7.0,11.0,4.0,14.0,0.0,1.0,0.0,1.0,1.7,4.5,4.1,D
2024-2025,13,2024-12-01,13:30,Sun,Manchester United,Everton,4.0,0.0,73817.0,Old Trafford,J Brooks,2.0,0.0,11.0,8.0,5.0,2.0,2.0,2.0,12.0,12.0,2.0,3.0,0.0,0.0,1.53,4.2,6.0,H
2024-2025,13,2024-12-01,16:00,Sun,Liverpool,Manchester City,2.0,0.0,60248.0,Anfield,C Kavanagh,1.0,0.0,18.0,8.0,7.0,2.0,7.0,4.0,9.0,8.0,1.0,3.0,0.0,0.0,2.1,3.6,3.3,H
2024-2025,14,2024-12-03,19:30,Tue,Ipswich Town,Crystal Palace,0.0,1.0,29533.0,Portman Road Stadium,C Pawson,0.0,0.0,9.0,13.0,2.0,3.0,4.0,7.0,14.0,13.0,2.0,4.0,0.0,0.0,3.0,3.4,2.35,A
2024-2025,14,2024-12-03,20:15,Tue,Leicester City,West Ham,3.0,1.0,30947.0,King Power Stadium,J Smith,1.0,0.0,8.0,31.0,6.0,10.0,3.0,9.0,9.0,7.0,2.0,2.0,0.0,0.0,2.9,3.4,2.38,H
2024-2025,14,2024-12-04,19:30,Wed,Everton,Wolves,4.0,0.0,38820.0,Goodison Park,M Salisbury,2.0,0.0,13.0,6.0,4.0,2.0,3.0,4.0,10.0,8.0,2.0,0.0,0.0,0.0,2.1,3.4,3.5,H
2024-2025,14,2024-12-04,19:30,Wed,Newcastle United,Liverpool,3.0,3.0,52237.0,St James' Park,A Madley,1.0,0.0,17.0,16.0,6.0,5.0,5.0,6.0,9.0,17.0,2.0,5.0,0.0,0.0,4.2,4.0,1.75,D
2024-2025,14,2024-12-04,19:30,Wed,Manchester City,Nottingham Forest,3.0,0.0,51764.0,Etihad Stadium,M Oliver,2.0,0.0,17.0,12.0,7.0,3.0,8.0,2.0,7.0,15.0,2.0,4.0,0.0,0.0,1.36,4.75,9.0,H
2024-2025,14,2024-12-04,19:30,Wed,Southampton,Chelsea,1.0,5.0,31193.0,St Mary's Stadium,T Harrington,1.0,3.0,6.0,26.0,4.0,13.0,5.0,7.0,7.0,14.0,1.0,0.0,1.0,0.0,8.5,5.25,1.33,A
2024-2025,14,2024-12-04,20:15,Wed,Arsenal,Manchester United,2.0,0.0,60256.0,Emirates Stadium,S Barrott,0.0,0.0,14.0,5.0,6.0,2.0,13.0,0.0,12.0,8.0,1.0,3.0,0.0,0.0,1.44,4.5,7.0,H
2024-2025,14,2024-12-04,20:15,Wed,Aston Villa,Brentford,3.0,1.0,42148.0,Villa Park,L Smith,3.0,0.0,20.0,9.0,10.0,1.0,10.0,5.0,11.0,15.0,2.0,2.0,0.0,0.0,1.8,3.75,4.33,H
2024-2025,14,2024-12-05,19:30,Thu,Fulham,Brighton,3.0,1.0,26368.0,Craven Cottage,P Bankes,1.0,0.0,6.0,13.0,2.0,3.0,5.0,6.0,7.0,8.0,2.0,2.0,0.0,0.0,2.35,3.6,2.88,H
2024-2025,14,2024-12-05,20:15,Thu,Bournemouth,Tottenham,1.0,0.0,11234.0,Vitality Stadium,S Hooper,1.0,0.0,21.0,12.0,8.0,4.0,5.0,9.0,15.0,8.0,2.0,2.0,0.0,0.0,2.63,3.75,2.45,H
2024-2025,15,2024-12-07,15:00,Sat,Brentford,Newcastle United,4.0,2.0,17078.0,Gtech Community Stadium,T Robinson,2.0,2.0,11.0,16.0,8.0,3.0,3.0,4.0,10.0,7.0,3.0,0.0,0.0,0.0,2.88,3.75,2.3,H
2024-2025,15,2024-12-07,15:00,Sat,Crystal Palace,Manchester City,2.0,2.0,25142.0,Selhurst Park,R Jones,1.0,1.0,12.0,12.0,3.0,4.0,6.0,8.0,4.0,10.0,1.0,0.0,0.0,1.0,5.5,4.2,1.57,D
2024-2025,15,2024-12-07,15:00,Sat,Aston Villa,Southampton,1.0,0.0,42453.0,Villa Park,D Bond,1.0,0.0,18.0,4.0,5.0,0.0,14.0,1.0,18.0,15.0,1.0,3.0,0.0,0.0,1.36,5.5,7.0,H
2024-2025,15,2024-12-07,17:30,Sat,Manchester United,Nottingham Forest,2.0,3.0,73778.0,Old Trafford,D England,1.0,1.0,17.0,11.0,7.0,3.0,5.0,3.0,10.0,13.0,0.0,2.0,0.0,0.0,1.65,3.9,5.25,A
2024-2025,15,2024-12-08,14:00,Sun,Fulham,Arsenal,1.0,1.0,26954.0,Craven Cottage,C Kavanagh,1.0,0.0,2.0,12.0,2.0,4.0,0.0,6.0,10.0,9.0,4.0,2.0,0.0,0.0,5.0,4.33,1.6,D
2024-2025,15,2024-12-08,14:00,Sun,Ipswich Town,Bournemouth,1.0,2.0,29180.0,Portman Road Stadium,M Salisbury,1.0,0.0,18.0,22.0,5.0,6.0,6.0,13.0,9.0,13.0,2.0,1.0,0.0,0.0,3.5,3.75,2.0,A
2024-2025,15,2024-12-08,14:00,Sun,Leicester City,Brighton,2.0,2.0,31647.0,King Power Stadium,S Attwell,0.0,1.0,10.0,16.0,3.0,7.0,5.0,5.0,9.0,10.0,1.0,2.0,0.0,0.0,4.5,3.8,1.73,D
2024-2025,15,2024-12-08,16:30,Sun,Tottenham,Chelsea,3.0,4.0,61184.0,Tottenham Hotspur Stadium,A Taylor,2.0,1.0,13.0,17.0,5.0,8.0,5.0,10.0,17.0,11.0,2.0,2.0,0.0,0.0,3.4,3.9,2.0,A
2024-2025,15,2024-12-09,20:00,Mon,West Ham,Wolves,2.0,1.0,62474.0,London Stadium,J Brooks,0.0,0.0,19.0,19.0,4.0,5.0,11.0,0.0,12.0,17.0,5.0,4.0,0.0,0.0,1.9,3.9,3.75,H
2024-2025,16,2024-12-14,15:00,Sat,Newcastle United,Leicester City,4.0,0.0,52235.0,St James' Park,T Bramall,1.0,0.0,27.0,4.0,11.0,1.0,5.0,2.0,7.0,16.0,3.0,3.0,0.0,0.0,1.3,6.0,8.5,H
2024-2025,16,2024-12-14,15:00,Sat,Arsenal,Everton,0.0,0.0,60176.0,Emirates Stadium,C Pawson,0.0,0.0,13.0,2.0,5.0,0.0,8.0,2.0,6.0,9.0,0.0,3.0,0.0,0.0,1.22,6.5,12.0,D
2024-2025,16,2024-12-14,15:00,Sat,Wolves,Ipswich Town,1.0,2.0,30866.0,Molineux Stadium,S Hooper,0.0,1.0,16.0,10.0,6.0,5.0,7.0,3.0,13.0,9.0,0.0,2.0,1.0,0.0,1.9,3.8,3.8,A
2024-2025,16,2024-12-14,15:00,Sat,Liverpool,Fulham,2.0,2.0,60333.0,Anfield,T Harrington,0.0,1.0,16.0,12.0,4.0,3.0,5.0,4.0,10.0,7.0,3.0,4.0,1.0,0.0,1.33,5.5,8.0,D
2024-2025,16,2024-12-14,17:30,Sat,Nottingham Forest,Aston Villa,2.0,1.0,30117.0,The City Ground,S Barrott,0.0,0.0,17.0,8.0,6.0,2.0,4.0,3.0,12.0,6.0,0.0,1.0,0.0,0.0,2.63,3.3,2.7,H
2024-2025,16,2024-12-15,14:00,Sun,Brighton,Crystal Palace,1.0,3.0,30893.0,The American Express Stadium,M Oliver,0.0,2.0,17.0,13.0,5.0,5.0,8.0,5.0,11.0,15.0,1.0,4.0,0.0,0.0,1.85,3.8,3.9,A
2024-2025,16,2024-12-15,16:30,Sun,Manchester City,Manchester United,1.0,2.0,53184.0,Etihad Stadium,A Taylor,1.0,0.0,10.0,10.0,3.0,3.0,8.0,2.0,5.0,14.0,1.0,1.0,0.0,0.0,1.57,4.5,5.0,A
2024-2025,16,2024-12-15,19:00,Sun,Southampton,Tottenham,0.0,5.0,31090.0,St Mary's Stadium,D England,0.0,5.0,9.0,18.0,3.0,9.0,2.0,5.0,8.0,15.0,1.0,3.0,0.0,0.0,4.33,4.5,1.67,A
2024-2025,16,2024-12-15,19:00,Sun,Chelsea,Brentford,2.0,1.0,39571.0,Stamford Bridge,P Bankes,1.0,0.0,26.0,9.0,8.0,4.0,8.0,5.0,11.0,7.0,0.0,2.0,1.0,0.0,1.33,6.0,7.5,H
2024-2025,16,2024-12-16,20:00,Mon,Bournemouth,West Ham,1.0,1.0,11204.0,Vitality Stadium,C Kavanagh,0.0,0.0,29.0,16.0,9.0,3.0,12.0,6.0,6.0,11.0,0.0,2.0,0.0,0.0,1.7,4.0,4.75,D
2024-2025,17,2024-12-21,12:30,Sat,Aston Villa,Manchester City,2.0,1.0,42345.0,Villa Park,P Bankes,1.0,0.0,11.0,12.0,6.0,6.0,5.0,4.0,14.0,7.0,3.0,3.0,0.0,0.0,3.25,3.7,2.1,H
2024-2025,17,2024-12-21,15:00,Sat,West Ham,Brighton,1.0,1.0,62460.0,London Stadium,R Jones,0.0,0.0,11.0,12.0,4.0,6.0,8.0,4.0,14.0,20.0,2.0,2.0,0.0,0.0,2.88,3.7,2.35,D
2024-2025,17,2024-12-21,15:00,Sat,Brentford,Nottingham Forest,0.0,2.0,17115.0,Gtech Community Stadium,M Oliver,0.0,1.0,7.0,10.0,3.0,6.0,9.0,5.0,9.0,14.0,3.0,4.0,0.0,0.0,2.3,3.6,2.9,A
2024-2025,17,2024-12-21,15:00,Sat,Ipswich Town,Newcastle United,0.0,4.0,29774.0,Portman Road Stadium,S Attwell,0.0,3.0,10.0,15.0,2.0,7.0,2.0,1.0,9.0,7.0,2.0,0.0,0.0,0.0,4.75,3.75,1.73,A
2024-2025,17,2024-12-21,17:30,Sat,Crystal Palace,Arsenal,1.0,5.0,25167.0,Selhurst Park,S Hooper,1.0,3.0,15.0,14.0,6.0,6.0,3.0,3.0,9.0,8.0,2.0,2.0,0.0,0.0,6.25,4.2,1.55,A
2024-2025,17,2024-12-22,14:00,Sun,Manchester United,Bournemouth,0.0,3.0,73720.0,Old Trafford,C Pawson,0.0,1.0,23.0,10.0,7.0,5.0,13.0,1.0,11.0,11.0,1.0,3.0,0.0,0.0,1.8,3.8,4.2,A
2024-2025,17,2024-12-22,14:00,Sun,Fulham,Southampton,0.0,0.0,26819.0,Craven Cottage,T Robinson,0.0,0.0,16.0,5.0,5.0,1.0,6.0,5.0,8.0,15.0,1.0,3.0,0.0,0.0,1.42,4.75,7.0,D
2024-2025,17,2024-12-22,14:00,Sun,Everton,Chelsea,0.0,0.0,39358.0,Goodison Park,C Kavanagh,0.0,0.0,5.0,12.0,4.0,5.0,2.0,5.0,20.0,12.0,4.0,1.0,0.0,0.0,5.0,4.2,1.62,D
2024-2025,17,2024-12-22,14:00,Sun,Leicester City,Wolves,0.0,3.0,31818.0,King Power Stadium,A Taylor,0.0,3.0,9.0,8.0,5.0,4.0,6.0,1.0,15.0,16.0,2.0,0.0,0.0,0.0,2.55,3.4,2.7,A
2024-2025,17,2024-12-22,16:30,Sun,Tottenham,Liverpool,3.0,6.0,61439.0,Tottenham Hotspur Stadium,S Barrott,1.0,3.0,9.0,24.0,5.0,12.0,7.0,5.0,7.0,9.0,1.0,2.0,0.0,0.0,4.5,4.0,1.73,A
2024-2025,18,2024-12-26,12:30,Thu,Manchester City,Everton,1.0,1.0,55527.0,Etihad Stadium,S Hooper,1.0,1.0,24.0,8.0,5.0,3.0,8.0,5.0,5.0,10.0,1.0,4.0,0.0,0.0,1.33,5.5,7.5,D
2024-2025,18,2024-12-26,15:00,Thu,Chelsea,Fulham,1.0,2.0,39687.0,Stamford Bridge,S Barrott,1.0,0.0,12.0,14.0,8.0,7.0,3.0,1.0,13.0,13.0,1.0,3.0,0.0,0.0,1.48,4.75,6.0,A
2024-2025,18,2024-12-26,15:00,Thu,Southampton,West Ham,0.0,1.0,31059.0,St Mary's Stadium,L Smith,0.0,0.0,18.0,16.0,5.0,2.0,2.0,2.0,15.0,8.0,1.0,2.0,0.0,0.0,3.25,3.5,2.2,A
2024-2025,18,2024-12-26,15:00,Thu,Bournemouth,Crystal Palace,0.0,0.0,11129.0,Vitality Stadium,T Bramall,0.0,0.0,18.0,10.0,4.0,4.0,5.0,2.0,13.0,12.0,2.0,2.0,0.0,0.0,1.9,3.8,3.8,D
2024-2025,18,2024-12-26,15:00,Thu,Newcastle United,Aston Villa,3.0,0.0,52168.0,St James' Park,A Taylor,1.0,0.0,22.0,4.0,8.0,1.0,9.0,6.0,15.0,10.0,2.0,1.0,0.0,1.0,1.91,3.8,3.75,H
2024-2025,18,2024-12-26,15:00,Thu,Nottingham Forest,Tottenham,1.0,0.0,30200.0,The City Ground,C Pawson,1.0,0.0,10.0,13.0,3.0,4.0,2.0,7.0,12.0,13.0,3.0,2.0,0.0,1.0,2.3,3.75,2.88,H
2024-2025,18,2024-12-26,17:30,Thu,Wolves,Manchester United,2.0,0.0,31407.0,Molineux Stadium,T Harrington,0.0,0.0,7.0,11.0,4.0,4.0,4.0,4.0,12.0,12.0,2.0,2.0,0.0,1.0,3.9,3.7,1.91,H
2024-2025,18,2024-12-26,20:00,Thu,Liverpool,Leicester City,3.0,1.0,60300.0,Anfield,D Bond,1.0,1.0,19.0,4.0,7.0,1.0,14.0,1.0,17.0,5.0,3.0,2.0,0.0,0.0,1.08,12.0,23.0,H
2024-2025,18,2024-12-27,19:30,Fri,Brighton,Brentford,0.0,0.0,31548.0,The American Express Stadium,A Madley,0.0,0.0,24.0,8.0,7.0,3.0,5.0,3.0,6.0,12.0,0.0,2.0,0.0,0.0,1.62,4.33,4.75,D
2024-2025,18,2024-12-27,20:15,Fri,Arsenal,Ipswich Town,1.0,0.0,60271.0,Emirates Stadium,D England,1.0,0.0,13.0,3.0,5.0,0.0,5.0,1.0,7.0,12.0,1.0,1.0,0.0,0.0,1.14,9.0,15.0,H
2024-2025,19,2024-12-29,14:30,Sun,Leicester City,Manchester City,0.0,2.0,32057.0,King Power Stadium,M Oliver,0.0,1.0,11.0,14.0,4.0,5.0,4.0,4.0,11.0,6.0,2.0,1.0,0.0,0.0,7.5,5.5,1.36,A
2024-2025,19,2024-12-29,15:00,Sun,Tottenham,Wolves,2.0,2.0,61284.0,Tottenham Hotspur Stadium,C Kavanagh,2.0,1.0,13.0,11.0,3.0,3.0,5.0,5.0,9.0,10.0,1.0,2.0,0.0,0.0,1.6,5.0,4.2,D
2024-2025,19,2024-12-29,15:00,Sun,Fulham,Bournemouth,2.0,2.0,27301.0,Craven Cottage,R Jones,1.0,0.0,11.0,16.0,6.0,9.0,1.0,7.0,7.0,16.0,1.0,3.0,0.0,0.0,2.3,3.6,2.88,D
2024-2025,19,2024-12-29,15:00,Sun,Everton,Nottingham Forest,0.0,2.0,25414.0,Goodison Park,T Harrington,0.0,1.0,13.0,11.0,2.0,7.0,5.0,4.0,13.0,10.0,4.0,1.0,0.0,0.0,2.6,3.2,2.8,A
2024-2025,19,2024-12-29,15:00,Sun,Crystal Palace,Southampton,2.0,1.0,25130.0,Selhurst Park,M Salisbury,1.0,1.0,19.0,7.0,10.0,3.0,8.0,7.0,18.0,19.0,2.0,3.0,0.0,0.0,1.57,3.9,5.5,H
2024-2025,19,2024-12-29,17:15,Sun,West Ham,Liverpool,0.0,5.0,62476.0,London Stadium,A Taylor,0.0,3.0,7.0,22.0,0.0,13.0,3.0,6.0,7.0,10.0,0.0,0.0,0.0,0.0,7.0,5.0,1.4,A
2024-2025,19,2024-12-30,19:45,Mon,Aston Villa,Brighton,2.0,2.0,41414.0,Villa Park,C Pawson,1.0,1.0,20.0,13.0,4.0,4.0,12.0,3.0,9.0,14.0,2.0,3.0,0.0,0.0,1.9,3.8,3.6,D
2024-2025,19,2024-12-30,19:45,Mon,Ipswich Town,Chelsea,2.0,0.0,29968.0,Portman Road Stadium,J Brooks,1.0,0.0,9.0,20.0,6.0,5.0,4.0,7.0,9.0,5.0,4.0,4.0,0.0,0.0,6.5,4.75,1.42,H
2024-2025,19,2024-12-30,20:00,Mon,Manchester United,Newcastle United,0.0,2.0,73809.0,Old Trafford,S Hooper,0.0,2.0,10.0,12.0,0.0,4.0,2.0,3.0,13.0,8.0,1.0,1.0,0.0,0.0,2.75,3.5,2.55,A
2024-2025,19,2025-01-01,17:30,Wed,Brentford,Arsenal,1.0,3.0,47190.0,Gtech Community Stadium,P Bankes,1.0,1.0,5.0,14.0,2.0,5.0,4.0,3.0,6.0,8.0,1.0,2.0,0.0,0.0,6.5,4.75,1.44,A
2024-2025,20,2025-01-04,12:30,Sat,Tottenham,Newcastle United,1.0,2.0,61293.0,Tottenham Hotspur Stadium,A Madley,1.0,2.0,13.0,14.0,4.0,4.0,9.0,10.0,11.0,15.0,1.0,4.0,0.0,0.0,2.88,3.8,2.25,A
2024-2025,20,2025-01-04,15:00,Sat,Southampton,Brentford,0.0,5.0,31001.0,St Mary's Stadium,S Attwell,0.0,1.0,8.0,20.0,1.0,11.0,2.0,2.0,10.0,4.0,2.0,0.0,0.0,0.0,3.0,3.4,2.4,A
2024-2025,20,2025-01-04,15:00,Sat,Bournemouth,Everton,1.0,0.0,11223.0,Vitality Stadium,J Brooks,0.0,0.0,19.0,9.0,8.0,0.0,9.0,3.0,15.0,14.0,2.0,2.0,0.0,0.0,1.73,3.75,4.75,H
2024-2025,20,2025-01-04,15:00,Sat,Crystal Palace,Chelsea,1.0,1.0,25179.0,Selhurst Park,T Robinson,0.0,1.0,13.0,15.0,6.0,1.0,6.0,6.0,9.0,12.0,0.0,2.0,0.0,0.0,3.8,3.75,1.91,D
2024-2025,20,2025-01-04,15:00,Sat,Manchester City,West Ham,4.0,1.0,52737.0,Etihad Stadium,M Salisbury,2.0,0.0,10.0,17.0,7.0,4.0,7.0,1.0,8.0,13.0,2.0,1.0,0.0,0.0,1.3,6.25,7.5,H
2024-2025,20,2025-01-04,15:00,Sat,Aston Villa,Leicester City,2.0,1.0,42386.0,Villa Park,J Gillett,0.0,0.0,13.0,4.0,5.0,2.0,7.0,2.0,10.0,11.0,0.0,1.0,0.0,0.0,1.33,5.5,8.5,H
2024-2025,20,2025-01-04,17:30,Sat,Brighton,Arsenal,1.0,1.0,31714.0,The American Express Stadium,A Taylor,0.0,1.0,11.0,9.0,4.0,3.0,2.0,5.0,17.0,14.0,2.0,3.0,0.0,0.0,4.33,3.75,1.8,D
2024-2025,20,2025-01-05,14:00,Sun,Fulham,Ipswich Town,2.0,2.0,27042.0,Craven Cottage,D Bond,0.0,1.0,15.0,7.0,4.0,3.0,9.0,2.0,10.0,14.0,1.0,5.0,0.0,0.0,1.55,4.2,5.75,D
2024-2025,20,2025-01-05,16:30,Sun,Liverpool,Manchester United,2.0,2.0,60275.0,Anfield,M Oliver,0.0,0.0,19.0,13.0,6.0,4.0,6.0,9.0,10.0,13.0,2.0,4.0,0.0,0.0,1.29,6.25,8.0,D
2024-2025,20,2025-01-06,20:00,Mon,Wolves,Nottingham Forest,0.0,3.0,29940.0,Molineux Stadium,P Bankes,0.0,2.0,13.0,11.0,6.0,3.0,5.0,3.0,10.0,8.0,1.0,2.0,0.0,0.0,3.3,3.2,2.3,A
2024-2025,21,2025-01-14,19:30,Tue,Brentford,Manchester City,2.0,2.0,17048.0,Gtech Community Stadium,A Taylor,0.0,0.0,18.0,21.0,6.0,8.0,4.0,5.0,4.0,4.0,0.0,0.0,0.0,0.0,4.75,4.2,1.62,D
2024-2025,21,2025-01-14,19:30,Tue,West Ham,Fulham,3.0,2.0,62456.0,London Stadium,C Pawson,2.0,0.0,4.0,21.0,3.0,5.0,0.0,3.0,9.0,18.0,3.0,3.0,0.0,0.0,3.0,3.4,2.38,H
2024-2025,21,2025-01-14,19:30,Tue,Chelsea,Bournemouth,2.0,2.0,39092.0,Stamford Bridge,R Jones,1.0,0.0,26.0,7.0,10.0,3.0,9.0,3.0,15.0,16.0,2.0,3.0,0.0,0.0,1.48,4.75,6.0,D
2024-2025,21,2025-01-14,20:00,Tue,Nottingham Forest,Liverpool,1.0,1.0,30249.0,The City Ground,C Kavanagh,1.0,0.0,6.0,23.0,3.0,7.0,0.0,9.0,7.0,10.0,2.0,1.0,0.0,0.0,5.25,4.1,1.62,D
2024-2025,21,2025-01-15,19:30,Wed,Everton,Aston Villa,0.0,1.0,39085.0,Goodison Park,S Barrott,0.0,0.0,10.0,11.0,3.0,3.0,8.0,5.0,17.0,10.0,2.0,1.0,0.0,0.0,3.25,3.2,2.3,A
2024-2025,21,2025-01-15,19:30,Wed,Newcastle United,Wolves,3.0,0.0,51975.0,St James' Park,D England,1.0,0.0,17.0,13.0,5.0,7.0,4.0,2.0,10.0,13.0,0.0,2.0,0.0,0.0,1.36,5.5,8.0,H
2024-2025,21,2025-01-15,19:30,Wed,Leicester City,Crystal Palace,0.0,2.0,29766.0,King Power Stadium,A Madley,0.0,0.0,21.0,9.0,4.0,4.0,4.0,3.0,7.0,6.0,0.0,0.0,0.0,0.0,3.9,3.6,1.91,A
2024-2025,21,2025-01-15,20:00,Wed,Arsenal,Tottenham,2.0,1.0,60287.0,Emirates Stadium,S Hooper,2.0,1.0,14.0,10.0,4.0,2.0,10.0,4.0,16.0,9.0,3.0,1.0,0.0,0.0,1.4,5.25,7.0,H
2024-2025,21,2025-01-16,19:30,Thu,Ipswich Town,Brighton,0.0,2.0,29403.0,Portman Road Stadium,T Harrington,0.0,0.0,5.0,11.0,3.0,5.0,1.0,9.0,13.0,14.0,2.0,2.0,0.0,0.0,3.9,3.7,1.91,A
2024-2025,21,2025-01-16,20:00,Thu,Manchester United,Southampton,3.0,1.0,73722.0,Old Trafford,J Brooks,0.0,1.0,23.0,13.0,9.0,5.0,5.0,4.0,7.0,10.0,1.0,3.0,0.0,0.0,1.29,6.0,9.5,H
2024-2025,22,2025-01-18,12:30,Sat,Newcastle United,Bournemouth,1.0,4.0,52227.0,St James' Park,S Attwell,1.0,2.0,13.0,19.0,5.0,10.0,7.0,6.0,7.0,18.0,1.0,6.0,0.0,0.0,1.62,4.2,5.0,A
2024-2025,22,2025-01-18,15:00,Sat,West Ham,Crystal Palace,0.0,2.0,62469.0,London Stadium,T Bramall,0.0,0.0,7.0,12.0,0.0,7.0,2.0,4.0,13.0,10.0,1.0,0.0,1.0,0.0,2.6,3.5,2.63,A
2024-2025,22,2025-01-18,15:00,Sat,Brentford,Liverpool,0.0,2.0,17215.0,Gtech Community Stadium,A Madley,0.0,0.0,11.0,37.0,6.0,8.0,2.0,15.0,6.0,14.0,2.0,3.0,0.0,0.0,6.5,5.0,1.42,A
2024-2025,22,2025-01-18,15:00,Sat,Leicester City,Fulham,0.0,2.0,31500.0,King Power Stadium,M Salisbury,0.0,0.0,8.0,17.0,4.0,2.0,5.0,2.0,8.0,8.0,3.0,1.0,0.0,0.0,4.33,3.7,1.8,A
2024-2025,22,2025-01-18,17:30,Sat,Arsenal,Aston Villa,2.0,2.0,60067.0,Emirates Stadium,C Kavanagh,1.0,0.0,18.0,8.0,6.0,4.0,10.0,1.0,10.0,18.0,2.0,3.0,0.0,0.0,1.5,4.1,7.0,D
2024-2025,22,2025-01-19,14:00,Sun,Manchester United,Brighton,1.0,3.0,73758.0,Old Trafford,P Bankes,1.0,1.0,10.0,6.0,1.0,3.0,4.0,2.0,13.0,12.0,3.0,3.0,0.0,0.0,2.1,3.6,3.3,A
2024-2025,22,2025-01-19,14:00,Sun,Nottingham Forest,Southampton,3.0,2.0,30180.0,The City Ground,A Taylor,3.0,0.0,14.0,10.0,5.0,4.0,2.0,8.0,4.0,18.0,0.0,4.0,0.0,0.0,1.38,4.75,8.0,H
2024-2025,22,2025-01-19,14:00,Sun,Everton,Tottenham,3.0,2.0,39326.0,Goodison Park,D England,3.0,0.0,12.0,11.0,6.0,6.0,3.0,8.0,14.0,14.0,2.0,1.0,0.0,0.0,2.8,3.5,2.45,H
2024-2025,22,2025-01-19,16:30,Sun,Ipswich Town,Manchester City,0.0,6.0,29841.0,Portman Road Stadium,S Barrott,0.0,3.0,8.0,17.0,4.0,9.0,4.0,7.0,4.0,7.0,0.0,1.0,0.0,0.0,7.5,5.25,1.36,A
2024-2025,22,2025-01-20,20:00,Mon,Chelsea,Wolves,3.0,1.0,39221.0,Stamford Bridge,S Hooper,1.0,1.0,19.0,9.0,7.0,4.0,3.0,6.0,8.0,14.0,4.0,2.0,0.0,0.0,1.36,5.75,6.5,H
2024-2025,23,2025-01-25,15:00,Sat,Wolves,Arsenal,0.0,1.0,31503.0,Molineux Stadium,M Oliver,0.0,0.0,9.0,9.0,4.0,3.0,1.0,5.0,20.0,10.0,0.0,1.0,1.0,1.0,7.0,4.5,1.45,A
2024-2025,23,2025-01-25,15:00,Sat,Southampton,Newcastle United,1.0,3.0,31141.0,St Mary's Stadium,S Barrott,1.0,2.0,12.0,17.0,5.0,9.0,3.0,8.0,10.0,5.0,1.0,0.0,0.0,0.0,6.5,5.25,1.42,A
2024-2025,23,2025-01-25,15:00,Sat,Brighton,Everton,0.0,1.0,31087.0,The American Express Stadium,T Robinson,0.0,1.0,16.0,3.0,1.0,1.0,9.0,1.0,8.0,11.0,3.0,4.0,0.0,0.0,1.67,3.75,5.5,A
2024-2025,23,2025-01-25,15:00,Sat,Liverpool,Ipswich Town,4.0,1.0,60420.0,Anfield,M Salisbury,3.0,0.0,16.0,3.0,6.0,3.0,3.0,4.0,10.0,11.0,0.0,2.0,0.0,0.0,1.08,12.0,15.0,H
2024-2025,23,2025-01-25,15:00,Sat,Bournemouth,Nottingham Forest,5.0,0.0,11228.0,Vitality Stadium,C Pawson,1.0,0.0,16.0,18.0,10.0,4.0,3.0,9.0,9.0,12.0,2.0,3.0,0.0,0.0,2.05,3.7,3.4,H
2024-2025,23,2025-01-25,17:30,Sat,Manchester City,Chelsea,3.0,1.0,52687.0,Etihad Stadium,J Brooks,1.0,1.0,15.0,10.0,6.0,4.0,2.0,4.0,6.0,8.0,3.0,2.0,0.0,0.0,2.05,4.0,3.3,H
2024-2025,23,2025-01-26,14:00,Sun,Crystal Palace,Brentford,1.0,2.0,25066.0,Selhurst Park,T Harrington,0.0,0.0,16.0,13.0,5.0,6.0,4.0,7.0,8.0,11.0,2.0,2.0,0.0,0.0,2.05,3.75,3.3,A
2024-2025,23,2025-01-26,14:00,Sun,Tottenham,Leicester City,1.0,2.0,61295.0,Tottenham Hotspur Stadium,R Jones,1.0,0.0,15.0,12.0,6.0,3.0,6.0,4.0,6.0,16.0,1.0,5.0,0.0,0.0,1.45,5.5,5.5,A
2024-2025,23,2025-01-26,16:30,Sun,Aston Villa,West Ham,1.0,1.0,41628.0,Villa Park,P Bankes,1.0,0.0,14.0,14.0,4.0,4.0,4.0,3.0,13.0,16.0,2.0,3.0,0.0,0.0,1.53,4.33,5.75,D
2024-2025,23,2025-01-26,19:00,Sun,Fulham,Manchester United,0.0,1.0,27288.0,Craven Cottage,A Taylor,0.0,0.0,9.0,4.0,3.0,1.0,3.0,0.0,7.0,9.0,0.0,1.0,0.0,0.0,2.3,3.4,3.1,A
2024-2025,24,2025-02-01,12:30,Sat,Nottingham Forest,Brighton,7.0,0.0,30164.0,The City Ground,S Hooper,3.0,0.0,14.0,10.0,9.0,5.0,4.0,6.0,8.0,13.0,1.0,3.0,0.0,0.0,2.38,3.5,2.8,H
2024-2025,24,2025-02-01,15:00,Sat,Ipswich Town,Southampton,1.0,2.0,29902.0,Portman Road Stadium,M Oliver,1.0,1.0,15.0,9.0,6.0,4.0,1.0,2.0,11.0,14.0,0.0,3.0,0.0,0.0,1.95,3.6,3.8,A
2024-2025,24,2025-02-01,15:00,Sat,Everton,Leicester City,4.0,0.0,39376.0,Goodison Park,D Bond,3.0,0.0,13.0,9.0,7.0,1.0,5.0,6.0,7.0,13.0,0.0,0.0,0.0,0.0,1.75,3.75,4.5,H
2024-2025,24,2025-02-01,15:00,Sat,Newcastle United,Fulham,1.0,2.0,52173.0,St James' Park,C Kavanagh,1.0,0.0,11.0,15.0,4.0,4.0,4.0,7.0,10.0,15.0,4.0,4.0,0.0,0.0,1.7,4.0,4.75,A
2024-2025,24,2025-02-01,15:00,Sat,Bournemouth,Liverpool,0.0,2.0,11239.0,Vitality Stadium,D England,0.0,1.0,14.0,19.0,3.0,7.0,3.0,3.0,15.0,9.0,2.0,3.0,0.0,0.0,4.5,4.33,1.67,A
2024-2025,24,2025-02-01,17:30,Sat,Wolves,Aston Villa,2.0,0.0,31385.0,Molineux Stadium,A Madley,1.0,0.0,8.0,10.0,5.0,3.0,5.0,8.0,20.0,13.0,2.0,3.0,0.0,0.0,3.3,3.6,2.1,H
2024-2025,24,2025-02-02,14:00,Sun,Brentford,Tottenham,0.0,2.0,17154.0,Gtech Community Stadium,J Gillett,0.0,1.0,20.0,13.0,4.0,2.0,10.0,3.0,4.0,11.0,0.0,1.0,0.0,0.0,2.1,3.9,3.2,A
2024-2025,24,2025-02-02,14:00,Sun,Manchester United,Crystal Palace,0.0,2.0,73751.0,Old Trafford,J Brooks,0.0,0.0,17.0,11.0,2.0,3.0,11.0,0.0,12.0,13.0,3.0,1.0,0.0,0.0,2.0,3.5,3.8,A
2024-2025,24,2025-02-02,16:30,Sun,Arsenal,Manchester City,5.0,1.0,60355.0,Emirates Stadium,P Bankes,1.0,0.0,12.0,7.0,7.0,4.0,5.0,2.0,6.0,7.0,2.0,0.0,0.0,0.0,1.95,3.5,4.0,H
2024-2025,24,2025-02-03,20:00,Mon,Chelsea,West Ham,2.0,1.0,39459.0,Stamford Bridge,S Attwell,0.0,1.0,22.0,14.0,3.0,5.0,4.0,3.0,11.0,10.0,3.0,1.0,0.0,0.0,1.36,4.75,8.0,H
2024-2025,15,2025-02-12,19:30,Wed,Everton,Liverpool,2.0,2.0,39280.0,Goodison Park,M Oliver,1.0,1.0,10.0,6.0,3.0,4.0,2.0,3.0,9.0,20.0,2.0,2.0,1.0,1.0,7.5,4.5,1.44,D
2024-2025,25,2025-02-14,20:00,Fri,Brighton,Chelsea,3.0,0.0,31324.0,The American Express Stadium,K Kavanagh,2.0,0.0,13.0,8.0,5.0,0.0,2.0,9.0,12.0,15.0,1.0,2.0,0.0,0.0,2.7,3.6,2.45,H
2024-2025,25,2025-02-15,12:30,Sat,Leicester City,Arsenal,0.0,2.0,31968.0,King Power Stadium,S Barrott,0.0,0.0,6.0,11.0,2.0,5.0,3.0,7.0,9.0,10.0,2.0,1.0,0.0,0.0,8.5,5.0,1.33,A
2024-2025,25,2025-02-15,15:00,Sat,Aston Villa,Ipswich Town,1.0,1.0,42510.0,Villa Park,R Jones,0.0,0.0,25.0,4.0,6.0,3.0,16.0,1.0,7.0,11.0,0.0,3.0,0.0,1.0,1.4,4.75,7.0,D
2024-2025,25,2025-02-15,15:00,Sat,Fulham,Nottingham Forest,2.0,1.0,27164.0,Craven Cottage,T Bramall,1.0,1.0,24.0,8.0,10.0,2.0,8.0,4.0,13.0,8.0,0.0,0.0,0.0,0.0,2.2,3.4,3.3,H
2024-2025,25,2025-02-15,15:00,Sat,West Ham,Brentford,0.0,1.0,62415.0,London Stadium,D England,0.0,1.0,13.0,14.0,3.0,5.0,9.0,2.0,10.0,13.0,1.0,1.0,0.0,0.0,2.35,3.6,2.88,A
2024-2025,25,2025-02-15,15:00,Sat,Manchester City,Newcastle United,4.0,0.0,52479.0,Etihad Stadium,A Madley,3.0,0.0,11.0,3.0,7.0,1.0,7.0,4.0,5.0,13.0,0.0,1.0,0.0,0.0,1.95,4.2,3.3,H
2024-2025,25,2025-02-15,15:00,Sat,Southampton,Bournemouth,1.0,3.0,31037.0,St Mary's Stadium,J Gillett,0.0,2.0,11.0,14.0,4.0,7.0,4.0,6.0,13.0,15.0,1.0,3.0,0.0,0.0,6.0,4.5,1.5,A
2024-2025,25,2025-02-15,17:30,Sat,Crystal Palace,Everton,1.0,2.0,25108.0,Selhurst Park,A Taylor,0.0,1.0,17.0,11.0,6.0,6.0,6.0,2.0,9.0,12.0,0.0,1.0,0.0,0.0,1.8,3.4,5.0,A
2024-2025,25,2025-02-16,14:00,Sun,Liverpool,Wolves,2.0,1.0,60248.0,Anfield,S Hooper,2.0,0.0,10.0,16.0,3.0,4.0,4.0,3.0,15.0,13.0,2.0,2.0,0.0,0.0,1.15,8.0,12.0,H
2024-2025,25,2025-02-16,16:30,Sun,Tottenham,Manchester United,1.0,0.0,61383.0,Tottenham Hotspur Stadium,P Bankes,1.0,0.0,22.0,16.0,7.0,6.0,10.0,5.0,13.0,9.0,1.0,2.0,0.0,0.0,2.45,3.75,2.62,H
2024-2025,29,2025-02-19,19:30,Wed,Aston Villa,Liverpool,2.0,2.0,41910.0,Villa Park,C Pawson,2.0,1.0,9.0,17.0,4.0,3.0,6.0,8.0,8.0,6.0,1.0,0.0,0.0,0.0,3.9,4.0,1.83,D
2024-2025,26,2025-02-21,20:00,Fri,Leicester City,Brentford,0.0,4.0,31077.0,King Power Stadium,T Harrington,0.0,3.0,8.0,14.0,3.0,6.0,5.0,6.0,10.0,10.0,4.0,0.0,0.0,0.0,3.6,3.8,1.91,A
2024-2025,26,2025-02-22,12:30,Sat,Everton,Manchester United,2.0,2.0,39290.0,Goodison Park,A Madley,2.0,0.0,9.0,9.0,8.0,3.0,7.0,9.0,12.0,9.0,4.0,1.0,0.0,0.0,2.5,3.2,2.9,D
2024-2025,26,2025-02-22,15:00,Sat,Fulham,Crystal Palace,0.0,2.0,26777.0,Craven Cottage,R Jones,0.0,1.0,10.0,10.0,0.0,5.0,7.0,7.0,10.0,7.0,1.0,3.0,0.0,0.0,2.05,3.4,3.7,A
2024-2025,26,2025-02-22,15:00,Sat,Ipswich Town,Tottenham,1.0,4.0,30003.0,Portman Road Stadium,T Robinson,1.0,2.0,17.0,10.0,5.0,6.0,4.0,4.0,15.0,14.0,2.0,1.0,0.0,0.0,4.1,3.6,1.9,A
2024-2025,26,2025-02-22,15:00,Sat,Bournemouth,Wolves,0.0,1.0,11206.0,Vitality Stadium,M Salisbury,0.0,1.0,8.0,13.0,3.0,5.0,6.0,7.0,17.0,9.0,3.0,3.0,1.0,0.0,1.53,4.5,5.5,A
2024-2025,26,2025-02-22,15:00,Sat,Arsenal,West Ham,0.0,1.0,60262.0,Emirates Stadium,C Pawson,0.0,1.0,20.0,5.0,2.0,2.0,2.0,0.0,16.0,15.0,1.0,3.0,1.0,0.0,1.27,6.0,10.0,A
2024-2025,26,2025-02-22,15:00,Sat,Southampton,Brighton,0.0,4.0,30775.0,St Mary's Stadium,D Bond,0.0,1.0,6.0,18.0,1.0,12.0,5.0,6.0,11.0,12.0,2.0,0.0,0.0,0.0,6.0,4.1,1.55,A
2024-2025,26,2025-02-22,17:30,Sat,Aston Villa,Chelsea,2.0,1.0,42423.0,Villa Park,M Oliver,0.0,1.0,12.0,15.0,6.0,7.0,2.0,3.0,15.0,16.0,1.0,3.0,0.0,0.0,2.63,3.4,2.6,H
2024-2025,26,2025-02-23,14:00,Sun,Newcastle United,Nottingham Forest,4.0,3.0,52223.0,St James' Park,J Gillett,4.0,1.0,13.0,17.0,5.0,5.0,7.0,6.0,11.0,13.0,1.0,4.0,0.0,0.0,1.8,3.8,4.2,H
2024-2025,26,2025-02-23,16:30,Sun,Manchester City,Liverpool,0.0,2.0,52803.0,Etihad Stadium,A Taylor,0.0,2.0,16.0,8.0,5.0,4.0,7.0,5.0,3.0,10.0,0.0,0.0,0.0,0.0,2.88,3.8,2.25,A
2024-2025,27,2025-02-25,19:30,Tue,Crystal Palace,Aston Villa,4.0,1.0,24712.0,Selhurst Park,S Barrott,1.0,0.0,19.0,6.0,6.0,2.0,3.0,8.0,19.0,10.0,3.0,1.0,0.0,0.0,2.45,3.4,2.8,H
2024-2025,27,2025-02-25,19:30,Tue,Wolves,Fulham,1.0,2.0,28708.0,Molineux Stadium,P Bankes,1.0,1.0,18.0,11.0,5.0,5.0,7.0,5.0,8.0,15.0,1.0,3.0,0.0,0.0,2.63,3.3,2.63,A
2024-2025,27,2025-02-25,19:30,Tue,Brighton,Bournemouth,2.0,1.0,31138.0,The American Express Stadium,M Oliver,1.0,0.0,11.0,19.0,4.0,5.0,1.0,9.0,12.0,14.0,2.0,1.0,0.0,0.0,2.0,3.8,3.3,H
2024-2025,27,2025-02-25,20:15,Tue,Chelsea,Southampton,4.0,0.0,39485.0,Stamford Bridge,T Bramall,3.0,0.0,19.0,7.0,10.0,2.0,4.0,2.0,6.0,9.0,1.0,2.0,0.0,0.0,1.17,8.0,13.0,H
2024-2025,27,2025-02-26,19:30,Wed,Brentford,Everton,1.0,1.0,17082.0,Gtech Community Stadium,S Hooper,1.0,0.0,12.0,14.0,3.0,4.0,2.0,5.0,3.0,6.0,2.0,1.0,0.0,0.0,2.0,3.7,3.5,D
2024-2025,27,2025-02-26,19:30,Wed,Tottenham,Manchester City,0.0,1.0,60820.0,Tottenham Hotspur Stadium,J Gillett,0.0,1.0,11.0,12.0,6.0,5.0,8.0,3.0,12.0,15.0,3.0,0.0,0.0,0.0,3.25,4.0,2.0,A
2024-2025,27,2025-02-26,19:30,Wed,Manchester United,Ipswich Town,3.0,2.0,73827.0,Old Trafford,D England,2.0,2.0,10.0,12.0,6.0,3.0,5.0,6.0,9.0,16.0,4.0,4.0,1.0,0.0,1.53,4.33,6.0,H
2024-2025,27,2025-02-26,19:30,Wed,Nottingham Forest,Arsenal,0.0,0.0,30200.0,The City Ground,A Madley,0.0,0.0,6.0,13.0,2.0,1.0,3.0,11.0,10.0,17.0,1.0,1.0,0.0,0.0,3.9,3.6,1.95,D
2024-2025,27,2025-02-26,20:15,Wed,Liverpool,Newcastle United,2.0,0.0,60374.0,Anfield,C Kavanagh,1.0,0.0,12.0,3.0,3.0,0.0,4.0,2.0,12.0,11.0,0.0,1.0,0.0,0.0,1.5,4.5,5.75,H
2024-2025,27,2025-02-27,20:00,Thu,West Ham,Leicester City,2.0,0.0,62455.0,London Stadium,S Attwell,2.0,0.0,8.0,10.0,2.0,2.0,3.0,3.0,12.0,6.0,0.0,0.0,0.0,0.0,1.62,4.2,5.0,H
2024-2025,28,2025-03-08,12:30,Sat,Nottingham Forest,Manchester City,1.0,0.0,30252.0,The City Ground,C Kavanagh,0.0,0.0,9.0,14.0,4.0,3.0,3.0,2.0,9.0,7.0,3.0,2.0,0.0,0.0,4.0,3.75,1.85,H
2024-2025,28,2025-03-08,15:00,Sat,Liverpool,Southampton,3.0,1.0,60399.0,Anfield,L Smith,0.0,1.0,28.0,6.0,7.0,4.0,6.0,4.0,10.0,9.0,2.0,1.0,0.0,0.0,1.1,9.0,19.0,H
2024-2025,28,2025-03-08,15:00,Sat,Crystal Palace,Ipswich Town,1.0,0.0,25155.0,Selhurst Park,S Hooper,0.0,0.0,19.0,15.0,4.0,8.0,5.0,4.0,8.0,7.0,4.0,3.0,0.0,0.0,1.45,4.75,6.25,H
2024-2025,28,2025-03-08,15:00,Sat,Brighton,Fulham,2.0,1.0,31584.0,The American Express Stadium,S Barrott,1.0,1.0,9.0,6.0,4.0,1.0,3.0,7.0,6.0,12.0,0.0,2.0,0.0,0.0,1.95,3.6,3.75,H
2024-2025,28,2025-03-08,17:30,Sat,Brentford,Aston Villa,0.0,1.0,17171.0,Gtech Community Stadium,J Gillett,0.0,0.0,13.0,12.0,3.0,4.0,6.0,5.0,10.0,5.0,2.0,2.0,0.0,0.0,2.2,3.8,2.9,A
2024-2025,28,2025-03-08,20:00,Sat,Wolves,Everton,1.0,1.0,30738.0,Molineux Stadium,S Attwell,1.0,1.0,11.0,12.0,3.0,4.0,5.0,5.0,11.0,16.0,2.0,2.0,0.0,0.0,2.6,3.1,2.88,D
2024-2025,28,2025-03-09,14:00,Sun,Chelsea,Leicester City,1.0,0.0,39750.0,Stamford Bridge,T Robinson,0.0,0.0,20.0,3.0,7.0,3.0,12.0,2.0,12.0,13.0,1.0,0.0,0.0,0.0,1.18,8.0,12.0,H
2024-2025,28,2025-03-09,14:00,Sun,Tottenham,Bournemouth,2.0,2.0,61178.0,Tottenham Hotspur Stadium,J Brooks,0.0,1.0,12.0,17.0,4.0,8.0,3.0,6.0,15.0,16.0,3.0,3.0,0.0,0.0,2.7,3.9,2.35,D
2024-2025,28,2025-03-09,16:30,Sun,Manchester United,Arsenal,1.0,1.0,73812.0,Old Trafford,A Taylor,1.0,0.0,10.0,17.0,6.0,6.0,2.0,9.0,8.0,11.0,0.0,1.0,0.0,0.0,5.75,3.5,1.7,D
2024-2025,28,2025-03-10,20:00,Mon,West Ham,Newcastle United,0.0,1.0,62463.0,London Stadium,M Salisbury,0.0,0.0,9.0,9.0,2.0,3.0,3.0,4.0,7.0,15.0,0.0,1.0,0.0,0.0,3.25,3.4,2.2,A
2024-2025,29,2025-03-15,15:00,Sat,Manchester City,Brighton,2.0,2.0,52471.0,Etihad Stadium,S Hooper,2.0,1.0,11.0,15.0,3.0,3.0,4.0,5.0,10.0,10.0,2.0,5.0,0.0,0.0,1.67,4.33,4.5,D
2024-2025,29,2025-03-15,15:00,Sat,Ipswich Town,Nottingham Forest,2.0,4.0,29878.0,Portman Road Stadium,M Salisbury,0.0,3.0,11.0,11.0,4.0,6.0,6.0,3.0,4.0,13.0,1.0,1.0,0.0,0.0,3.75,3.5,2.0,A
2024-2025,29,2025-03-15,15:00,Sat,Everton,West Ham,1.0,1.0,39343.0,Goodison Park,D Bond,0.0,0.0,13.0,10.0,5.0,5.0,6.0,5.0,12.0,8.0,1.0,2.0,0.0,0.0,2.05,3.2,3.9,D
2024-2025,29,2025-03-15,15:00,Sat,Southampton,Wolves,1.0,2.0,30950.0,St Mary's Stadium,R Jones,0.0,1.0,10.0,5.0,3.0,3.0,5.0,1.0,12.0,13.0,0.0,0.0,0.0,0.0,3.7,3.4,2.0,A
2024-2025,29,2025-03-15,17:30,Sat,Bournemouth,Brentford,1.0,2.0,11180.0,Vitality Stadium,C Pawson,1.0,1.0,17.0,10.0,5.0,4.0,4.0,3.0,13.0,7.0,3.0,0.0,0.0,0.0,1.73,4.2,4.2,A
2024-2025,29,2025-03-16,13:30,Sun,Arsenal,Chelsea,1.0,0.0,60311.0,Emirates Stadium,C Kavanagh,1.0,0.0,12.0,8.0,4.0,2.0,5.0,4.0,10.0,13.0,3.0,3.0,0.0,0.0,1.8,3.6,4.5,H
2024-2025,29,2025-03-16,13:30,Sun,Fulham,Tottenham,2.0,0.0,27182.0,Craven Cottage,A Madley,0.0,0.0,13.0,12.0,4.0,4.0,6.0,5.0,13.0,10.0,0.0,0.0,0.0,0.0,2.0,3.75,3.6,H
2024-2025,29,2025-03-16,19:00,Sun,Leicester City,Manchester United,0.0,3.0,31773.0,King Power Stadium,T Bramall,0.0,1.0,11.0,18.0,3.0,5.0,6.0,4.0,6.0,6.0,2.0,0.0,0.0,0.0,4.5,3.5,1.83,A
2024-2025,30,2025-04-01,19:45,Tue,Wolves,West Ham,1.0,0.0,29587.0,Molineux Stadium,T Harrington,1.0,0.0,9.0,10.0,2.0,1.0,1.0,2.0,16.0,12.0,4.0,2.0,0.0,0.0,2.5,3.2,2.9,H
2024-2025,30,2025-04-01,19:45,Tue,Arsenal,Fulham,2.0,1.0,60256.0,Emirates Stadium,J Brooks,1.0,0.0,17.0,9.0,4.0,3.0,5.0,4.0,2.0,10.0,1.0,2.0,0.0,0.0,1.48,4.33,7.0,H
2024-2025,30,2025-04-01,20:00,Tue,Nottingham Forest,Manchester United,1.0,0.0,30249.0,The City Ground,J Gillett,1.0,0.0,8.0,23.0,2.0,6.0,3.0,10.0,5.0,12.0,1.0,3.0,0.0,0.0,2.3,3.4,3.1,H
2024-2025,30,2025-04-02,19:45,Wed,Brighton,Aston Villa,0.0,3.0,27895.0,The American Express Stadium,S Attwell,0.0,0.0,11.0,8.0,4.0,5.0,4.0,0.0,16.0,11.0,1.0,3.0,0.0,0.0,2.05,3.8,3.25,A
2024-2025,30,2025-04-02,19:45,Wed,Bournemouth,Ipswich Town,1.0,2.0,11192.0,Vitality Stadium,R Jones,0.0,1.0,24.0,10.0,7.0,2.0,8.0,3.0,14.0,15.0,1.0,2.0,0.0,0.0,1.36,5.25,7.5,A
2024-2025,30,2025-04-02,19:45,Wed,Southampton,Crystal Palace,1.0,1.0,30158.0,St Mary's Stadium,A Madley,1.0,0.0,8.0,9.0,2.0,3.0,2.0,2.0,14.0,9.0,2.0,1.0,0.0,0.0,5.75,3.8,1.62,D
2024-2025,30,2025-04-02,19:45,Wed,Manchester City,Leicester City,2.0,0.0,52148.0,Etihad Stadium,D England,2.0,0.0,18.0,2.0,5.0,0.0,5.0,0.0,11.0,8.0,1.0,4.0,0.0,0.0,1.2,8.0,10.0,H
2024-2025,30,2025-04-02,19:45,Wed,Newcastle United,Brentford,2.0,1.0,52021.0,St James' Park,P Bankes,1.0,0.0,21.0,12.0,4.0,3.0,4.0,5.0,12.0,12.0,1.0,1.0,0.0,0.0,1.73,4.5,4.0,H
2024-2025,30,2025-04-02,20:00,Wed,Liverpool,Everton,1.0,0.0,60457.0,Anfield,S Barrott,0.0,0.0,17.0,5.0,3.0,0.0,11.0,5.0,7.0,11.0,2.0,2.0,0.0,0.0,1.36,5.0,8.0,H
2024-2025,30,2025-04-03,20:00,Thu,Chelsea,Tottenham,1.0,0.0,39852.0,Stamford Bridge,C Pawson,0.0,0.0,11.0,8.0,5.0,2.0,4.0,6.0,7.0,16.0,5.0,5.0,0.0,0.0,1.65,4.5,4.5,H
2024-2025,31,2025-04-05,12:30,Sat,Everton,Arsenal,1.0,1.0,39316.0,Goodison Park,D England,0.0,1.0,5.0,14.0,2.0,5.0,3.0,8.0,17.0,13.0,3.0,1.0,0.0,0.0,5.25,3.25,1.75,D
2024-2025,31,2025-04-05,15:00,Sat,West Ham,Bournemouth,2.0,2.0,62459.0,London Stadium,T Robinson,0.0,1.0,9.0,11.0,3.0,4.0,4.0,7.0,13.0,13.0,2.0,2.0,0.0,0.0,3.0,3.5,2.3,D
2024-2025,31,2025-04-05,15:00,Sat,Ipswich Town,Wolves,1.0,2.0,29549.0,Portman Road Stadium,P Bankes,1.0,0.0,6.0,22.0,2.0,7.0,4.0,8.0,12.0,16.0,2.0,2.0,0.0,0.0,2.7,3.25,2.63,A
2024-2025,31,2025-04-05,15:00,Sat,Crystal Palace,Brighton,2.0,1.0,24564.0,Selhurst Park,A Taylor,1.0,1.0,8.0,11.0,3.0,5.0,2.0,4.0,12.0,13.0,0.0,1.0,2.0,1.0,2.35,3.6,2.8,H
2024-2025,31,2025-04-05,17:30,Sat,Aston Villa,Nottingham Forest,2.0,1.0,42743.0,Villa Park,S Hooper,2.0,0.0,17.0,19.0,8.0,3.0,4.0,4.0,7.0,15.0,2.0,2.0,0.0,0.0,1.95,3.6,3.7,H
2024-2025,31,2025-04-06,14:00,Sun,Brentford,Chelsea,0.0,0.0,17183.0,Gtech Community Stadium,M Oliver,0.0,0.0,9.0,21.0,2.0,5.0,3.0,6.0,12.0,12.0,1.0,3.0,0.0,0.0,3.2,3.6,2.15,D
2024-2025,31,2025-04-06,14:00,Sun,Fulham,Liverpool,3.0,2.0,27770.0,Craven Cottage,C Kavanagh,3.0,1.0,12.0,14.0,6.0,6.0,4.0,4.0,10.0,9.0,3.0,0.0,0.0,0.0,4.5,3.5,1.83,H
2024-2025,31,2025-04-06,14:00,Sun,Tottenham,Southampton,3.0,1.0,60984.0,Tottenham Hotspur Stadium,M Salisbury,2.0,0.0,13.0,12.0,8.0,4.0,4.0,1.0,16.0,20.0,1.0,1.0,0.0,0.0,1.38,5.5,6.5,H
2024-2025,31,2025-04-06,16:30,Sun,Manchester United,Manchester City,0.0,0.0,73738.0,Old Trafford,J Brooks,0.0,0.0,13.0,9.0,2.0,5.0,5.0,3.0,13.0,9.0,3.0,2.0,0.0,0.0,3.4,3.6,2.1,D
2024-2025,31,2025-04-07,20:00,Mon,Leicester City,Newcastle United,0.0,3.0,30403.0,King Power Stadium,R Jones,0.0,3.0,7.0,16.0,2.0,5.0,12.0,2.0,8.0,9.0,2.0,0.0,0.0,0.0,6.5,4.2,1.48,A
2024-2025,32,2025-04-12,12:30,Sat,Manchester City,Crystal Palace,5.0,2.0,52489.0,Etihad Stadium,J Gillett,2.0,2.0,21.0,8.0,9.0,3.0,1.0,4.0,10.0,16.0,2.0,3.0,0.0,0.0,1.5,4.75,5.75,H
2024-2025,32,2025-04-12,15:00,Sat,Brighton,Leicester City,2.0,2.0,31150.0,The American Express Stadium,D Bond,1.0,1.0,21.0,15.0,7.0,6.0,3.0,6.0,9.0,11.0,2.0,5.0,0.0,0.0,1.29,6.0,10.0,D
2024-2025,32,2025-04-12,15:00,Sat,Nottingham Forest,Everton,0.0,1.0,30199.0,The City Ground,C Pawson,0.0,0.0,10.0,13.0,5.0,5.0,1.0,7.0,9.0,13.0,0.0,3.0,0.0,0.0,2.1,3.3,3.7,A
2024-2025,32,2025-04-12,15:00,Sat,Southampton,Aston Villa,0.0,3.0,30199.0,St Mary's Stadium,T Bramall,0.0,0.0,7.0,25.0,2.0,10.0,2.0,14.0,11.0,4.0,3.0,1.0,0.0,0.0,6.0,4.2,1.55,A
2024-2025,32,2025-04-12,17:30,Sat,Arsenal,Brentford,1.0,1.0,60184.0,Emirates Stadium,S Hooper,0.0,0.0,14.0,3.0,3.0,2.0,13.0,5.0,7.0,9.0,1.0,3.0,0.0,0.0,1.6,4.33,5.0,D
2024-2025,32,2025-04-13,14:00,Sun,Liverpool,West Ham,2.0,1.0,60376.0,Anfield,A Madley,1.0,0.0,15.0,11.0,6.0,4.0,10.0,3.0,15.0,8.0,0.0,2.0,0.0,0.0,1.3,6.0,8.0,H
2024-2025,32,2025-04-13,14:00,Sun,Wolves,Tottenham,4.0,2.0,31463.0,Molineux Stadium,A Taylor,2.0,0.0,13.0,11.0,5.0,4.0,1.0,4.0,12.0,15.0,1.0,2.0,0.0,0.0,2.2,3.6,3.1,H
2024-2025,32,2025-04-13,14:00,Sun,Chelsea,Ipswich Town,2.0,2.0,39805.0,Stamford Bridge,S Attwell,0.0,2.0,34.0,13.0,9.0,4.0,15.0,4.0,11.0,7.0,2.0,2.0,0.0,0.0,1.27,7.0,8.5,D
2024-2025,32,2025-04-13,16:30,Sun,Newcastle United,Manchester United,4.0,1.0,52252.0,St James' Park,C Kavanagh,1.0,1.0,13.0,9.0,6.0,5.0,7.0,2.0,7.0,9.0,0.0,2.0,0.0,0.0,1.65,4.2,4.75,H
2024-2025,32,2025-04-14,20:00,Mon,Bournemouth,Fulham,1.0,0.0,11195.0,Vitality Stadium,O Oliver,1.0,0.0,12.0,12.0,3.0,7.0,6.0,9.0,11.0,10.0,3.0,2.0,0.0,0.0,2.15,3.5,3.3,H
2024-2025,29,2025-04-16,19:30,Wed,Newcastle United,Crystal Palace,5.0,0.0,52197.0,St James' Park,D England,4.0,0.0,14.0,11.0,7.0,4.0,5.0,4.0,9.0,15.0,2.0,3.0,0.0,0.0,1.67,3.9,5.0,H
2024-2025,33,2025-04-19,15:00,Sat,Brentford,Brighton,4.0,2.0,17083.0,Gtech Community Stadium,T Robinson,1.0,1.0,16.0,12.0,8.0,3.0,4.0,8.0,7.0,11.0,3.0,3.0,0.0,1.0,2.4,3.75,2.63,H
2024-2025,33,2025-04-19,15:00,Sat,West Ham,Southampton,1.0,1.0,62461.0,London Stadium,A Kitchen,0.0,0.0,12.0,15.0,4.0,4.0,2.0,5.0,14.0,13.0,2.0,1.0,0.0,0.0,1.48,4.33,6.5,D
2024-2025,33,2025-04-19,15:00,Sat,Crystal Palace,Bournemouth,0.0,0.0,25185.0,Selhurst Park,S Barrott,0.0,0.0,5.0,15.0,0.0,4.0,5.0,4.0,13.0,10.0,3.0,4.0,1.0,0.0,2.45,3.6,2.63,D
2024-2025,33,2025-04-19,15:00,Sat,Everton,Manchester City,0.0,2.0,39332.0,Goodison Park,S Hooper,0.0,0.0,8.0,12.0,3.0,7.0,2.0,5.0,7.0,6.0,4.0,0.0,0.0,0.0,3.7,3.6,1.91,A
2024-2025,33,2025-04-19,17:30,Sat,Aston Villa,Newcastle United,4.0,1.0,42618.0,Villa Park,J Gillett,1.0,1.0,23.0,10.0,9.0,3.0,7.0,7.0,9.0,12.0,1.0,3.0,0.0,0.0,2.3,3.6,2.75,H
2024-2025,33,2025-04-20,14:00,Sun,Ipswich Town,Arsenal,0.0,4.0,29549.0,Portman Road Stadium,C Kavanagh,0.0,2.0,4.0,24.0,0.0,7.0,0.0,12.0,10.0,7.0,0.0,0.0,1.0,0.0,8.0,4.5,1.4,A
2024-2025,33,2025-04-20,14:00,Sun,Fulham,Chelsea,1.0,2.0,27712.0,Craven Cottage,A Taylor,1.0,0.0,6.0,13.0,1.0,8.0,6.0,4.0,13.0,9.0,1.0,3.0,0.0,0.0,2.7,3.7,2.35,A
2024-2025,33,2025-04-20,14:00,Sun,Manchester United,Wolves,0.0,1.0,73819.0,Old Trafford,R Jones,0.0,0.0,12.0,4.0,2.0,2.0,9.0,2.0,11.0,18.0,2.0,3.0,0.0,0.0,2.0,3.6,3.6,A
2024-2025,33,2025-04-20,16:30,Sun,Leicester City,Liverpool,0.0,1.0,30402.0,King Power Stadium,S Attwell,0.0,0.0,5.0,28.0,0.0,10.0,1.0,13.0,11.0,7.0,1.0,2.0,0.0,0.0,11.0,6.25,1.22,A
2024-2025,33,2025-04-21,20:00,Mon,Tottenham,Nottingham Forest,1.0,2.0,59314.0,Tottenham Hotspur Stadium,P Bankes,0.0,2.0,22.0,4.0,6.0,3.0,7.0,1.0,11.0,12.0,1.0,4.0,0.0,0.0,2.45,3.6,2.63,A
2024-2025,34,2025-04-22,20:00,Tue,Manchester City,Aston Villa,2.0,1.0,51834.0,Etihad Stadium,C Pawson,1.0,1.0,14.0,7.0,6.0,3.0,10.0,2.0,9.0,10.0,3.0,3.0,0.0,0.0,1.8,4.1,3.9,H
2024-2025,34,2025-04-23,20:00,Wed,Arsenal,Crystal Palace,2.0,2.0,60167.0,Emirates Stadium,M Salisbury,2.0,1.0,12.0,15.0,6.0,4.0,3.0,6.0,4.0,6.0,1.0,1.0,0.0,0.0,1.4,4.75,7.5,D
2024-2025,34,2025-04-26,12:30,Sat,Chelsea,Everton,1.0,0.0,39894.0,Stamford Bridge,C Kavanagh,1.0,0.0,10.0,6.0,7.0,3.0,10.0,2.0,11.0,11.0,0.0,0.0,0.0,0.0,1.55,4.0,6.0,H
2024-2025,34,2025-04-26,15:00,Sat,Wolves,Leicester City,3.0,0.0,31518.0,Molineux Stadium,S Barrott,1.0,0.0,20.0,8.0,6.0,2.0,4.0,2.0,7.0,17.0,1.0,4.0,0.0,0.0,1.5,4.2,6.25,H
2024-2025,34,2025-04-26,15:00,Sat,Newcastle United,Ipswich Town,3.0,0.0,52171.0,St James' Park,M Salisbury,1.0,0.0,25.0,4.0,5.0,0.0,11.0,2.0,9.0,9.0,1.0,2.0,0.0,1.0,1.18,7.5,13.0,H
2024-2025,34,2025-04-26,15:00,Sat,Southampton,Fulham,1.0,2.0,28946.0,St Mary's Stadium,T Harrington,1.0,0.0,7.0,26.0,3.0,5.0,0.0,13.0,10.0,12.0,1.0,1.0,0.0,0.0,5.25,4.0,1.6,A
2024-2025,34,2025-04-26,15:00,Sat,Brighton,West Ham,3.0,2.0,31499.0,The American Express Stadium,D England,1.0,0.0,16.0,12.0,9.0,4.0,8.0,1.0,7.0,9.0,1.0,1.0,0.0,0.0,1.67,4.2,4.75,H
2024-2025,34,2025-04-27,14:00,Sun,Bournemouth,Manchester United,1.0,1.0,11241.0,Vitality Stadium,P Bankes,1.0,0.0,8.0,25.0,1.0,6.0,5.0,10.0,11.0,12.0,4.0,2.0,1.0,0.0,1.67,4.0,4.5,D
2024-2025,34,2025-04-27,16:30,Sun,Liverpool,Tottenham,5.0,1.0,60415.0,Anfield,T Bramall,3.0,1.0,25.0,8.0,8.0,3.0,8.0,2.0,16.0,9.0,2.0,1.0,0.0,0.0,1.25,6.0,11.0,H
2024-2025,34,2025-05-01,19:30,Thu,Nottingham Forest,Brentford,0.0,2.0,29040.0,The City Ground,D England,0.0,1.0,14.0,11.0,5.0,3.0,4.0,5.0,10.0,12.0,3.0,5.0,0.0,0.0,2.15,3.5,3.25,A
2024-2025,35,2025-05-02,20:00,Fri,Manchester City,Wolves,1.0,0.0,53282.0,Etihad Stadium,P Bankes,1.0,0.0,9.0,6.0,2.0,1.0,4.0,5.0,7.0,11.0,0.0,0.0,0.0,0.0,1.4,4.75,7.5,H
2024-2025,35,2025-05-03,12:30,Sat,Aston Villa,Fulham,1.0,0.0,42515.0,Villa Park,R Jones,1.0,0.0,10.0,11.0,3.0,3.0,5.0,3.0,6.0,17.0,0.0,5.0,0.0,0.0,1.77,3.75,4.5,H
2024-2025,35,2025-05-03,15:00,Sat,Everton,Ipswich Town,2.0,2.0,39305.0,Goodison Park,L Smith,2.0,1.0,8.0,12.0,3.0,5.0,3.0,3.0,12.0,15.0,4.0,4.0,0.0,0.0,1.45,4.33,6.5,D
2024-2025,35,2025-05-03,15:00,Sat,Leicester City,Southampton,2.0,0.0,31240.0,King Power Stadium,D Webb,2.0,0.0,14.0,8.0,4.0,2.0,7.0,7.0,12.0,13.0,1.0,3.0,0.0,0.0,2.3,3.6,2.88,H
2024-2025,35,2025-05-03,17:30,Sat,Arsenal,Bournemouth,1.0,2.0,60110.0,Emirates Stadium,J Gillett,1.0,0.0,13.0,9.0,4.0,2.0,2.0,3.0,7.0,16.0,0.0,2.0,0.0,0.0,2.05,3.7,3.4,A
2024-2025,35,2025-05-04,14:00,Sun,Brentford,Manchester United,4.0,3.0,18915.0,Gtech Community Stadium,A Taylor,2.0,1.0,12.0,14.0,6.0,5.0,7.0,4.0,8.0,10.0,0.0,2.0,0.0,0.0,1.65,4.1,4.75,H
2024-2025,35,2025-05-04,14:00,Sun,West Ham,Tottenham,1.0,1.0,62468.0,London Stadium,M Oliver,1.0,1.0,11.0,7.0,2.0,2.0,1.0,3.0,18.0,15.0,2.0,2.0,0.0,0.0,2.1,3.7,3.25,D
2024-2025,35,2025-05-04,14:00,Sun,Brighton,Newcastle United,1.0,1.0,31580.0,The American Express Stadium,C Pawson,1.0,0.0,5.0,13.0,2.0,5.0,1.0,4.0,15.0,10.0,2.0,1.0,0.0,0.0,2.88,3.7,2.3,D
2024-2025,35,2025-05-04,16:30,Sun,Chelsea,Liverpool,3.0,1.0,39829.0,Stamford Bridge,S Hooper,1.0,0.0,17.0,11.0,7.0,2.0,3.0,6.0,10.0,11.0,2.0,2.0,0.0,0.0,2.15,3.7,3.1,H
2024-2025,35,2025-05-05,20:00,Mon,Crystal Palace,Nottingham Forest,1.0,1.0,25096.0,Selhurst Park,A Madley,0.0,0.0,20.0,12.0,3.0,4.0,7.0,4.0,9.0,15.0,3.0,8.0,0.0,0.0,2.25,3.4,3.2,D
2024-2025,36,2025-05-10,15:00,Sat,Southampton,Manchester City,0.0,0.0,30937.0,St Mary's Stadium,T Robinson,0.0,0.0,2.0,26.0,0.0,5.0,1.0,15.0,9.0,8.0,2.0,0.0,0.0,0.0,11.0,7.5,1.2,D
2024-2025,36,2025-05-10,15:00,Sat,Fulham,Everton,1.0,3.0,27653.0,Craven Cottage,M Salisbury,1.0,1.0,18.0,11.0,6.0,7.0,5.0,5.0,15.0,9.0,1.0,0.0,0.0,0.0,1.82,3.4,4.5,A
2024-2025,36,2025-05-10,15:00,Sat,Ipswich Town,Brentford,0.0,1.0,29511.0,Portman Road Stadium,S Barrott,0.0,1.0,11.0,15.0,4.0,5.0,5.0,6.0,6.0,12.0,2.0,4.0,0.0,0.0,5.0,4.0,1.65,A
2024-2025,36,2025-05-10,15:00,Sat,Wolves,Brighton,0.0,2.0,31279.0,Molineux Stadium,M Oliver,0.0,1.0,10.0,7.0,3.0,2.0,7.0,4.0,8.0,12.0,1.0,1.0,0.0,0.0,2.7,3.5,2.5,A
2024-2025,36,2025-05-10,17:30,Sat,Bournemouth,Aston Villa,0.0,1.0,11187.0,Vitality Stadium,S Attwell,0.0,1.0,10.0,6.0,4.0,3.0,10.0,0.0,19.0,12.0,4.0,3.0,0.0,1.0,2.4,3.6,2.75,A
2024-2025,36,2025-05-11,12:00,Sun,Newcastle United,Chelsea,2.0,0.0,52231.0,St James' Park,J Brooks,1.0,0.0,15.0,10.0,6.0,3.0,2.0,8.0,9.0,13.0,4.0,2.0,0.0,1.0,2.1,3.75,3.1,H
2024-2025,36,2025-05-11,14:15,Sun,Tottenham,Crystal Palace,0.0,2.0,60254.0,Tottenham Hotspur Stadium,C Kavanagh,0.0,1.0,8.0,23.0,1.0,10.0,4.0,8.0,12.0,10.0,1.0,1.0,0.0,0.0,2.63,3.6,2.5,A
2024-2025,36,2025-05-11,14:15,Sun,Nottingham Forest,Leicester City,2.0,2.0,30245.0,The City Ground,T Harrington,1.0,1.0,15.0,10.0,4.0,6.0,4.0,4.0,11.0,11.0,3.0,3.0,0.0,0.0,1.33,5.25,8.0,D
2024-2025,36,2025-05-11,14:15,Sun,Manchester United,West Ham,0.0,2.0,73804.0,Old Trafford,J Gillett,0.0,1.0,20.0,9.0,5.0,4.0,8.0,5.0,3.0,13.0,0.0,1.0,0.0,0.0,1.9,3.6,4.0,A
2024-2025,36,2025-05-11,16:30,Sun,Liverpool,Arsenal,2.0,2.0,60324.0,Anfield,A Taylor,2.0,0.0,14.0,15.0,5.0,7.0,3.0,1.0,13.0,10.0,1.0,1.0,0.0,1.0,2.0,3.6,3.6,D
2024-2025,37,2025-05-16,19:30,Fri,Aston Villa,Tottenham,2.0,0.0,42239.0,Villa Park,P Bankes,0.0,0.0,18.0,3.0,7.0,1.0,9.0,1.0,5.0,12.0,1.0,2.0,0.0,0.0,1.3,6.0,8.5,H
2024-2025,37,2025-05-16,20:15,Fri,Chelsea,Manchester United,1.0,0.0,39849.0,Stamford Bridge,C Kavanagh,0.0,0.0,11.0,4.0,3.0,1.0,7.0,2.0,10.0,14.0,1.0,6.0,0.0,0.0,1.44,5.0,6.25,H
2024-2025,37,2025-05-18,12:00,Sun,Everton,Southampton,2.0,0.0,39201.0,Goodison Park,M Oliver,2.0,0.0,13.0,6.0,5.0,2.0,4.0,5.0,6.0,10.0,1.0,1.0,0.0,0.0,1.4,4.75,7.5,H
2024-2025,37,2025-05-18,14:15,Sun,West Ham,Nottingham Forest,1.0,2.0,62466.0,London Stadium,S Barrott,0.0,1.0,16.0,10.0,5.0,5.0,8.0,7.0,14.0,7.0,6.0,3.0,0.0,0.0,2.75,3.3,2.55,A
2024-2025,37,2025-05-18,15:00,Sun,Brentford,Fulham,2.0,3.0,17136.0,Gtech Community Stadium,J Gillett,2.0,1.0,11.0,16.0,6.0,7.0,5.0,3.0,12.0,8.0,4.0,4.0,0.0,0.0,1.91,3.9,3.6,A
2024-2025,37,2025-05-18,15:00,Sun,Leicester City,Ipswich Town,2.0,0.0,31986.0,King Power Stadium,A Kitchen,1.0,0.0,9.0,20.0,3.0,2.0,2.0,2.0,15.0,12.0,1.0,0.0,0.0,0.0,2.3,3.6,2.9,H
2024-2025,37,2025-05-18,16:30,Sun,Arsenal,Newcastle United,1.0,0.0,60160.0,Emirates Stadium,S Hooper,0.0,0.0,12.0,14.0,4.0,5.0,10.0,7.0,9.0,9.0,3.0,3.0,0.0,0.0,1.95,3.7,3.7,H
2024-2025,37,2025-05-19,20:00,Mon,Brighton,Liverpool,3.0,2.0,31611.0,The American Express Stadium,J Brooks,1.0,2.0,25.0,18.0,12.0,5.0,3.0,3.0,9.0,8.0,1.0,0.0,0.0,0.0,2.6,3.75,2.45,H
2024-2025,37,2025-05-20,20:00,Tue,Manchester City,Bournemouth,3.0,1.0,52487.0,Etihad Stadium,T Bramall,2.0,0.0,12.0,8.0,5.0,2.0,3.0,1.0,7.0,13.0,1.0,3.0,1.0,1.0,1.55,4.33,5.75,H
2024-2025,37,2025-05-20,20:00,Tue,Crystal Palace,Wolves,4.0,2.0,24766.0,Selhurst Park,D Webb,2.0,1.0,14.0,12.0,10.0,3.0,0.0,10.0,14.0,8.0,1.0,2.0,0.0,0.0,2.25,3.3,3.2,H
2024-2025,38,2025-05-25,16:00,Sun,Southampton,Arsenal,1.0,2.0,31289.0,St Mary's Stadium,D Bond,0.0,1.0,7.0,23.0,2.0,8.0,5.0,8.0,7.0,8.0,0.0,0.0,0.0,0.0,8.5,6.0,1.3,A
2024-2025,38,2025-05-25,16:00,Sun,Liverpool,Crystal Palace,1.0,1.0,60382.0,Anfield,D England,0.0,1.0,14.0,8.0,3.0,5.0,11.0,0.0,7.0,10.0,1.0,0.0,1.0,0.0,1.4,6.0,5.75,D
2024-2025,38,2025-05-25,16:00,Sun,Ipswich Town,West Ham,1.0,3.0,29771.0,Portman Road Stadium,T Robinson,0.0,1.0,14.0,10.0,4.0,6.0,4.0,0.0,10.0,9.0,1.0,1.0,0.0,0.0,3.0,3.8,2.2,A
2024-2025,38,2025-05-25,16:00,Sun,Bournemouth,Leicester City,2.0,0.0,11238.0,Vitality Stadium,L Smith,0.0,0.0,20.0,3.0,7.0,0.0,6.0,1.0,19.0,16.0,0.0,2.0,0.0,0.0,1.33,5.25,8.5,H
2024-2025,38,2025-05-25,16:00,Sun,Newcastle United,Everton,0.0,1.0,52221.0,St James' Park,T Harrington,0.0,0.0,17.0,14.0,6.0,6.0,12.0,3.0,12.0,9.0,1.0,4.0,0.0,0.0,1.33,5.5,8.5,A
2024-2025,38,2025-05-25,16:00,Sun,Fulham,Manchester City,0.0,2.0,27671.0,Craven Cottage,A Madley,0.0,1.0,13.0,20.0,3.0,5.0,1.0,6.0,11.0,5.0,0.0,0.0,0.0,0.0,5.0,4.2,1.6,A
2024-2025,38,2025-05-25,16:00,Sun,Nottingham Forest,Chelsea,0.0,1.0,30263.0,The City Ground,A Taylor,0.0,0.0,10.0,6.0,2.0,2.0,7.0,4.0,10.0,11.0,2.0,2.0,0.0,0.0,3.0,3.75,2.2,A
2024-2025,38,2025-05-25,16:00,Sun,Manchester United,Aston Villa,2.0,0.0,73839.0,Old Trafford,T Bramall,0.0,0.0,25.0,6.0,10.0,1.0,4.0,3.0,10.0,10.0,2.0,2.0,0.0,1.0,4.33,4.2,1.7,H
2024-2025,38,2025-05-25,16:00,Sun,Wolves,Brentford,1.0,1.0,31382.0,Molineux Stadium,C Pawson,0.0,1.0,18.0,13.0,6.0,7.0,8.0,3.0,7.0,9.0,2.0,1.0,0.0,0.0,2.7,3.7,2.45,D
2024-2025,38,2025-05-25,16:00,Sun,Tottenham,Brighton,1.0,4.0,61449.0,Tottenham Hotspur Stadium,R Jones,1.0,0.0,4.0,23.0,2.0,8.0,2.0,11.0,13.0,8.0,3.0,1.0,0.0,0.0,4.2,4.33,1.7,A
2025-2026,1,2025-08-15,20:00,Fri,Liverpool,Bournemouth,4.0,2.0,60315.0,Anfield,A Taylor,1.0,0.0,19.0,10.0,10.0,3.0,6.0,7.0,7.0,10.0,1.0,2.0,0.0,0.0,1.3,6.0,8.5,H
2025-2026,1,2025-08-16,12:30,Sat,Aston Villa,Newcastle United,0.0,0.0,42526.0,Villa Park,C Pawson,0.0,0.0,3.0,16.0,3.0,3.0,3.0,6.0,13.0,11.0,1.0,1.0,1.0,0.0,2.25,3.5,2.9,D
2025-2026,1,2025-08-16,15:00,Sat,Brighton,Fulham,1.0,1.0,31478.0,The American Express Stadium,S Barrott,0.0,0.0,10.0,7.0,4.0,2.0,4.0,3.0,16.0,15.0,3.0,3.0,0.0,0.0,1.91,3.6,4.0,D
2025-2026,1,2025-08-16,15:00,Sat,Tottenham,Burnley,3.0,0.0,61077.0,Tottenham Hotspur Stadium,M Oliver,1.0,0.0,16.0,14.0,6.0,4.0,6.0,5.0,14.0,8.0,0.0,0.0,0.0,0.0,1.38,4.75,8.5,H
2025-2026,1,2025-08-16,15:00,Sat,Sunderland,West Ham,3.0,0.0,46233.0,Stadium of Light,R Jones,0.0,0.0,10.0,12.0,5.0,4.0,5.0,7.0,8.0,10.0,0.0,1.0,0.0,0.0,3.25,3.4,2.25,H
2025-2026,1,2025-08-16,17:30,Sat,Wolves,Manchester City,0.0,4.0,31456.0,Molineux Stadium,J Gillett,0.0,2.0,9.0,15.0,3.0,4.0,4.0,6.0,13.0,7.0,1.0,2.0,0.0,0.0,6.25,4.75,1.45,A
2025-2026,1,2025-08-17,14:00,Sun,Chelsea,Crystal Palace,0.0,0.0,39678.0,Stamford Bridge,D England,0.0,0.0,19.0,12.0,3.0,4.0,11.0,2.0,10.0,12.0,2.0,3.0,0.0,0.0,1.62,4.33,4.5,D
2025-2026,1,2025-08-17,14:00,Sun,Nottingham Forest,Brentford,3.0,1.0,29949.0,The City Ground,P Bankes,3.0,0.0,11.0,10.0,5.0,3.0,5.0,5.0,7.0,15.0,1.0,2.0,0.0,0.0,2.2,3.3,3.5,H
2025-2026,1,2025-08-17,16:30,Sun,Manchester United,Arsenal,0.0,1.0,73475.0,Old Trafford,S Hooper,0.0,1.0,22.0,9.0,7.0,3.0,3.0,4.0,10.0,19.0,1.0,4.0,0.0,0.0,3.6,3.6,1.95,A
2025-2026,1,2025-08-18,20:00,Mon,Leeds United,Everton,1.0,0.0,36820.0,Elland Road,C Kavanagh,0.0,0.0,21.0,7.0,3.0,1.0,7.0,2.0,6.0,8.0,0.0,2.0,0.0,0.0,2.38,3.3,3.0,H
2025-2026,2,2025-08-22,20:00,Fri,West Ham,Chelsea,1.0,5.0,62462.0,London Stadium,M Oliver,1.0,3.0,12.0,12.0,4.0,7.0,7.0,5.0,7.0,10.0,0.0,1.0,0.0,0.0,4.75,3.8,1.73,A
2025-2026,2,2025-08-23,12:30,Sat,Manchester City,Tottenham,0.0,2.0,51785.0,Etihad Stadium,P Bankes,0.0,2.0,10.0,12.0,4.0,5.0,7.0,2.0,7.0,12.0,1.0,4.0,0.0,0.0,1.48,4.5,6.25,A
2025-2026,2,2025-08-23,15:00,Sat,Burnley,Sunderland,2.0,0.0,21285.0,Turf Moor,M Salisbury,0.0,0.0,7.0,9.0,2.0,1.0,4.0,3.0,9.0,5.0,0.0,1.0,0.0,0.0,2.2,3.2,3.5,H
2025-2026,2,2025-08-23,15:00,Sat,Brentford,Aston Villa,1.0,0.0,16838.0,Gtech Community Stadium,T Harrington,1.0,0.0,9.0,17.0,2.0,2.0,2.0,9.0,11.0,9.0,1.0,2.0,0.0,0.0,3.1,3.6,2.2,H
2025-2026,2,2025-08-23,15:00,Sat,Bournemouth,Wolves,1.0,0.0,11070.0,Vitality Stadium,T Bramall,1.0,0.0,14.0,6.0,4.0,1.0,8.0,3.0,13.0,16.0,2.0,4.0,0.0,1.0,1.8,3.8,4.2,H
2025-2026,2,2025-08-23,17:30,Sat,Arsenal,Leeds United,5.0,0.0,60110.0,Emirates Stadium,J Gillett,2.0,0.0,18.0,3.0,5.0,1.0,2.0,2.0,8.0,11.0,0.0,2.0,0.0,0.0,1.27,6.25,9.5,H
2025-2026,2,2025-08-24,14:00,Sun,Everton,Brighton,2.0,0.0,51759.0,Hill Dickinson Stadium,S Attwell,1.0,0.0,11.0,13.0,3.0,4.0,2.0,2.0,7.0,15.0,4.0,3.0,0.0,0.0,3.1,3.3,2.3,H
2025-2026,2,2025-08-24,14:00,Sun,Crystal Palace,Nottingham Forest,1.0,1.0,24876.0,Selhurst Park,A Taylor,1.0,0.0,8.0,9.0,4.0,1.0,1.0,3.0,11.0,11.0,3.0,3.0,0.0,0.0,2.35,3.3,3.1,D
2025-2026,2,2025-08-24,16:30,Sun,Fulham,Manchester United,1.0,1.0,27512.0,Craven Cottage,C Kavanagh,0.0,0.0,13.0,10.0,4.0,3.0,9.0,6.0,12.0,10.0,1.0,1.0,0.0,0.0,3.25,3.5,2.15,D
2025-2026,2,2025-08-25,20:00,Mon,Newcastle United,Liverpool,2.0,3.0,52230.0,St James' Park,S Hooper,0.0,1.0,10.0,5.0,3.0,4.0,7.0,1.0,17.0,15.0,2.0,3.0,1.0,0.0,3.25,3.8,2.05,A
2025-2026,3,2025-08-30,12:30,Sat,Chelsea,Fulham,2.0,0.0,39745.0,Stamford Bridge,R Jones,1.0,0.0,13.0,11.0,6.0,3.0,6.0,4.0,11.0,17.0,2.0,2.0,0.0,0.0,1.55,4.33,5.25,H
2025-2026,3,2025-08-30,15:00,Sat,Manchester United,Burnley,3.0,2.0,74257.0,Old Trafford,S Barrott,1.0,0.0,26.0,6.0,6.0,3.0,7.0,1.0,9.0,9.0,1.0,5.0,0.0,0.0,1.33,5.25,8.0,H
2025-2026,3,2025-08-30,15:00,Sat,Tottenham,Bournemouth,0.0,1.0,61250.0,Tottenham Hotspur Stadium,S Hooper,0.0,1.0,5.0,20.0,1.0,6.0,0.0,8.0,17.0,13.0,2.0,4.0,0.0,0.0,1.73,4.2,4.2,A
2025-2026,3,2025-08-30,15:00,Sat,Wolves,Everton,2.0,3.0,30271.0,Molineux Stadium,M Oliver,1.0,2.0,12.0,10.0,4.0,4.0,2.0,2.0,15.0,10.0,0.0,1.0,0.0,0.0,2.7,3.2,2.75,A
2025-2026,3,2025-08-30,15:00,Sat,Sunderland,Brentford,2.0,1.0,46267.0,Stadium of Light,A Taylor,0.0,0.0,12.0,7.0,3.0,4.0,3.0,4.0,11.0,12.0,3.0,2.0,0.0,0.0,3.0,3.3,2.4,H
2025-2026,3,2025-08-30,17:30,Sat,Leeds United,Newcastle United,0.0,0.0,36727.0,Elland Road,P Bankes,0.0,0.0,10.0,8.0,1.0,2.0,5.0,5.0,10.0,15.0,1.0,1.0,0.0,0.0,3.5,3.4,2.1,D
2025-2026,3,2025-08-31,14:00,Sun,Nottingham Forest,West Ham,0.0,3.0,30215.0,The City Ground,C Pawson,0.0,0.0,11.0,12.0,3.0,8.0,9.0,7.0,14.0,6.0,0.0,0.0,0.0,0.0,1.67,3.75,5.25,A
2025-2026,3,2025-08-31,14:00,Sun,Brighton,Manchester City,2.0,1.0,31485.0,The American Express Stadium,D England,0.0,1.0,12.0,12.0,7.0,3.0,3.0,2.0,16.0,14.0,2.0,2.0,0.0,0.0,3.8,3.9,1.9,H
2025-2026,3,2025-08-31,16:30,Sun,Liverpool,Arsenal,1.0,0.0,60455.0,Anfield,C Kavanagh,0.0,0.0,9.0,11.0,3.0,1.0,3.0,8.0,7.0,10.0,2.0,2.0,0.0,0.0,2.2,3.5,3.2,H
2025-2026,3,2025-08-31,19:00,Sun,Aston Villa,Crystal Palace,0.0,3.0,41036.0,Villa Park,S Attwell,0.0,1.0,13.0,6.0,4.0,4.0,10.0,1.0,7.0,14.0,2.0,3.0,0.0,0.0,1.85,3.7,4.0,A
2025-2026,4,2025-09-13,12:30,Sat,Arsenal,Nottingham Forest,3.0,0.0,60167.0,Emirates Stadium,D England,1.0,0.0,16.0,5.0,5.0,1.0,8.0,4.0,8.0,11.0,1.0,1.0,0.0,0.0,1.38,5.0,8.0,H
2025-2026,4,2025-09-13,15:00,Sat,Newcastle United,Wolves,1.0,0.0,52145.0,St James' Park,C Kavanagh,1.0,0.0,16.0,8.0,4.0,3.0,10.0,4.0,10.0,17.0,1.0,4.0,0.0,0.0,1.42,4.75,7.0,H
2025-2026,4,2025-09-13,15:00,Sat,Bournemouth,Brighton,2.0,1.0,11167.0,Vitality Stadium,P Bankes,1.0,0.0,13.0,6.0,5.0,2.0,4.0,4.0,16.0,10.0,4.0,4.0,0.0,0.0,2.35,3.5,2.9,H
2025-2026,4,2025-09-13,15:00,Sat,Everton,Aston Villa,0.0,0.0,52114.0,Hill Dickinson Stadium,S Hooper,0.0,0.0,20.0,7.0,2.0,1.0,10.0,3.0,17.0,15.0,3.0,3.0,0.0,0.0,2.45,3.3,2.9,D
2025-2026,4,2025-09-13,15:00,Sat,Fulham,Leeds United,1.0,0.0,27327.0,Craven Cottage,C Pawson,0.0,0.0,5.0,10.0,3.0,3.0,3.0,3.0,20.0,15.0,1.0,2.0,0.0,0.0,1.91,3.5,4.0,H
2025-2026,4,2025-09-13,15:00,Sat,Crystal Palace,Sunderland,0.0,0.0,25154.0,Selhurst Park,T Bramall,0.0,0.0,14.0,6.0,6.0,0.0,5.0,3.0,10.0,8.0,1.0,1.0,0.0,0.0,1.65,3.75,5.75,D
2025-2026,4,2025-09-13,17:30,Sat,West Ham,Tottenham,0.0,3.0,62459.0,London Stadium,J Gillett,0.0,0.0,7.0,14.0,4.0,5.0,2.0,13.0,8.0,7.0,0.0,1.0,1.0,0.0,3.4,3.6,2.1,A
2025-2026,4,2025-09-13,20:00,Sat,Brentford,Chelsea,2.0,2.0,16795.0,Gtech Community Stadium,S Attwell,1.0,0.0,7.0,16.0,4.0,6.0,5.0,6.0,13.0,9.0,3.0,2.0,0.0,0.0,4.5,3.9,1.73,D
2025-2026,4,2025-09-14,14:00,Sun,Burnley,Liverpool,0.0,1.0,21678.0,Turf Moor,M Oliver,0.0,0.0,3.0,27.0,0.0,4.0,1.0,13.0,9.0,9.0,0.0,2.0,0.0,0.0,8.0,5.5,1.33,A
2025-2026,4,2025-09-14,16:30,Sun,Manchester City,Manchester United,3.0,0.0,52534.0,Etihad Stadium,A Taylor,1.0,0.0,13.0,12.0,6.0,2.0,2.0,4.0,8.0,8.0,0.0,0.0,0.0,0.0,1.75,4.0,4.2,H
2025-2026,5,2025-09-20,12:30,Sat,Liverpool,Everton,2.0,1.0,60342.0,Anfield,D England,2.0,0.0,11.0,9.0,3.0,2.0,5.0,4.0,11.0,10.0,2.0,3.0,0.0,0.0,1.45,4.75,6.5,H
2025-2026,5,2025-09-20,15:00,Sat,West Ham,Crystal Palace,1.0,2.0,62455.0,London Stadium,T Harrington,0.0,1.0,8.0,18.0,3.0,3.0,8.0,8.0,15.0,5.0,3.0,3.0,0.0,0.0,2.88,3.5,2.38,A
2025-2026,5,2025-09-20,15:00,Sat,Wolves,Leeds United,1.0,3.0,30807.0,Molineux Stadium,A Taylor,1.0,3.0,16.0,6.0,6.0,4.0,4.0,0.0,11.0,9.0,1.0,1.0,0.0,0.0,2.7,3.2,2.75,A
2025-2026,5,2025-09-20,15:00,Sat,Burnley,Nottingham Forest,1.0,1.0,21475.0,Turf Moor,T Bramall,1.0,1.0,12.0,17.0,5.0,8.0,4.0,5.0,12.0,11.0,1.0,1.0,0.0,0.0,3.4,3.3,2.2,D
2025-2026,5,2025-09-20,15:00,Sat,Brighton,Tottenham,2.0,2.0,31488.0,The American Express Stadium,C Kavanagh,2.0,1.0,12.0,11.0,4.0,3.0,2.0,10.0,10.0,13.0,1.0,2.0,0.0,0.0,2.25,3.7,3.0,D
2025-2026,5,2025-09-20,17:30,Sat,Manchester United,Chelsea,2.0,1.0,74124.0,Old Trafford,P Bankes,2.0,0.0,11.0,5.0,4.0,1.0,5.0,5.0,13.0,14.0,0.0,5.0,1.0,1.0,2.6,3.8,2.45,H
2025-2026,5,2025-09-20,20:00,Sat,Fulham,Brentford,3.0,1.0,26113.0,Craven Cottage,M Oliver,2.0,1.0,14.0,8.0,3.0,3.0,2.0,10.0,11.0,13.0,4.0,1.0,0.0,0.0,2.0,3.4,3.8,H
2025-2026,5,2025-09-21,14:00,Sun,Sunderland,Aston Villa,1.0,1.0,46261.0,Stadium of Light,S Barrott,0.0,0.0,14.0,12.0,4.0,2.0,6.0,5.0,14.0,8.0,2.0,1.0,1.0,0.0,3.4,3.5,2.1,D
2025-2026,5,2025-09-21,14:00,Sun,Bournemouth,Newcastle United,0.0,0.0,11212.0,Vitality Stadium,R Jones,0.0,0.0,11.0,4.0,2.0,1.0,5.0,2.0,7.0,10.0,2.0,1.0,0.0,0.0,2.5,3.5,2.7,D
2025-2026,5,2025-09-21,16:30,Sun,Arsenal,Manchester City,1.0,1.0,60161.0,Emirates Stadium,S Attwell,0.0,1.0,12.0,5.0,3.0,3.0,11.0,2.0,11.0,10.0,1.0,2.0,0.0,0.0,1.85,3.9,3.8,D
2025-2026,6,2025-09-27,12:30,Sat,Brentford,Manchester United,3.0,1.0,17193.0,Gtech Community Stadium,C Pawson,2.0,1.0,10.0,14.0,8.0,6.0,4.0,2.0,14.0,10.0,2.0,2.0,0.0,0.0,3.4,3.8,2.0,H
2025-2026,6,2025-09-27,15:00,Sat,Manchester City,Burnley,5.0,1.0,52427.0,Etihad Stadium,R Jones,1.0,1.0,21.0,9.0,8.0,2.0,10.0,2.0,5.0,7.0,1.0,3.0,0.0,0.0,1.17,7.5,15.0,H
2025-2026,6,2025-09-27,15:00,Sat,Crystal Palace,Liverpool,2.0,1.0,25118.0,Selhurst Park,C Kavanagh,1.0,0.0,16.0,20.0,7.0,4.0,2.0,6.0,10.0,8.0,1.0,3.0,0.0,0.0,3.8,3.8,1.9,H
2025-2026,6,2025-09-27,15:00,Sat,Chelsea,Brighton,1.0,3.0,39597.0,Stamford Bridge,S Hooper,1.0,0.0,13.0,12.0,3.0,3.0,5.0,7.0,9.0,16.0,3.0,5.0,1.0,0.0,1.85,3.8,3.8,A
2025-2026,6,2025-09-27,15:00,Sat,Leeds United,Bournemouth,2.0,2.0,36574.0,Elland Road,M Oliver,1.0,1.0,19.0,12.0,8.0,5.0,7.0,4.0,12.0,13.0,2.0,2.0,0.0,0.0,3.1,3.25,2.38,D
2025-2026,6,2025-09-27,17:30,Sat,Nottingham Forest,Sunderland,0.0,1.0,30226.0,The City Ground,T Harrington,0.0,1.0,22.0,11.0,6.0,3.0,7.0,4.0,11.0,6.0,4.0,2.0,0.0,0.0,1.75,3.75,4.5,A
2025-2026,6,2025-09-27,20:00,Sat,Tottenham,Wolves,1.0,1.0,60537.0,Tottenham Hotspur Stadium,M Salisbury,0.0,0.0,10.0,9.0,3.0,3.0,10.0,9.0,9.0,11.0,3.0,2.0,0.0,0.0,1.5,4.5,6.0,D
2025-2026,6,2025-09-28,14:00,Sun,Aston Villa,Fulham,3.0,1.0,40350.0,Villa Park,A Madley,1.0,1.0,9.0,11.0,4.0,4.0,2.0,8.0,10.0,13.0,1.0,4.0,0.0,0.0,2.3,3.1,3.4,H
2025-2026,6,2025-09-28,16:30,Sun,Newcastle United,Arsenal,1.0,2.0,52199.0,St James' Park,J Gillett,1.0,0.0,8.0,20.0,3.0,7.0,7.0,12.0,8.0,9.0,2.0,1.0,0.0,0.0,3.6,3.4,2.1,A
2025-2026,6,2025-09-29,20:00,Mon,Everton,West Ham,1.0,1.0,51890.0,Hill Dickinson Stadium,S Barrott,1.0,0.0,12.0,14.0,6.0,3.0,3.0,5.0,7.0,16.0,3.0,4.0,0.0,0.0,1.7,3.75,5.0,D
2025-2026,7,2025-10-03,20:00,Fri,Bournemouth,Fulham,3.0,1.0,11165.0,Vitality Stadium,S Hooper,0.0,0.0,11.0,12.0,6.0,4.0,4.0,3.0,8.0,10.0,0.0,1.0,0.0,0.0,1.95,3.5,3.9,H
2025-2026,7,2025-10-04,12:30,Sat,Leeds United,Tottenham,1.0,2.0,36703.0,Elland Road,T Bramall,1.0,1.0,16.0,9.0,4.0,3.0,4.0,1.0,10.0,12.0,2.0,3.0,0.0,0.0,2.7,3.5,2.5,A
2025-2026,7,2025-10-04,15:00,Sat,Arsenal,West Ham,2.0,0.0,60181.0,Emirates Stadium,J Brooks,1.0,0.0,21.0,4.0,5.0,0.0,8.0,3.0,14.0,14.0,0.0,2.0,0.0,0.0,1.18,6.5,17.0,H
2025-2026,7,2025-10-04,15:00,Sat,Manchester United,Sunderland,2.0,0.0,74004.0,Old Trafford,S Attwell,2.0,0.0,15.0,8.0,6.0,3.0,2.0,3.0,10.0,12.0,1.0,4.0,0.0,0.0,1.5,4.75,5.75,H
2025-2026,7,2025-10-04,17:30,Sat,Chelsea,Liverpool,2.0,1.0,39538.0,Stamford Bridge,A Taylor,1.0,0.0,12.0,12.0,6.0,2.0,7.0,2.0,9.0,8.0,0.0,2.0,0.0,0.0,2.8,3.75,2.3,H
2025-2026,7,2025-10-05,14:00,Sun,Wolves,Brighton,1.0,1.0,29504.0,Molineux Stadium,J Gillett,1.0,0.0,6.0,17.0,3.0,6.0,2.0,8.0,13.0,9.0,2.0,4.0,0.0,0.0,3.6,3.7,2.0,D
2025-2026,7,2025-10-05,14:00,Sun,Everton,Crystal Palace,2.0,1.0,51770.0,Hill Dickinson Stadium,M Salisbury,0.0,1.0,14.0,15.0,7.0,8.0,2.0,4.0,13.0,16.0,2.0,3.0,0.0,0.0,2.45,3.25,3.0,H
2025-2026,7,2025-10-05,14:00,Sun,Aston Villa,Burnley,2.0,1.0,40308.0,Villa Park,A Kitchen,1.0,0.0,15.0,5.0,7.0,2.0,6.0,4.0,9.0,15.0,3.0,1.0,0.0,0.0,1.6,4.0,5.75,H
2025-2026,7,2025-10-05,14:00,Sun,Newcastle United,Nottingham Forest,2.0,0.0,52189.0,St James' Park,P Bankes,0.0,0.0,18.0,5.0,9.0,4.0,8.0,1.0,16.0,15.0,0.0,4.0,0.0,0.0,1.57,4.2,5.5,H
2025-2026,7,2025-10-05,16:30,Sun,Brentford,Manchester City,0.0,1.0,17028.0,Gtech Community Stadium,D England,0.0,1.0,6.0,10.0,1.0,4.0,3.0,2.0,10.0,6.0,3.0,2.0,0.0,0.0,4.75,4.5,1.62,A
2025-2026,8,2025-10-18,12:30,Sat,Nottingham Forest,Chelsea,0.0,3.0,30495.0,The City Ground,C Kavanagh,0.0,0.0,12.0,17.0,2.0,6.0,5.0,2.0,13.0,16.0,2.0,2.0,0.0,1.0,3.7,3.8,1.95,A
2025-2026,8,2025-10-18,15:00,Sat,Manchester City,Everton,2.0,0.0,52498.0,Etihad Stadium,T Harrington,0.0,0.0,19.0,5.0,7.0,1.0,11.0,3.0,8.0,14.0,0.0,2.0,0.0,0.0,1.4,5.0,7.0,H
2025-2026,8,2025-10-18,15:00,Sat,Crystal Palace,Bournemouth,3.0,3.0,25125.0,Selhurst Park,J Gillett,0.0,2.0,20.0,8.0,7.0,5.0,6.0,5.0,8.0,16.0,1.0,4.0,0.0,0.0,2.2,3.4,3.25,D
2025-2026,8,2025-10-18,15:00,Sat,Brighton,Newcastle United,2.0,1.0,31620.0,The American Express Stadium,C Pawson,1.0,0.0,13.0,16.0,5.0,3.0,8.0,4.0,9.0,9.0,0.0,1.0,0.0,0.0,2.63,3.4,2.6,H
2025-2026,8,2025-10-18,15:00,Sat,Burnley,Leeds United,2.0,0.0,21646.0,Turf Moor,T Robinson,1.0,0.0,4.0,19.0,3.0,4.0,1.0,5.0,10.0,7.0,2.0,1.0,0.0,0.0,3.25,3.25,2.25,H
2025-2026,8,2025-10-18,15:00,Sat,Sunderland,Wolves,2.0,0.0,46578.0,Stadium of Light,R Jones,1.0,0.0,8.0,16.0,2.0,3.0,3.0,2.0,5.0,12.0,0.0,0.0,0.0,0.0,2.5,3.0,3.1,H
2025-2026,8,2025-10-18,17:30,Sat,Fulham,Arsenal,0.0,1.0,27736.0,Craven Cottage,A Taylor,0.0,0.0,9.0,16.0,0.0,5.0,6.0,10.0,11.0,4.0,0.0,0.0,0.0,0.0,5.75,4.1,1.55,A
2025-2026,8,2025-10-19,14:00,Sun,Tottenham,Aston Villa,1.0,2.0,61291.0,Tottenham Hotspur Stadium,S Hooper,1.0,1.0,9.0,8.0,3.0,2.0,6.0,6.0,11.0,7.0,2.0,0.0,0.0,0.0,2.05,3.5,3.5,A
2025-2026,8,2025-10-19,16:30,Sun,Liverpool,Manchester United,1.0,2.0,60337.0,Anfield,M Oliver,0.0,1.0,19.0,12.0,6.0,4.0,9.0,4.0,8.0,14.0,0.0,2.0,0.0,0.0,1.6,4.5,5.0,A
2025-2026,8,2025-10-20,20:00,Mon,West Ham,Brentford,0.0,2.0,62452.0,London Stadium,A Madley,0.0,1.0,7.0,22.0,1.0,7.0,6.0,10.0,10.0,10.0,1.0,1.0,0.0,0.0,2.5,3.25,2.88,A
2025-2026,9,2025-10-24,20:00,Fri,Leeds United,West Ham,2.0,1.0,36788.0,Elland Road,S Attwell,2.0,0.0,13.0,9.0,5.0,3.0,3.0,4.0,12.0,11.0,3.0,3.0,0.0,0.0,1.8,3.5,4.75,H
2025-2026,9,2025-10-25,15:00,Sat,Newcastle United,Fulham,2.0,1.0,52152.0,St James' Park,P Bankes,1.0,0.0,18.0,12.0,7.0,5.0,4.0,3.0,11.0,18.0,0.0,2.0,0.0,0.0,1.62,3.9,5.5,H
2025-2026,9,2025-10-25,15:00,Sat,Chelsea,Sunderland,1.0,2.0,39489.0,Stamford Bridge,A Madley,1.0,1.0,16.0,10.0,7.0,4.0,9.0,1.0,15.0,13.0,1.0,1.0,0.0,0.0,1.36,4.75,9.0,A
2025-2026,9,2025-10-25,17:30,Sat,Manchester United,Brighton,4.0,2.0,74124.0,Old Trafford,A Taylor,2.0,0.0,13.0,17.0,9.0,5.0,1.0,6.0,4.0,13.0,2.0,2.0,0.0,0.0,1.95,3.8,3.5,H
2025-2026,9,2025-10-25,20:00,Sat,Brentford,Liverpool,3.0,2.0,17214.0,Gtech Community Stadium,S Hooper,2.0,1.0,17.0,18.0,8.0,5.0,5.0,4.0,7.0,10.0,3.0,2.0,0.0,0.0,4.1,4.2,1.75,H
2025-2026,9,2025-10-26,14:00,Sun,Bournemouth,Nottingham Forest,2.0,0.0,11204.0,Vitality Stadium,S Barrott,2.0,0.0,13.0,8.0,5.0,4.0,6.0,4.0,17.0,7.0,3.0,1.0,0.0,0.0,1.8,3.8,4.33,H
2025-2026,9,2025-10-26,14:00,Sun,Aston Villa,Manchester City,1.0,0.0,41988.0,Villa Park,M Oliver,1.0,0.0,9.0,18.0,3.0,4.0,5.0,6.0,8.0,16.0,1.0,4.0,0.0,0.0,4.33,3.8,1.8,H
2025-2026,9,2025-10-26,14:00,Sun,Wolves,Burnley,2.0,3.0,29116.0,Molineux Stadium,T Harrington,2.0,2.0,15.0,11.0,7.0,7.0,5.0,3.0,12.0,7.0,1.0,0.0,0.0,0.0,1.95,3.3,4.2,A
2025-2026,9,2025-10-26,14:00,Sun,Arsenal,Crystal Palace,1.0,0.0,60103.0,Emirates Stadium,T Bramall,1.0,0.0,10.0,7.0,3.0,1.0,4.0,3.0,6.0,11.0,0.0,0.0,0.0,0.0,1.4,4.75,7.5,H
2025-2026,9,2025-10-26,16:30,Sun,Everton,Tottenham,0.0,3.0,51781.0,Hill Dickinson Stadium,C Pawson,0.0,2.0,12.0,7.0,2.0,4.0,9.0,8.0,9.0,8.0,2.0,0.0,0.0,0.0,2.35,3.4,3.0,A
2025-2026,10,2025-11-01,15:00,Sat,Fulham,Wolves,3.0,0.0,26413.0,Craven Cottage,J Brooks,1.0,0.0,19.0,5.0,6.0,2.0,10.0,1.0,13.0,14.0,1.0,3.0,0.0,1.0,1.83,3.5,4.5,H
2025-2026,10,2025-11-01,15:00,Sat,Burnley,Arsenal,0.0,2.0,21538.0,Turf Moor,C Kavanagh,0.0,2.0,3.0,12.0,0.0,8.0,1.0,6.0,10.0,13.0,2.0,1.0,0.0,0.0,10.0,6.0,1.27,A
2025-2026,10,2025-11-01,15:00,Sat,Brighton,Leeds United,3.0,0.0,31512.0,The American Express Stadium,M Oliver,1.0,0.0,14.0,5.0,7.0,2.0,4.0,7.0,10.0,7.0,0.0,1.0,0.0,0.0,1.85,3.75,4.0,H
2025-2026,10,2025-11-01,15:00,Sat,Nottingham Forest,Manchester United,2.0,2.0,30778.0,The City Ground,D England,0.0,1.0,17.0,18.0,3.0,7.0,8.0,5.0,10.0,7.0,1.0,1.0,0.0,0.0,3.3,3.75,2.05,D
2025-2026,10,2025-11-01,15:00,Sat,Crystal Palace,Brentford,2.0,0.0,25083.0,Selhurst Park,P Bankes,1.0,0.0,9.0,6.0,2.0,2.0,6.0,5.0,7.0,11.0,0.0,3.0,0.0,0.0,1.91,3.6,3.9,H
2025-2026,10,2025-11-01,17:30,Sat,Tottenham,Chelsea,0.0,1.0,61202.0,Tottenham Hotspur Stadium,J Gillett,0.0,1.0,3.0,15.0,1.0,9.0,6.0,5.0,14.0,12.0,4.0,2.0,0.0,0.0,2.7,3.5,2.5,A
2025-2026,10,2025-11-01,20:00,Sat,Liverpool,Aston Villa,2.0,0.0,60407.0,Anfield,S Attwell,1.0,0.0,16.0,10.0,4.0,3.0,1.0,4.0,13.0,11.0,2.0,3.0,0.0,0.0,1.65,4.33,4.5,H
2025-2026,10,2025-11-02,14:00,Sun,West Ham,Newcastle United,3.0,1.0,62441.0,London Stadium,R Jones,2.0,1.0,15.0,12.0,9.0,4.0,7.0,6.0,5.0,10.0,1.0,2.0,0.0,0.0,5.25,4.0,1.62,H
2025-2026,10,2025-11-02,16:30,Sun,Manchester City,Bournemouth,3.0,1.0,52387.0,Etihad Stadium,A Taylor,2.0,1.0,15.0,8.0,8.0,5.0,10.0,4.0,8.0,11.0,2.0,2.0,0.0,0.0,1.5,4.75,5.75,H
2025-2026,10,2025-11-03,20:00,Mon,Sunderland,Everton,1.0,1.0,41476.0,Stadium of Light,T Bramall,0.0,1.0,17.0,8.0,3.0,2.0,4.0,1.0,10.0,12.0,3.0,2.0,0.0,0.0,2.7,3.2,2.7,D
2025-2026,11,2025-11-08,12:30,Sat,Tottenham,Manchester United,2.0,2.0,61210.0,Tottenham Hotspur Stadium,S Barrott,0.0,1.0,10.0,5.0,4.0,2.0,5.0,3.0,10.0,8.0,5.0,1.0,0.0,0.0,2.63,3.6,2.5,D
2025-2026,11,2025-11-08,15:00,Sat,Everton,Fulham,2.0,0.0,52491.0,Hill Dickinson Stadium,A Madley,1.0,0.0,14.0,8.0,5.0,4.0,7.0,5.0,11.0,14.0,2.0,2.0,0.0,0.0,2.2,3.3,3.4,H
2025-2026,11,2025-11-08,15:00,Sat,West Ham,Burnley,3.0,2.0,62449.0,London Stadium,M Salisbury,1.0,1.0,15.0,16.0,6.0,7.0,7.0,4.0,15.0,13.0,2.0,2.0,0.0,0.0,1.91,3.5,4.0,H
2025-2026,11,2025-11-08,17:30,Sat,Sunderland,Arsenal,2.0,2.0,46799.0,Stadium of Light,C Pawson,1.0,0.0,6.0,17.0,2.0,7.0,2.0,2.0,13.0,13.0,2.0,1.0,0.0,0.0,7.5,5.0,1.38,D
2025-2026,11,2025-11-08,20:00,Sat,Chelsea,Wolves,3.0,0.0,39467.0,Stamford Bridge,A Kitchen,0.0,0.0,20.0,3.0,8.0,0.0,10.0,1.0,12.0,14.0,1.0,2.0,0.0,0.0,1.36,4.75,8.5,H
2025-2026,11,2025-11-09,14:00,Sun,Brentford,Newcastle United,3.0,1.0,17207.0,Gtech Community Stadium,S Attwell,0.0,1.0,15.0,5.0,7.0,1.0,6.0,2.0,10.0,13.0,2.0,1.0,0.0,0.0,2.8,3.5,2.45,H
2025-2026,11,2025-11-09,14:00,Sun,Aston Villa,Bournemouth,4.0,0.0,40792.0,Villa Park,J Brooks,2.0,0.0,16.0,13.0,8.0,4.0,6.0,9.0,8.0,20.0,2.0,2.0,0.0,0.0,2.2,3.4,3.25,H
2025-2026,11,2025-11-09,14:00,Sun,Nottingham Forest,Leeds United,3.0,1.0,30708.0,The City Ground,J Gillett,1.0,1.0,14.0,10.0,6.0,3.0,6.0,4.0,10.0,11.0,2.0,1.0,0.0,0.0,2.25,3.25,3.3,H
2025-2026,11,2025-11-09,14:00,Sun,Crystal Palace,Brighton,0.0,0.0,24326.0,Selhurst Park,T Robinson,0.0,0.0,10.0,7.0,2.0,3.0,4.0,8.0,10.0,12.0,1.0,4.0,0.0,0.0,2.25,3.5,3.1,D
2025-2026,11,2025-11-09,16:30,Sun,Manchester City,Liverpool,3.0,0.0,52432.0,Etihad Stadium,C Kavanagh,2.0,0.0,14.0,7.0,6.0,1.0,7.0,7.0,14.0,15.0,2.0,4.0,0.0,0.0,1.9,3.9,3.7,H
2025-2026,12,2025-11-22,12:30,Sat,Burnley,Chelsea,0.0,2.0,21499.0,Turf Moor,P Bankes,0.0,1.0,8.0,15.0,2.0,5.0,1.0,9.0,13.0,8.0,2.0,3.0,0.0,0.0,6.25,4.5,1.48,A
2025-2026,12,2025-11-22,15:00,Sat,Liverpool,Nottingham Forest,0.0,3.0,60419.0,Anfield,A Madley,0.0,1.0,21.0,15.0,4.0,7.0,8.0,6.0,11.0,8.0,2.0,0.0,0.0,0.0,1.44,5.0,6.25,A
2025-2026,12,2025-11-22,15:00,Sat,Brighton,Brentford,2.0,1.0,31458.0,The American Express Stadium,C Kavanagh,0.0,1.0,14.0,10.0,5.0,4.0,7.0,4.0,10.0,9.0,4.0,2.0,0.0,0.0,1.91,3.6,4.0,H
2025-2026,12,2025-11-22,15:00,Sat,Fulham,Sunderland,1.0,0.0,27560.0,Craven Cottage,D England,0.0,0.0,24.0,4.0,6.0,2.0,7.0,4.0,5.0,13.0,3.0,3.0,0.0,0.0,2.1,3.25,3.75,H
2025-2026,12,2025-11-22,15:00,Sat,Wolves,Crystal Palace,0.0,2.0,29976.0,Molineux Stadium,A Taylor,0.0,0.0,8.0,10.0,1.0,4.0,1.0,4.0,13.0,9.0,2.0,3.0,0.0,0.0,3.8,3.6,1.95,A
2025-2026,12,2025-11-22,15:00,Sat,Bournemouth,West Ham,2.0,2.0,11216.0,Vitality Stadium,T Bramall,0.0,2.0,28.0,5.0,10.0,2.0,9.0,2.0,9.0,10.0,3.0,2.0,0.0,0.0,1.62,4.2,4.75,D
2025-2026,12,2025-11-22,17:30,Sat,Newcastle United,Manchester City,2.0,1.0,52181.0,St James' Park,S Barrott,0.0,0.0,9.0,17.0,5.0,4.0,5.0,9.0,13.0,8.0,1.0,3.0,0.0,0.0,3.6,3.8,1.95,H
2025-2026,12,2025-11-23,14:00,Sun,Leeds United,Aston Villa,1.0,2.0,36819.0,Elland Road,R Jones,1.0,0.0,14.0,14.0,5.0,3.0,3.0,3.0,18.0,16.0,5.0,1.0,0.0,0.0,3.0,3.3,2.4,A
2025-2026,12,2025-11-23,16:30,Sun,Arsenal,Tottenham,4.0,1.0,60345.0,Emirates Stadium,M Oliver,2.0,0.0,17.0,3.0,8.0,2.0,4.0,1.0,11.0,15.0,1.0,3.0,0.0,0.0,1.42,4.75,7.5,H
2025-2026,12,2025-11-24,20:00,Mon,Manchester United,Everton,0.0,1.0,74158.0,Old Trafford,T Harrington,0.0,1.0,25.0,3.0,6.0,1.0,9.0,1.0,12.0,9.0,2.0,0.0,0.0,1.0,1.75,4.0,4.33,A
2025-2026,13,2025-11-29,15:00,Sat,Brentford,Burnley,3.0,1.0,17176.0,Gtech Community Stadium,S Barrott,0.0,0.0,14.0,6.0,4.0,2.0,5.0,6.0,7.0,7.0,0.0,2.0,0.0,0.0,1.45,4.5,7.0,H
2025-2026,13,2025-11-29,15:00,Sat,Manchester City,Leeds United,3.0,2.0,52483.0,Etihad Stadium,P Bankes,2.0,0.0,18.0,9.0,9.0,4.0,8.0,1.0,17.0,11.0,4.0,1.0,0.0,0.0,1.22,6.5,12.0,H
2025-2026,13,2025-11-29,15:00,Sat,Sunderland,Bournemouth,3.0,2.0,46973.0,Stadium of Light,T Robinson,1.0,2.0,12.0,18.0,6.0,6.0,6.0,3.0,14.0,13.0,5.0,5.0,0.0,1.0,3.2,3.3,2.3,H
2025-2026,13,2025-11-29,17:30,Sat,Everton,Newcastle United,1.0,4.0,52489.0,Hill Dickinson Stadium,C Pawson,0.0,3.0,10.0,13.0,2.0,8.0,8.0,7.0,4.0,6.0,0.0,0.0,0.0,0.0,2.8,3.25,2.63,A
2025-2026,13,2025-11-29,20:00,Sat,Tottenham,Fulham,1.0,2.0,60546.0,Tottenham Hotspur Stadium,S Attwell,0.0,2.0,14.0,7.0,2.0,3.0,8.0,2.0,11.0,7.0,3.0,2.0,0.0,0.0,2.2,3.3,3.3,A
2025-2026,13,2025-11-30,12:00,Sun,Crystal Palace,Manchester United,1.0,2.0,25189.0,Selhurst Park,R Jones,1.0,0.0,14.0,14.0,3.0,6.0,4.0,4.0,14.0,14.0,3.0,2.0,0.0,0.0,2.3,3.4,3.1,A
2025-2026,13,2025-11-30,14:05,Sun,West Ham,Liverpool,0.0,2.0,62469.0,London Stadium,D England,0.0,0.0,7.0,9.0,0.0,5.0,7.0,2.0,12.0,14.0,1.0,0.0,1.0,0.0,4.33,4.33,1.67,A
2025-2026,13,2025-11-30,14:05,Sun,Aston Villa,Wolves,1.0,0.0,42139.0,Villa Park,C Kavanagh,0.0,0.0,16.0,9.0,6.0,4.0,7.0,3.0,13.0,21.0,0.0,4.0,0.0,0.0,1.5,4.33,6.5,H
2025-2026,13,2025-11-30,14:05,Sun,Nottingham Forest,Brighton,0.0,2.0,30522.0,The City Ground,M Oliver,0.0,1.0,19.0,17.0,3.0,6.0,9.0,2.0,11.0,10.0,0.0,1.0,0.0,0.0,2.75,3.3,2.63,A
2025-2026,13,2025-11-30,16:30,Sun,Chelsea,Arsenal,1.0,1.0,39820.0,Stamford Bridge,A Taylor,0.0,0.0,11.0,8.0,4.0,4.0,3.0,3.0,12.0,13.0,1.0,6.0,1.0,0.0,3.4,3.3,2.2,D
2025-2026,14,2025-12-02,19:30,Tue,Bournemouth,Everton,0.0,1.0,11161.0,Vitality Stadium,M Salisbury,0.0,0.0,5.0,13.0,2.0,3.0,1.0,6.0,14.0,14.0,3.0,3.0,0.0,0.0,2.2,3.25,3.3,A
2025-2026,14,2025-12-02,19:30,Tue,Fulham,Manchester City,4.0,5.0,26700.0,Craven Cottage,C Pawson,1.0,3.0,12.0,11.0,6.0,4.0,7.0,2.0,9.0,7.0,0.0,1.0,0.0,0.0,4.33,4.1,1.73,A
2025-2026,14,2025-12-02,20:15,Tue,Newcastle United,Tottenham,2.0,2.0,52007.0,St James' Park,T Bramall,0.0,0.0,19.0,8.0,7.0,2.0,11.0,8.0,5.0,12.0,0.0,3.0,0.0,0.0,1.83,3.8,4.1,D
2025-2026,14,2025-12-03,19:30,Wed,Arsenal,Brentford,2.0,0.0,60110.0,Emirates Stadium,T Harrington,1.0,0.0,15.0,6.0,7.0,1.0,4.0,8.0,7.0,9.0,0.0,1.0,0.0,0.0,1.36,5.0,8.5,H
2025-2026,14,2025-12-03,19:30,Wed,Wolves,Nottingham Forest,0.0,1.0,28646.0,Molineux Stadium,T Robinson,0.0,0.0,5.0,10.0,1.0,3.0,3.0,9.0,19.0,11.0,2.0,2.0,0.0,0.0,3.25,3.4,2.25,A
2025-2026,14,2025-12-03,19:30,Wed,Brighton,Aston Villa,3.0,4.0,31247.0,The American Express Stadium,A Madley,2.0,2.0,16.0,14.0,7.0,10.0,5.0,6.0,10.0,9.0,2.0,2.0,0.0,0.0,2.15,3.5,3.4,A
2025-2026,14,2025-12-03,19:30,Wed,Burnley,Crystal Palace,0.0,1.0,19365.0,Turf Moor,T Kirk,0.0,1.0,11.0,3.0,4.0,3.0,3.0,4.0,9.0,8.0,0.0,0.0,0.0,0.0,4.5,3.8,1.75,A
2025-2026,14,2025-12-03,20:15,Wed,Liverpool,Sunderland,1.0,1.0,60146.0,Anfield,S Attwell,0.0,0.0,23.0,9.0,4.0,6.0,7.0,3.0,10.0,5.0,1.0,1.0,0.0,0.0,1.36,5.25,7.0,D
2025-2026,14,2025-12-03,20:15,Wed,Leeds United,Chelsea,3.0,1.0,36767.0,Elland Road,D England,2.0,0.0,17.0,14.0,5.0,2.0,4.0,2.0,10.0,13.0,1.0,1.0,0.0,0.0,4.1,4.1,1.8,H
2025-2026,14,2025-12-04,20:00,Thu,Manchester United,West Ham,1.0,1.0,73938.0,Old Trafford,A Kitchen,0.0,0.0,17.0,11.0,4.0,3.0,6.0,6.0,13.0,9.0,2.0,2.0,0.0,0.0,1.45,5.0,6.0,D
2025-2026,15,2025-12-06,12:30,Sat,Aston Villa,Arsenal,2.0,1.0,42888.0,Villa Park,P Bankes,1.0,0.0,15.0,15.0,6.0,9.0,3.0,3.0,10.0,8.0,0.0,2.0,0.0,0.0,4.2,3.5,1.9,H
2025-2026,15,2025-12-06,15:00,Sat,Manchester City,Sunderland,3.0,0.0,52436.0,Etihad Stadium,A Madley,2.0,0.0,18.0,8.0,6.0,1.0,6.0,5.0,9.0,10.0,1.0,0.0,0.0,1.0,1.25,6.5,10.0,H
2025-2026,15,2025-12-06,15:00,Sat,Tottenham,Brentford,2.0,0.0,60759.0,Tottenham Hotspur Stadium,R Jones,2.0,0.0,15.0,4.0,7.0,1.0,7.0,6.0,8.0,9.0,3.0,4.0,0.0,0.0,2.3,3.5,3.0,H
2025-2026,15,2025-12-06,15:00,Sat,Bournemouth,Chelsea,0.0,0.0,11240.0,Vitality Stadium,M Oliver,0.0,0.0,13.0,11.0,5.0,4.0,5.0,0.0,15.0,13.0,0.0,2.0,0.0,0.0,3.1,3.75,2.15,D
2025-2026,15,2025-12-06,15:00,Sat,Everton,Nottingham Forest,3.0,0.0,52501.0,Hill Dickinson Stadium,C Kavanagh,2.0,0.0,11.0,7.0,5.0,3.0,6.0,3.0,17.0,15.0,4.0,3.0,0.0,0.0,2.2,3.2,3.5,H
2025-2026,15,2025-12-06,15:00,Sat,Newcastle United,Burnley,2.0,1.0,52041.0,St James' Park,S Attwell,2.0,0.0,17.0,9.0,7.0,3.0,9.0,9.0,9.0,11.0,2.0,2.0,0.0,1.0,1.27,6.0,9.5,H
2025-2026,15,2025-12-06,17:30,Sat,Leeds United,Liverpool,3.0,3.0,36842.0,Elland Road,A Taylor,0.0,0.0,12.0,16.0,5.0,7.0,5.0,4.0,14.0,14.0,3.0,3.0,0.0,0.0,3.8,4.0,1.85,D
2025-2026,15,2025-12-07,14:00,Sun,Brighton,West Ham,1.0,1.0,31293.0,The American Express Stadium,S Hooper,0.0,0.0,22.0,14.0,4.0,5.0,10.0,6.0,12.0,8.0,2.0,2.0,0.0,0.0,1.55,4.33,5.75,D
2025-2026,15,2025-12-07,16:30,Sun,Fulham,Crystal Palace,1.0,2.0,27283.0,Craven Cottage,S Barrott,1.0,1.0,12.0,11.0,4.0,5.0,6.0,4.0,5.0,8.0,0.0,0.0,0.0,0.0,2.55,3.3,2.8,A
2025-2026,15,2025-12-08,20:00,Mon,Wolves,Manchester United,1.0,4.0,30338.0,Molineux Stadium,M Salisbury,1.0,1.0,8.0,27.0,2.0,10.0,1.0,9.0,17.0,12.0,3.0,2.0,0.0,0.0,4.2,4.0,1.75,A
2025-2026,16,2025-12-13,15:00,Sat,Chelsea,Everton,2.0,0.0,39552.0,Stamford Bridge,T Bramall,2.0,0.0,17.0,11.0,5.0,2.0,4.0,7.0,13.0,11.0,1.0,0.0,0.0,0.0,1.67,3.8,5.25,H
2025-2026,16,2025-12-13,15:00,Sat,Liverpool,Brighton,2.0,0.0,60429.0,Anfield,C Pawson,1.0,0.0,18.0,14.0,4.0,1.0,2.0,2.0,8.0,15.0,1.0,2.0,0.0,0.0,1.67,4.0,4.75,H
2025-2026,16,2025-12-13,17:30,Sat,Burnley,Fulham,2.0,3.0,19739.0,Turf Moor,M Oliver,1.0,2.0,16.0,6.0,8.0,4.0,10.0,4.0,8.0,8.0,1.0,2.0,0.0,0.0,4.0,3.5,1.91,A
2025-2026,16,2025-12-13,20:00,Sat,Arsenal,Wolves,2.0,1.0,60242.0,Emirates Stadium,R Jones,0.0,0.0,16.0,3.0,2.0,2.0,8.0,0.0,7.0,15.0,0.0,4.0,0.0,0.0,1.13,8.5,21.0,H
2025-2026,16,2025-12-14,14:00,Sun,Nottingham Forest,Tottenham,3.0,0.0,30579.0,The City Ground,S Barrott,1.0,0.0,15.0,6.0,6.0,1.0,3.0,3.0,9.0,13.0,1.0,3.0,0.0,0.0,2.55,3.3,2.8,H
2025-2026,16,2025-12-14,14:00,Sun,West Ham,Aston Villa,2.0,3.0,62447.0,London Stadium,A Taylor,2.0,1.0,10.0,7.0,3.0,4.0,5.0,3.0,18.0,13.0,1.0,2.0,0.0,0.0,3.75,3.5,2.0,A
2025-2026,16,2025-12-14,14:00,Sun,Crystal Palace,Manchester City,0.0,3.0,25166.0,Selhurst Park,D England,0.0,1.0,16.0,7.0,4.0,6.0,2.0,2.0,9.0,6.0,2.0,0.0,0.0,0.0,3.9,3.9,1.85,A
2025-2026,16,2025-12-14,14:00,Sun,Sunderland,Newcastle United,1.0,0.0,47158.0,Stadium of Light,P Bankes,0.0,0.0,5.0,6.0,1.0,2.0,3.0,6.0,10.0,10.0,5.0,4.0,0.0,0.0,3.3,3.3,2.25,H
2025-2026,16,2025-12-14,16:30,Sun,Brentford,Leeds United,1.0,1.0,17159.0,Gtech Community Stadium,J Brooks,0.0,0.0,7.0,18.0,2.0,4.0,0.0,3.0,8.0,9.0,0.0,0.0,0.0,0.0,1.91,3.6,4.0,D
2025-2026,16,2025-12-15,20:00,Mon,Manchester United,Bournemouth,4.0,4.0,73951.0,Old Trafford,S Hooper,2.0,1.0,25.0,14.0,9.0,9.0,5.0,4.0,15.0,12.0,2.0,3.0,0.0,0.0,1.83,4.0,3.8,D
2025-2026,17,2025-12-20,12:30,Sat,Newcastle United,Chelsea,2.0,2.0,52226.0,St James' Park,A Madley,2.0,0.0,11.0,13.0,5.0,4.0,6.0,4.0,13.0,14.0,3.0,6.0,0.0,0.0,2.75,3.6,2.45,D
2025-2026,17,2025-12-20,15:00,Sat,Wolves,Brentford,0.0,2.0,27662.0,Molineux Stadium,M Donohue,0.0,0.0,9.0,7.0,2.0,6.0,3.0,4.0,12.0,15.0,2.0,4.0,0.0,0.0,3.5,3.6,2.05,A
2025-2026,17,2025-12-20,15:00,Sat,Manchester City,West Ham,3.0,0.0,52454.0,Etihad Stadium,P Tierney,2.0,0.0,17.0,7.0,8.0,3.0,6.0,0.0,16.0,10.0,1.0,1.0,0.0,0.0,1.22,8.0,10.0,H
2025-2026,17,2025-12-20,15:00,Sat,Brighton,Sunderland,0.0,0.0,31426.0,The American Express Stadium,D England,0.0,0.0,16.0,14.0,4.0,6.0,3.0,4.0,11.0,15.0,2.0,2.0,0.0,0.0,1.67,4.0,5.25,D
2025-2026,17,2025-12-20,15:00,Sat,Bournemouth,Burnley,1.0,1.0,10762.0,Vitality Stadium,C Kavanagh,0.0,0.0,16.0,4.0,1.0,1.0,5.0,3.0,11.0,11.0,1.0,1.0,0.0,0.0,1.48,4.33,6.5,D
2025-2026,17,2025-12-20,17:30,Sat,Tottenham,Liverpool,1.0,2.0,61138.0,Tottenham Hotspur Stadium,J Brooks,0.0,0.0,15.0,8.0,4.0,4.0,2.0,6.0,9.0,7.0,3.0,3.0,2.0,0.0,3.5,3.75,2.0,A
2025-2026,17,2025-12-20,20:00,Sat,Everton,Arsenal,0.0,1.0,52513.0,Hill Dickinson Stadium,S Barrott,0.0,1.0,5.0,13.0,1.0,2.0,2.0,3.0,4.0,5.0,2.0,2.0,0.0,0.0,5.75,4.1,1.57,A
2025-2026,17,2025-12-20,20:00,Sat,Leeds United,Crystal Palace,4.0,1.0,36334.0,Elland Road,T Bramall,2.0,0.0,20.0,9.0,8.0,3.0,9.0,5.0,5.0,10.0,1.0,3.0,0.0,0.0,2.6,3.3,2.75,H
2025-2026,17,2025-12-21,16:30,Sun,Aston Villa,Manchester United,2.0,1.0,43157.0,Villa Park,M Oliver,1.0,1.0,12.0,15.0,4.0,6.0,5.0,5.0,11.0,14.0,1.0,2.0,0.0,0.0,2.1,3.6,3.3,H
2025-2026,17,2025-12-22,20:00,Mon,Fulham,Nottingham Forest,1.0,0.0,26647.0,Craven Cottage,A Taylor,1.0,0.0,11.0,12.0,1.0,2.0,1.0,5.0,5.0,9.0,5.0,4.0,0.0,0.0,2.4,3.25,3.0,H
2025-2026,18,2025-12-26,20:00,Fri,Manchester United,Newcastle United,1.0,0.0,73996.0,Old Trafford,A Taylor,1.0,0.0,10.0,16.0,4.0,3.0,2.0,11.0,9.0,5.0,2.0,1.0,0.0,0.0,2.55,3.6,2.6,H
2025-2026,18,2025-12-27,12:30,Sat,Nottingham Forest,Manchester City,1.0,2.0,30778.0,The City Ground,R Jones,0.0,0.0,7.0,16.0,2.0,5.0,5.0,5.0,5.0,13.0,1.0,2.0,0.0,0.0,5.0,4.33,1.6,A
2025-2026,18,2025-12-27,15:00,Sat,West Ham,Fulham,0.0,1.0,62464.0,London Stadium,C Kavanagh,0.0,0.0,11.0,15.0,2.0,4.0,5.0,4.0,8.0,8.0,1.0,3.0,0.0,0.0,2.63,3.4,2.6,A
2025-2026,18,2025-12-27,15:00,Sat,Brentford,Bournemouth,4.0,1.0,17152.0,Gtech Community Stadium,P Bankes,2.0,0.0,15.0,20.0,7.0,10.0,2.0,15.0,9.0,8.0,2.0,2.0,0.0,0.0,2.25,3.6,3.0,H
2025-2026,18,2025-12-27,15:00,Sat,Burnley,Everton,0.0,0.0,21637.0,Turf Moor,C Pawson,0.0,0.0,16.0,15.0,0.0,6.0,6.0,5.0,8.0,8.0,0.0,2.0,0.0,0.0,4.1,3.4,1.95,D
2025-2026,18,2025-12-27,15:00,Sat,Arsenal,Brighton,2.0,1.0,60209.0,Emirates Stadium,J Brooks,1.0,0.0,24.0,8.0,6.0,3.0,7.0,2.0,7.0,13.0,2.0,3.0,0.0,0.0,1.42,4.75,7.0,H
2025-2026,18,2025-12-27,15:00,Sat,Liverpool,Wolves,2.0,1.0,60466.0,Anfield,S Hooper,2.0,0.0,14.0,9.0,4.0,4.0,6.0,4.0,5.0,13.0,0.0,1.0,0.0,0.0,1.25,6.5,10.0,H
2025-2026,18,2025-12-27,17:30,Sat,Chelsea,Aston Villa,1.0,2.0,39765.0,Stamford Bridge,S Attwell,1.0,0.0,14.0,11.0,3.0,8.0,6.0,7.0,16.0,8.0,5.0,3.0,0.0,0.0,1.83,3.9,4.0,A
2025-2026,18,2025-12-28,14:00,Sun,Sunderland,Leeds United,1.0,1.0,46675.0,Stadium of Light,T Harrington,1.0,0.0,8.0,17.0,3.0,6.0,3.0,9.0,7.0,9.0,1.0,0.0,0.0,0.0,2.5,3.1,2.88,D
2025-2026,18,2025-12-28,16:30,Sun,Crystal Palace,Tottenham,0.0,1.0,25186.0,Selhurst Park,J Gillett,0.0,1.0,15.0,8.0,2.0,4.0,3.0,2.0,7.0,5.0,3.0,2.0,0.0,0.0,2.25,3.25,3.2,A
2025-2026,19,2025-12-30,19:30,Tue,West Ham,Brighton,2.0,2.0,62464.0,London Stadium,M Salisbury,2.0,1.0,10.0,16.0,4.0,6.0,5.0,5.0,11.0,18.0,3.0,5.0,0.0,0.0,3.4,3.75,2.0,D
2025-2026,19,2025-12-30,19:30,Tue,Chelsea,Bournemouth,2.0,2.0,39765.0,Stamford Bridge,S Barrott,2.0,2.0,17.0,17.0,3.0,6.0,12.0,3.0,5.0,12.0,1.0,1.0,0.0,0.0,1.5,4.75,5.75,D
2025-2026,19,2025-12-30,19:30,Tue,Burnley,Newcastle United,1.0,3.0,21020.0,Turf Moor,R Jones,1.0,2.0,15.0,20.0,4.0,9.0,3.0,4.0,9.0,3.0,2.0,1.0,0.0,0.0,5.25,4.2,1.6,A
2025-2026,19,2025-12-30,19:30,Tue,Nottingham Forest,Everton,0.0,2.0,30617.0,The City Ground,M Oliver,0.0,1.0,21.0,11.0,6.0,3.0,9.0,2.0,11.0,9.0,1.0,0.0,0.0,0.0,2.1,3.25,3.7,A
2025-2026,19,2025-12-30,20:15,Tue,Arsenal,Aston Villa,4.0,1.0,60279.0,Emirates Stadium,D England,0.0,0.0,22.0,11.0,7.0,3.0,3.0,3.0,18.0,9.0,2.0,3.0,0.0,0.0,1.42,4.75,7.0,H
2025-2026,19,2025-12-30,20:15,Tue,Manchester United,Wolves,1.0,1.0,73589.0,Old Trafford,T Bramall,1.0,1.0,15.0,11.0,6.0,4.0,8.0,4.0,9.0,12.0,0.0,2.0,0.0,0.0,1.36,5.25,8.0,D
2025-2026,19,2026-01-01,17:30,Thu,Crystal Palace,Fulham,1.0,1.0,25111.0,Selhurst Park,T Harrington,1.0,0.0,11.0,17.0,2.0,5.0,6.0,3.0,7.0,10.0,0.0,5.0,0.0,0.0,2.15,3.3,3.4,D
2025-2026,19,2026-01-01,17:30,Thu,Liverpool,Leeds United,0.0,0.0,60343.0,Anfield,C Kavanagh,0.0,0.0,19.0,4.0,4.0,2.0,8.0,3.0,10.0,8.0,0.0,2.0,0.0,0.0,1.55,4.5,5.5,D
2025-2026,19,2026-01-01,20:00,Thu,Sunderland,Manchester City,0.0,0.0,46920.0,Stadium of Light,J Gillett,0.0,0.0,10.0,14.0,4.0,4.0,3.0,5.0,9.0,6.0,1.0,1.0,0.0,0.0,7.5,4.75,1.38,D
2025-2026,19,2026-01-01,20:00,Thu,Brentford,Tottenham,0.0,0.0,17141.0,Gtech Community Stadium,A Madley,0.0,0.0,7.0,9.0,2.0,3.0,3.0,1.0,8.0,10.0,1.0,2.0,0.0,0.0,2.1,3.6,3.2,D
2025-2026,20,2026-01-03,12:30,Sat,Aston Villa,Nottingham Forest,3.0,1.0,43039.0,Villa Park,S Hooper,1.0,0.0,11.0,10.0,4.0,5.0,4.0,4.0,10.0,20.0,1.0,2.0,0.0,0.0,1.75,3.9,4.5,H
2025-2026,20,2026-01-03,15:00,Sat,Wolves,West Ham,3.0,0.0,29874.0,Molineux Stadium,P Bankes,3.0,0.0,11.0,6.0,8.0,0.0,6.0,7.0,11.0,10.0,1.0,0.0,0.0,0.0,2.5,3.3,2.88,H
2025-2026,20,2026-01-03,15:00,Sat,Brighton,Burnley,2.0,0.0,31373.0,The American Express Stadium,T Robinson,1.0,0.0,15.0,5.0,4.0,3.0,4.0,4.0,7.0,17.0,0.0,4.0,0.0,0.0,1.48,4.33,7.0,H
2025-2026,20,2026-01-03,17:30,Sat,Bournemouth,Arsenal,2.0,3.0,11240.0,Vitality Stadium,C Kavanagh,1.0,1.0,15.0,12.0,3.0,5.0,7.0,5.0,13.0,8.0,3.0,1.0,0.0,0.0,6.5,4.75,1.44,A
2025-2026,20,2026-01-04,12:30,Sun,Leeds United,Manchester United,1.0,1.0,36909.0,Elland Road,J Gillett,0.0,0.0,11.0,15.0,3.0,2.0,6.0,4.0,9.0,9.0,0.0,1.0,0.0,0.0,2.7,3.3,2.63,D
2025-2026,20,2026-01-04,15:00,Sun,Tottenham,Sunderland,1.0,1.0,60877.0,Tottenham Hotspur Stadium,S Attwell,1.0,0.0,13.0,10.0,5.0,3.0,3.0,5.0,10.0,6.0,2.0,3.0,0.0,0.0,1.8,3.6,4.5,D
2025-2026,20,2026-01-04,15:00,Sun,Everton,Brentford,2.0,4.0,52514.0,Hill Dickinson Stadium,A Taylor,0.0,1.0,14.0,11.0,6.0,7.0,4.0,5.0,9.0,8.0,0.0,2.0,0.0,0.0,2.35,3.25,3.1,A
2025-2026,20,2026-01-04,15:00,Sun,Newcastle United,Crystal Palace,2.0,0.0,51979.0,St James' Park,J Brooks,0.0,0.0,12.0,11.0,7.0,1.0,8.0,6.0,5.0,12.0,1.0,3.0,0.0,0.0,1.7,3.9,4.75,H
2025-2026,20,2026-01-04,15:15,Sun,Fulham,Liverpool,2.0,2.0,27547.0,Craven Cottage,C Pawson,1.0,0.0,8.0,10.0,2.0,2.0,3.0,8.0,11.0,4.0,1.0,1.0,0.0,0.0,3.8,3.75,1.91,D
2025-2026,20,2026-01-04,17:30,Sun,Manchester City,Chelsea,1.0,1.0,52471.0,Etihad Stadium,M Oliver,1.0,0.0,14.0,8.0,3.0,3.0,8.0,2.0,12.0,14.0,3.0,3.0,0.0,0.0,1.6,4.75,4.5,D
2025-2026,21,2026-01-06,20:00,Tue,West Ham,Nottingham Forest,1.0,2.0,62429.0,London Stadium,T Harrington,1.0,0.0,14.0,13.0,3.0,5.0,6.0,5.0,15.0,9.0,3.0,0.0,0.0,0.0,2.88,3.25,2.2,A
2025-2026,21,2026-01-07,19:30,Wed,Manchester City,Brighton,1.0,1.0,51728.0,Etihad Stadium,T Bramall,1.0,0.0,22.0,6.0,6.0,3.0,6.0,2.0,6.0,16.0,1.0,6.0,0.0,0.0,1.4,5.25,6.5,D
2025-2026,21,2026-01-07,19:30,Wed,Fulham,Chelsea,2.0,1.0,26990.0,Craven Cottage,P Bankes,0.0,0.0,16.0,14.0,5.0,6.0,2.0,11.0,11.0,6.0,3.0,3.0,0.0,1.0,3.4,3.6,2.05,H
2025-2026,21,2026-01-07,19:30,Wed,Bournemouth,Tottenham,3.0,2.0,11212.0,Vitality Stadium,D England,2.0,1.0,11.0,16.0,3.0,4.0,3.0,7.0,19.0,10.0,3.0,3.0,0.0,0.0,2.1,3.6,3.3,H
2025-2026,21,2026-01-07,19:30,Wed,Everton,Wolves,1.0,1.0,51768.0,Hill Dickinson Stadium,T Kirk,1.0,0.0,13.0,13.0,2.0,4.0,2.0,7.0,13.0,15.0,1.0,3.0,2.0,0.0,1.75,3.5,5.0,D
2025-2026,21,2026-01-07,19:30,Wed,Brentford,Sunderland,3.0,0.0,17016.0,Gtech Community Stadium,M Donohue,1.0,0.0,18.0,11.0,6.0,3.0,7.0,4.0,13.0,13.0,2.0,1.0,0.0,0.0,1.85,3.5,4.33,H
2025-2026,21,2026-01-07,19:30,Wed,Crystal Palace,Aston Villa,0.0,0.0,24841.0,Selhurst Park,A Madley,0.0,0.0,11.0,15.0,5.0,3.0,3.0,5.0,8.0,3.0,2.0,0.0,0.0,0.0,3.1,3.3,2.3,D
2025-2026,21,2026-01-07,20:15,Wed,Newcastle United,Leeds United,4.0,3.0,51176.0,St James' Park,M Salisbury,1.0,2.0,18.0,14.0,8.0,6.0,8.0,4.0,11.0,10.0,3.0,2.0,0.0,0.0,1.67,3.8,5.0,H
2025-2026,21,2026-01-07,20:15,Wed,Burnley,Manchester United,2.0,2.0,21047.0,Turf Moor,S Attwell,1.0,0.0,7.0,30.0,1.0,10.0,2.0,6.0,9.0,8.0,2.0,0.0,0.0,0.0,4.75,4.0,1.7,D
2025-2026,21,2026-01-08,20:00,Thu,Arsenal,Liverpool,0.0,0.0,60258.0,Emirates Stadium,A Taylor,0.0,0.0,9.0,8.0,4.0,0.0,3.0,0.0,10.0,9.0,2.0,2.0,0.0,0.0,1.6,4.1,5.0,D
2025-2026,22,2026-01-17,12:30,Sat,Manchester United,Manchester City,2.0,0.0,74004.0,Old Trafford,A Taylor,0.0,0.0,11.0,7.0,7.0,1.0,1.0,6.0,13.0,8.0,2.0,3.0,0.0,0.0,3.7,3.8,1.91,H
2025-2026,22,2026-01-17,15:00,Sat,Leeds United,Fulham,1.0,0.0,36300.0,Elland Road,C Kavanagh,0.0,0.0,14.0,8.0,5.0,1.0,7.0,3.0,6.0,11.0,1.0,5.0,0.0,0.0,2.15,3.3,3.5,H
2025-2026,22,2026-01-17,15:00,Sat,Chelsea,Brentford,2.0,0.0,39704.0,Stamford Bridge,J Brooks,1.0,0.0,6.0,15.0,2.0,5.0,3.0,9.0,7.0,10.0,3.0,2.0,0.0,0.0,1.73,4.0,4.75,H
2025-2026,22,2026-01-17,15:00,Sat,Liverpool,Burnley,1.0,1.0,60431.0,Anfield,A Madley,1.0,0.0,32.0,7.0,11.0,1.0,9.0,1.0,8.0,10.0,1.0,2.0,0.0,0.0,1.22,6.5,11.0,D
2025-2026,22,2026-01-17,15:00,Sat,Tottenham,West Ham,1.0,2.0,60857.0,Tottenham Hotspur Stadium,J Gillett,0.0,1.0,21.0,17.0,6.0,4.0,11.0,5.0,12.0,17.0,5.0,3.0,0.0,0.0,1.73,4.0,4.5,A
2025-2026,22,2026-01-17,15:00,Sat,Sunderland,Crystal Palace,2.0,1.0,47257.0,Stadium of Light,R Jones,1.0,1.0,13.0,6.0,7.0,2.0,3.0,4.0,8.0,15.0,3.0,3.0,0.0,0.0,2.75,3.1,2.75,H
2025-2026,22,2026-01-17,17:30,Sat,Nottingham Forest,Arsenal,0.0,0.0,30729.0,The City Ground,M Oliver,0.0,0.0,6.0,15.0,0.0,3.0,4.0,9.0,8.0,14.0,1.0,1.0,0.0,0.0,6.0,4.33,1.53,D
2025-2026,22,2026-01-18,14:00,Sun,Wolves,Newcastle United,0.0,0.0,29751.0,Molineux Stadium,S Barrott,0.0,0.0,6.0,12.0,2.0,2.0,4.0,7.0,14.0,8.0,2.0,2.0,0.0,0.0,4.75,4.0,1.7,D
2025-2026,22,2026-01-18,16:30,Sun,Aston Villa,Everton,0.0,1.0,43059.0,Villa Park,T Harrington,0.0,0.0,18.0,9.0,5.0,3.0,6.0,4.0,15.0,13.0,1.0,2.0,0.0,0.0,1.67,3.9,5.25,A
2025-2026,22,2026-01-19,20:00,Mon,Brighton,Bournemouth,1.0,1.0,30172.0,The American Express Stadium,P Tierney,0.0,1.0,17.0,11.0,5.0,2.0,11.0,6.0,7.0,6.0,2.0,3.0,0.0,0.0,1.85,3.9,3.8,D
2025-2026,23,2026-01-24,12:30,Sat,West Ham,Sunderland,3.0,1.0,62456.0,London Stadium,T Bramall,3.0,0.0,13.0,7.0,5.0,2.0,3.0,3.0,9.0,16.0,2.0,4.0,0.0,0.0,2.5,3.2,2.88,H
2025-2026,23,2026-01-24,15:00,Sat,Burnley,Tottenham,2.0,2.0,21618.0,Turf Moor,P Bankes,1.0,1.0,9.0,18.0,4.0,11.0,1.0,3.0,8.0,9.0,1.0,0.0,0.0,0.0,3.7,3.5,2.05,D
2025-2026,23,2026-01-24,15:00,Sat,Fulham,Brighton,2.0,1.0,27239.0,Craven Cottage,M Oliver,0.0,1.0,12.0,13.0,4.0,5.0,6.0,6.0,10.0,6.0,1.0,1.0,0.0,0.0,2.6,3.4,2.7,H
2025-2026,23,2026-01-24,15:00,Sat,Manchester City,Wolves,2.0,0.0,52469.0,Etihad Stadium,F Hallam,2.0,0.0,11.0,11.0,4.0,1.0,4.0,6.0,16.0,14.0,1.0,3.0,0.0,0.0,1.2,7.0,11.0,H
2025-2026,23,2026-01-24,17:30,Sat,Bournemouth,Liverpool,3.0,2.0,11260.0,Vitality Stadium,M Salisbury,2.0,1.0,12.0,14.0,5.0,4.0,3.0,11.0,7.0,7.0,1.0,1.0,0.0,0.0,3.75,3.8,1.9,H
2025-2026,23,2026-01-25,14:00,Sun,Brentford,Nottingham Forest,0.0,2.0,17134.0,Gtech Community Stadium,S Barrott,0.0,1.0,10.0,7.0,1.0,2.0,6.0,5.0,11.0,10.0,1.0,0.0,0.0,0.0,1.91,3.5,4.1,A
2025-2026,23,2026-01-25,14:00,Sun,Crystal Palace,Chelsea,1.0,3.0,25163.0,Selhurst Park,D England,0.0,1.0,13.0,10.0,7.0,6.0,4.0,5.0,11.0,10.0,2.0,2.0,1.0,0.0,3.5,3.8,2.0,A
2025-2026,23,2026-01-25,14:00,Sun,Newcastle United,Aston Villa,0.0,2.0,52134.0,St James' Park,J Gillett,0.0,1.0,15.0,14.0,4.0,8.0,6.0,5.0,7.0,12.0,1.0,2.0,0.0,0.0,1.95,3.7,3.7,A
2025-2026,23,2026-01-25,16:30,Sun,Arsenal,Manchester United,2.0,3.0,60296.0,Emirates Stadium,C Pawson,1.0,1.0,15.0,10.0,4.0,3.0,9.0,2.0,11.0,9.0,2.0,0.0,0.0,0.0,1.55,4.2,6.0,A
2025-2026,23,2026-01-26,20:00,Mon,Everton,Leeds United,1.0,1.0,51979.0,Hill Dickinson Stadium,S Hooper,0.0,1.0,10.0,14.0,3.0,4.0,4.0,4.0,9.0,13.0,0.0,3.0,0.0,0.0,2.5,3.25,2.9,D
2025-2026,24,2026-01-31,15:00,Sat,Leeds United,Arsenal,0.0,4.0,36858.0,Elland Road,S Attwell,0.0,2.0,3.0,14.0,1.0,8.0,4.0,12.0,10.0,7.0,1.0,1.0,0.0,0.0,5.75,4.2,1.55,A
2025-2026,24,2026-01-31,15:00,Sat,Brighton,Everton,1.0,1.0,31419.0,The American Express Stadium,C Kavanagh,0.0,0.0,11.0,7.0,2.0,4.0,5.0,2.0,13.0,14.0,1.0,2.0,0.0,0.0,1.85,3.6,4.1,D
2025-2026,24,2026-01-31,15:00,Sat,Wolves,Bournemouth,0.0,2.0,30161.0,Molineux Stadium,M Oliver,0.0,1.0,17.0,9.0,7.0,4.0,5.0,6.0,11.0,15.0,3.0,3.0,0.0,0.0,2.9,3.5,2.3,A
2025-2026,24,2026-01-31,17:30,Sat,Chelsea,West Ham,3.0,2.0,39361.0,Stamford Bridge,A Taylor,0.0,2.0,14.0,11.0,6.0,6.0,9.0,3.0,11.0,13.0,3.0,2.0,0.0,1.0,1.5,4.5,6.0,H
2025-2026,24,2026-01-31,20:00,Sat,Liverpool,Newcastle United,4.0,1.0,60416.0,Anfield,S Hooper,2.0,1.0,17.0,8.0,7.0,2.0,7.0,11.0,11.0,7.0,1.0,3.0,0.0,0.0,1.8,3.9,4.1,H
2025-2026,24,2026-02-01,14:00,Sun,Aston Villa,Brentford,0.0,1.0,41415.0,Villa Park,T Robinson,0.0,1.0,27.0,6.0,5.0,2.0,12.0,1.0,8.0,8.0,0.0,3.0,0.0,0.0,2.1,3.5,3.4,A
2025-2026,24,2026-02-01,14:00,Sun,Nottingham Forest,Crystal Palace,1.0,1.0,30334.0,The City Ground,M Salisbury,1.0,1.0,9.0,14.0,1.0,3.0,5.0,7.0,4.0,12.0,1.0,3.0,0.0,0.0,1.95,3.5,3.9,D
2025-2026,24,2026-02-01,14:00,Sun,Manchester United,Fulham,3.0,2.0,73895.0,Old Trafford,J Brooks,1.0,0.0,13.0,14.0,6.0,6.0,3.0,7.0,6.0,9.0,2.0,1.0,0.0,0.0,1.57,4.5,5.0,H
2025-2026,24,2026-02-01,16:30,Sun,Tottenham,Manchester City,2.0,2.0,61337.0,Tottenham Hotspur Stadium,R Jones,0.0,2.0,12.0,15.0,6.0,3.0,3.0,4.0,15.0,12.0,3.0,3.0,0.0,0.0,4.5,4.1,1.73,D
2025-2026,24,2026-02-02,20:00,Mon,Sunderland,Burnley,3.0,0.0,46370.0,Stadium of Light,P Tierney,2.0,0.0,14.0,5.0,5.0,0.0,1.0,2.0,12.0,10.0,1.0,4.0,0.0,0.0,1.8,3.5,4.75,H
2025-2026,25,2026-02-06,20:00,Fri,Leeds United,Nottingham Forest,3.0,1.0,36835.0,Elland Road,P Bankes,2.0,0.0,14.0,16.0,5.0,6.0,5.0,10.0,9.0,12.0,1.0,1.0,0.0,0.0,2.2,3.3,3.4,H
2025-2026,25,2026-02-07,12:30,Sat,Manchester United,Tottenham,2.0,0.0,73985.0,Old Trafford,M Oliver,1.0,0.0,23.0,7.0,10.0,1.0,7.0,0.0,12.0,11.0,1.0,2.0,0.0,1.0,1.57,4.5,5.0,H
2025-2026,25,2026-02-07,15:00,Sat,Fulham,Everton,1.0,2.0,27155.0,Craven Cottage,S Attwell,1.0,0.0,13.0,16.0,3.0,3.0,6.0,6.0,11.0,12.0,1.0,5.0,0.0,0.0,2.1,3.25,3.75,A
2025-2026,25,2026-02-07,15:00,Sat,Arsenal,Sunderland,3.0,0.0,60312.0,Emirates Stadium,S Barrott,1.0,0.0,16.0,5.0,5.0,3.0,5.0,2.0,11.0,8.0,1.0,2.0,0.0,0.0,1.22,6.25,12.0,H
2025-2026,25,2026-02-07,15:00,Sat,Burnley,West Ham,0.0,2.0,21273.0,Turf Moor,D England,0.0,2.0,18.0,6.0,5.0,4.0,5.0,2.0,11.0,10.0,3.0,1.0,0.0,0.0,3.3,3.5,2.15,A
2025-2026,25,2026-02-07,15:00,Sat,Wolves,Chelsea,1.0,3.0,29762.0,Molineux Stadium,J Gillett,0.0,3.0,11.0,15.0,3.0,6.0,3.0,4.0,9.0,10.0,1.0,1.0,0.0,0.0,5.0,4.0,1.67,A
2025-2026,25,2026-02-07,15:00,Sat,Bournemouth,Aston Villa,1.0,1.0,11248.0,Vitality Stadium,A Taylor,0.0,1.0,20.0,7.0,9.0,4.0,11.0,4.0,4.0,11.0,1.0,1.0,0.0,0.0,2.7,3.5,2.5,D
2025-2026,25,2026-02-07,17:30,Sat,Newcastle United,Brentford,2.0,3.0,52032.0,St James' Park,A Madley,1.0,2.0,16.0,11.0,4.0,5.0,9.0,3.0,14.0,18.0,2.0,2.0,0.0,0.0,2.1,3.5,3.5,A
2025-2026,25,2026-02-08,14:00,Sun,Brighton,Crystal Palace,0.0,1.0,31179.0,The American Express Stadium,T Bramall,0.0,0.0,7.0,7.0,2.0,4.0,3.0,4.0,12.0,9.0,1.0,3.0,0.0,0.0,1.95,3.5,3.9,A
2025-2026,25,2026-02-08,16:30,Sun,Liverpool,Manchester City,1.0,2.0,60336.0,Anfield,C Pawson,0.0,0.0,15.0,17.0,4.0,7.0,5.0,4.0,13.0,16.0,2.0,4.0,1.0,0.0,2.38,3.7,2.75,A
2025-2026,26,2026-02-10,19:30,Tue,Everton,Bournemouth,1.0,2.0,51793.0,Hill Dickinson Stadium,A Madley,1.0,0.0,16.0,11.0,6.0,4.0,7.0,2.0,14.0,15.0,1.0,3.0,1.0,0.0,2.38,3.4,3.0,A
2025-2026,26,2026-02-10,19:30,Tue,Tottenham,Newcastle United,1.0,2.0,59773.0,Tottenham Hotspur Stadium,A Taylor,0.0,1.0,16.0,21.0,2.0,5.0,2.0,12.0,15.0,11.0,3.0,2.0,0.0,0.0,3.2,3.6,2.2,A
2025-2026,26,2026-02-10,19:30,Tue,Chelsea,Leeds United,2.0,2.0,39253.0,Stamford Bridge,R Jones,1.0,0.0,19.0,4.0,4.0,2.0,4.0,1.0,9.0,13.0,4.0,4.0,0.0,0.0,1.55,4.33,5.5,D
2025-2026,26,2026-02-10,20:15,Tue,West Ham,Manchester United,1.0,1.0,62473.0,London Stadium,S Hooper,0.0,0.0,7.0,9.0,3.0,3.0,5.0,3.0,10.0,4.0,1.0,1.0,0.0,0.0,4.5,4.2,1.7,D
2025-2026,26,2026-02-11,19:30,Wed,Aston Villa,Brighton,1.0,0.0,39495.0,Villa Park,P Bankes,0.0,0.0,15.0,9.0,1.0,3.0,7.0,5.0,9.0,15.0,2.0,3.0,0.0,0.0,1.91,3.7,3.8,H
2025-2026,26,2026-02-11,19:30,Wed,Nottingham Forest,Wolves,0.0,0.0,29921.0,The City Ground,T Robinson,0.0,0.0,35.0,7.0,10.0,3.0,8.0,2.0,12.0,13.0,0.0,2.0,0.0,0.0,1.7,3.8,5.0,D
2025-2026,26,2026-02-11,19:30,Wed,Manchester City,Fulham,3.0,0.0,50717.0,Etihad Stadium,P Tierney,3.0,0.0,13.0,14.0,5.0,3.0,4.0,4.0,8.0,10.0,3.0,1.0,0.0,0.0,1.36,5.5,7.0,H
2025-2026,26,2026-02-11,19:40,Wed,Crystal Palace,Burnley,2.0,3.0,24641.0,Selhurst Park,F Hallam,2.0,3.0,21.0,8.0,3.0,3.0,8.0,2.0,11.0,8.0,2.0,1.0,0.0,0.0,1.57,4.0,6.25,A
2025-2026,26,2026-02-11,20:15,Wed,Sunderland,Liverpool,0.0,1.0,47159.0,Stadium of Light,C Kavanagh,0.0,0.0,11.0,23.0,2.0,3.0,3.0,11.0,8.0,10.0,1.0,0.0,0.0,0.0,4.75,3.8,1.73,A
2025-2026,26,2026-02-12,20:00,Thu,Brentford,Arsenal,1.0,1.0,17224.0,Gtech Community Stadium,J Brooks,0.0,0.0,12.0,7.0,3.0,2.0,6.0,4.0,12.0,11.0,3.0,2.0,0.0,0.0,4.75,3.9,1.7,D
2025-2026,31,2026-02-18,20:00,Wed,Wolves,Arsenal,2.0,2.0,29843.0,Molineux Stadium,P Tierney,0.0,1.0,5.0,10.0,2.0,4.0,1.0,3.0,6.0,8.0,2.0,1.0,0.0,0.0,11.0,5.25,1.29,D
2025-2026,27,2026-02-21,15:00,Sat,Chelsea,Burnley,1.0,1.0,39603.0,Stamford Bridge,L Smith,1.0,0.0,12.0,12.0,2.0,4.0,9.0,5.0,13.0,11.0,2.0,2.0,1.0,0.0,1.22,6.5,12.0,D
2025-2026,27,2026-02-21,15:00,Sat,Aston Villa,Leeds United,1.0,1.0,43048.0,Villa Park,M Oliver,0.0,1.0,16.0,14.0,4.0,4.0,7.0,2.0,11.0,16.0,1.0,4.0,0.0,0.0,1.85,3.6,4.33,D
2025-2026,27,2026-02-21,15:00,Sat,Brentford,Brighton,0.0,2.0,17163.0,Gtech Community Stadium,J Gillett,0.0,2.0,13.0,11.0,3.0,7.0,6.0,4.0,9.0,14.0,1.0,2.0,0.0,0.0,2.0,3.7,3.5,A
2025-2026,27,2026-02-21,17:30,Sat,West Ham,Bournemouth,0.0,0.0,62437.0,London Stadium,S Barrott,0.0,0.0,20.0,10.0,3.0,5.0,9.0,5.0,10.0,11.0,1.0,1.0,0.0,0.0,2.5,3.7,2.63,D
2025-2026,27,2026-02-21,20:00,Sat,Manchester City,Newcastle United,2.0,1.0,52187.0,Etihad Stadium,T Bramall,2.0,1.0,15.0,13.0,7.0,7.0,5.0,5.0,12.0,13.0,2.0,5.0,0.0,0.0,1.45,5.0,5.5,H
2025-2026,27,2026-02-22,14:00,Sun,Sunderland,Fulham,1.0,3.0,47222.0,Stadium of Light,C Pawson,0.0,0.0,12.0,12.0,2.0,4.0,6.0,4.0,6.0,13.0,1.0,1.0,0.0,0.0,2.7,3.25,2.7,A
2025-2026,27,2026-02-22,14:00,Sun,Crystal Palace,Wolves,1.0,0.0,24547.0,Selhurst Park,T Kirk,0.0,0.0,14.0,12.0,3.0,7.0,7.0,3.0,19.0,13.0,5.0,1.0,0.0,1.0,1.65,4.0,5.0,H
2025-2026,27,2026-02-22,14:00,Sun,Nottingham Forest,Liverpool,0.0,1.0,30737.0,The City Ground,A Taylor,0.0,0.0,18.0,10.0,2.0,4.0,7.0,2.0,13.0,9.0,2.0,0.0,0.0,0.0,4.1,3.9,1.8,A
2025-2026,27,2026-02-22,16:30,Sun,Tottenham,Arsenal,1.0,4.0,61439.0,Tottenham Hotspur Stadium,P Bankes,1.0,1.0,6.0,20.0,5.0,7.0,2.0,5.0,17.0,11.0,2.0,1.0,0.0,0.0,6.0,4.0,1.57,A
2025-2026,27,2026-02-23,20:00,Mon,Everton,Manchester United,0.0,1.0,52326.0,Hill Dickinson Stadium,D England,0.0,0.0,12.0,11.0,4.0,3.0,10.0,1.0,12.0,7.0,2.0,3.0,0.0,0.0,3.7,3.75,1.91,A
2025-2026,28,2026-02-27,20:00,Fri,Wolves,Aston Villa,2.0,0.0,30197.0,Molineux Stadium,C Pawson,0.0,0.0,9.0,14.0,2.0,5.0,0.0,5.0,13.0,19.0,3.0,3.0,0.0,0.0,4.1,3.7,1.85,H
2025-2026,28,2026-02-28,12:30,Sat,Bournemouth,Sunderland,1.0,1.0,11240.0,Vitality Stadium,J Gillett,0.0,1.0,21.0,8.0,5.0,4.0,7.0,3.0,15.0,12.0,4.0,2.0,0.0,0.0,1.8,3.75,4.33,D
2025-2026,28,2026-02-28,15:00,Sat,Liverpool,West Ham,5.0,2.0,60425.0,Anfield,T Robinson,3.0,0.0,18.0,11.0,7.0,4.0,10.0,5.0,12.0,11.0,2.0,2.0,0.0,0.0,1.42,4.75,6.5,H
2025-2026,28,2026-02-28,15:00,Sat,Newcastle United,Everton,2.0,3.0,52514.0,St James' Park,S Attwell,1.0,2.0,17.0,9.0,7.0,5.0,7.0,2.0,15.0,7.0,2.0,3.0,0.0,0.0,1.7,4.0,4.75,A
2025-2026,28,2026-02-28,15:00,Sat,Burnley,Brentford,3.0,4.0,20069.0,Turf Moor,S Barrott,1.0,3.0,12.0,16.0,3.0,7.0,4.0,8.0,9.0,9.0,2.0,2.0,0.0,0.0,4.5,3.9,1.73,A
2025-2026,28,2026-02-28,17:30,Sat,Leeds United,Manchester City,0.0,1.0,36838.0,Elland Road,P Bankes,0.0,1.0,14.0,14.0,2.0,5.0,5.0,3.0,10.0,8.0,0.0,3.0,0.0,0.0,4.75,4.33,1.62,A
2025-2026,28,2026-03-01,14:00,Sun,Brighton,Nottingham Forest,2.0,1.0,31427.0,The American Express Stadium,A Madley,2.0,1.0,14.0,13.0,7.0,4.0,4.0,4.0,12.0,13.0,3.0,1.0,0.0,0.0,2.0,3.6,3.5,H
2025-2026,28,2026-03-01,14:00,Sun,Manchester United,Crystal Palace,2.0,1.0,73934.0,Old Trafford,C Kavanagh,0.0,1.0,20.0,8.0,11.0,3.0,7.0,1.0,13.0,12.0,2.0,2.0,0.0,1.0,1.53,4.5,5.5,H
2025-2026,28,2026-03-01,14:00,Sun,Fulham,Tottenham,2.0,1.0,27439.0,Craven Cottage,T Bramall,2.0,0.0,18.0,13.0,4.0,1.0,5.0,8.0,11.0,14.0,3.0,3.0,0.0,0.0,2.1,3.6,3.3,H
2025-2026,28,2026-03-01,16:30,Sun,Arsenal,Chelsea,2.0,1.0,60296.0,Emirates Stadium,D England,1.0,1.0,12.0,9.0,5.0,3.0,5.0,10.0,11.0,14.0,1.0,3.0,0.0,1.0,1.6,3.8,5.5,H
2025-2026,29,2026-03-03,19:30,Tue,Everton,Burnley,2.0,0.0,51959.0,Hill Dickinson Stadium,T Robinson,1.0,0.0,14.0,5.0,5.0,2.0,6.0,3.0,10.0,12.0,0.0,1.0,0.0,0.0,1.57,4.0,6.0,H
2025-2026,29,2026-03-03,19:30,Tue,Bournemouth,Brentford,0.0,0.0,11108.0,Vitality Stadium,C Pawson,0.0,0.0,13.0,5.0,2.0,2.0,4.0,3.0,9.0,10.0,2.0,1.0,0.0,0.0,2.5,3.6,2.63,D
2025-2026,29,2026-03-03,19:30,Tue,Leeds United,Sunderland,0.0,1.0,36713.0,Elland Road,S Attwell,0.0,0.0,18.0,3.0,4.0,1.0,9.0,2.0,15.0,19.0,1.0,3.0,0.0,0.0,1.85,3.4,4.33,A
2025-2026,29,2026-03-03,20:15,Tue,Wolves,Liverpool,2.0,1.0,30247.0,Molineux Stadium,T Bramall,0.0,0.0,4.0,19.0,3.0,7.0,2.0,11.0,10.0,13.0,2.0,1.0,0.0,0.0,5.5,4.5,1.5,H
2025-2026,29,2026-03-04,19:30,Wed,Aston Villa,Chelsea,1.0,4.0,42084.0,Villa Park,J Gillett,1.0,2.0,9.0,15.0,4.0,8.0,3.0,8.0,10.0,9.0,3.0,2.0,0.0,0.0,2.7,3.4,2.55,A
2025-2026,29,2026-03-04,19:30,Wed,Brighton,Arsenal,0.0,1.0,31575.0,The American Express Stadium,C Kavanagh,0.0,1.0,11.0,7.0,3.0,2.0,4.0,3.0,14.0,12.0,4.0,1.0,0.0,0.0,4.75,4.1,1.65,A
2025-2026,29,2026-03-04,19:30,Wed,Fulham,West Ham,0.0,1.0,27191.0,Craven Cottage,M Donohue,0.0,0.0,13.0,9.0,5.0,3.0,7.0,5.0,14.0,12.0,2.0,4.0,0.0,0.0,2.0,3.5,3.7,A
2025-2026,29,2026-03-04,19:30,Wed,Manchester City,Nottingham Forest,2.0,2.0,51965.0,Etihad Stadium,D England,1.0,0.0,21.0,9.0,7.0,4.0,6.0,1.0,10.0,6.0,0.0,4.0,0.0,0.0,1.38,5.0,7.5,D
2025-2026,29,2026-03-04,20:15,Wed,Newcastle United,Manchester United,2.0,1.0,52184.0,St James' Park,P Bankes,1.0,1.0,12.0,14.0,5.0,5.0,2.0,4.0,15.0,16.0,2.0,3.0,1.0,0.0,2.63,3.5,2.6,H
2025-2026,29,2026-03-05,20:00,Thu,Tottenham,Crystal Palace,1.0,3.0,60213.0,Tottenham Hotspur Stadium,A Madley,1.0,3.0,12.0,9.0,4.0,4.0,6.0,3.0,14.0,14.0,3.0,2.0,0.0,0.0,2.35,3.25,3.1,A
2025-2026,30,2026-03-14,15:00,Sat,Burnley,Bournemouth,0.0,0.0,20281.0,Turf Moor,P Bankes,0.0,0.0,15.0,22.0,2.0,3.0,5.0,8.0,11.0,5.0,1.0,0.0,0.0,0.0,4.1,3.8,1.83,D
2025-2026,30,2026-03-14,15:00,Sat,Sunderland,Brighton,0.0,1.0,45497.0,Stadium of Light,T Kirk,0.0,0.0,14.0,12.0,4.0,4.0,7.0,3.0,7.0,12.0,1.0,2.0,0.0,0.0,3.3,3.3,2.25,A
2025-2026,30,2026-03-14,17:30,Sat,Arsenal,Everton,2.0,0.0,60176.0,Emirates Stadium,A Madley,0.0,0.0,25.0,9.0,7.0,3.0,8.0,3.0,11.0,12.0,0.0,0.0,0.0,0.0,1.38,4.75,8.5,H
2025-2026,30,2026-03-14,17:30,Sat,Chelsea,Newcastle United,0.0,1.0,39587.0,Stamford Bridge,P Tierney,0.0,1.0,22.0,7.0,3.0,5.0,8.0,1.0,9.0,10.0,2.0,2.0,0.0,0.0,1.8,4.2,3.8,A
2025-2026,30,2026-03-14,20:00,Sat,West Ham,Manchester City,1.0,1.0,62459.0,London Stadium,M Oliver,1.0,1.0,1.0,24.0,1.0,6.0,1.0,15.0,14.0,5.0,2.0,2.0,0.0,0.0,4.33,4.33,1.7,D
2025-2026,30,2026-03-15,14:00,Sun,Manchester United,Aston Villa,3.0,1.0,73997.0,Old Trafford,A Taylor,0.0,0.0,16.0,9.0,6.0,2.0,6.0,6.0,10.0,5.0,3.0,2.0,0.0,0.0,1.73,4.0,4.5,H
2025-2026,30,2026-03-15,14:00,Sun,Nottingham Forest,Fulham,0.0,0.0,30013.0,The City Ground,S Barrott,0.0,0.0,11.0,5.0,2.0,0.0,5.0,4.0,8.0,10.0,2.0,3.0,0.0,0.0,2.2,3.4,3.3,D
2025-2026,30,2026-03-15,14:00,Sun,Crystal Palace,Leeds United,0.0,0.0,25155.0,Selhurst Park,T Bramall,0.0,0.0,12.0,10.0,0.0,3.0,8.0,3.0,12.0,11.0,2.0,1.0,0.0,1.0,2.55,3.3,2.88,D
2025-2026,30,2026-03-15,16:30,Sun,Liverpool,Tottenham,1.0,1.0,60248.0,Anfield,C Kavanagh,1.0,0.0,17.0,13.0,4.0,7.0,3.0,4.0,8.0,13.0,0.0,0.0,0.0,0.0,1.3,6.25,8.0,D
2025-2026,30,2026-03-16,20:00,Mon,Brentford,Wolves,2.0,2.0,17155.0,Gtech Community Stadium,S Attwell,2.0,1.0,10.0,13.0,3.0,4.0,1.0,5.0,12.0,10.0,2.0,4.0,0.0,0.0,1.55,4.2,5.75,D
2025-2026,31,2026-03-20,20:00,Fri,Bournemouth,Manchester United,2.0,2.0,11250.0,Vitality Stadium,S Attwell,0.0,0.0,16.0,14.0,5.0,5.0,6.0,8.0,10.0,9.0,2.0,2.0,0.0,1.0,3.2,3.8,2.1,D
2025-2026,31,2026-03-21,12:45,Sat,Brighton,Liverpool,2.0,1.0,31680.0,The American Express Stadium,D England,1.0,1.0,16.0,12.0,7.0,5.0,4.0,8.0,11.0,11.0,5.0,5.0,0.0,0.0,3.1,3.5,2.2,H
2025-2026,31,2026-03-21,15:00,Sat,Fulham,Burnley,3.0,1.0,27323.0,Craven Cottage,C Kavanagh,0.0,0.0,22.0,9.0,6.0,5.0,6.0,6.0,6.0,9.0,2.0,2.0,0.0,1.0,1.53,4.1,6.25,H
2025-2026,31,2026-03-21,17:30,Sat,Everton,Chelsea,3.0,0.0,52547.0,Hill Dickinson Stadium,S Barrott,1.0,0.0,10.0,12.0,9.0,4.0,3.0,9.0,6.0,7.0,0.0,2.0,0.0,0.0,3.5,3.4,2.1,H
2025-2026,31,2026-03-21,20:00,Sat,Leeds United,Brentford,0.0,0.0,36386.0,Elland Road,J Gillett,0.0,0.0,14.0,6.0,4.0,2.0,6.0,2.0,6.0,9.0,2.0,0.0,0.0,0.0,2.45,3.5,2.88,D
2025-2026,31,2026-03-22,12:00,Sun,Newcastle United,Sunderland,1.0,2.0,52253.0,St James' Park,A Taylor,1.0,0.0,16.0,17.0,4.0,7.0,9.0,5.0,8.0,19.0,1.0,6.0,0.0,0.0,1.67,4.0,5.0,A
2025-2026,31,2026-03-22,14:15,Sun,Aston Villa,West Ham,2.0,0.0,42130.0,Villa Park,P Tierney,1.0,0.0,23.0,9.0,7.0,1.0,6.0,6.0,3.0,7.0,0.0,1.0,0.0,0.0,1.95,3.6,3.8,H
2025-2026,31,2026-03-22,14:15,Sun,Tottenham,Nottingham Forest,0.0,3.0,61519.0,Tottenham Hotspur Stadium,M Oliver,0.0,1.0,14.0,8.0,3.0,7.0,13.0,3.0,13.0,13.0,1.0,2.0,0.0,0.0,2.25,3.4,3.2,A
2025-2026,32,2026-04-10,20:00,Fri,West Ham,Wolves,4.0,0.0,62457.0,London Stadium,J Gillett,1.0,0.0,18.0,14.0,7.0,3.0,5.0,2.0,11.0,7.0,2.0,2.0,0.0,0.0,1.8,3.8,4.33,H
2025-2026,32,2026-04-11,12:30,Sat,Arsenal,Bournemouth,1.0,2.0,60210.0,Emirates Stadium,M Oliver,1.0,1.0,15.0,8.0,3.0,3.0,10.0,1.0,12.0,18.0,1.0,3.0,0.0,0.0,1.44,4.5,7.5,A
2025-2026,32,2026-04-11,15:00,Sat,Brentford,Everton,2.0,2.0,17220.0,Gtech Community Stadium,F Hallam,1.0,1.0,17.0,14.0,4.0,7.0,2.0,3.0,6.0,7.0,0.0,2.0,0.0,0.0,2.15,3.3,3.5,D
2025-2026,32,2026-04-11,15:00,Sat,Burnley,Brighton,0.0,2.0,20408.0,Turf Moor,T Bramall,0.0,1.0,10.0,13.0,5.0,6.0,8.0,2.0,7.0,11.0,2.0,1.0,0.0,0.0,4.5,4.0,1.73,A
2025-2026,32,2026-04-11,17:30,Sat,Liverpool,Fulham,2.0,0.0,60401.0,Anfield,A Taylor,2.0,0.0,18.0,19.0,5.0,4.0,6.0,9.0,10.0,4.0,0.0,0.0,0.0,0.0,1.65,4.2,4.75,H
2025-2026,32,2026-04-12,14:00,Sun,Crystal Palace,Newcastle United,2.0,1.0,25141.0,Selhurst Park,A Madley,0.0,1.0,11.0,7.0,5.0,3.0,2.0,4.0,17.0,12.0,0.0,3.0,0.0,0.0,3.0,3.6,2.2,H
2025-2026,32,2026-04-12,14:00,Sun,Sunderland,Tottenham,1.0,0.0,47010.0,Stadium of Light,R Jones,0.0,0.0,13.0,11.0,2.0,7.0,2.0,6.0,14.0,15.0,3.0,3.0,0.0,0.0,2.7,3.2,2.7,H
2025-2026,32,2026-04-12,14:00,Sun,Nottingham Forest,Aston Villa,1.0,1.0,30591.0,The City Ground,M Salisbury,1.0,1.0,15.0,12.0,4.0,5.0,7.0,3.0,15.0,10.0,2.0,2.0,0.0,0.0,2.63,3.3,2.7,D
2025-2026,32,2026-04-12,16:30,Sun,Chelsea,Manchester City,0.0,3.0,39552.0,Stamford Bridge,C Kavanagh,0.0,0.0,12.0,18.0,3.0,8.0,4.0,12.0,10.0,14.0,3.0,1.0,0.0,0.0,3.1,3.8,2.15,A
2025-2026,32,2026-04-13,20:00,Mon,Manchester United,Leeds United,1.0,2.0,73989.0,Old Trafford,P Tierney,0.0,2.0,20.0,15.0,9.0,6.0,11.0,4.0,12.0,15.0,3.0,2.0,1.0,0.0,1.62,4.1,5.0,A
2025-2026,33,2026-04-18,12:30,Sat,Brentford,Fulham,0.0,0.0,17171.0,Gtech Community Stadium,P Tierney,0.0,0.0,13.0,11.0,4.0,0.0,9.0,3.0,8.0,13.0,0.0,1.0,0.0,0.0,2.1,3.75,3.25,D
2025-2026,33,2026-04-18,15:00,Sat,Newcastle United,Bournemouth,1.0,2.0,52109.0,St James' Park,T Bramall,0.0,1.0,12.0,12.0,3.0,3.0,2.0,3.0,11.0,12.0,2.0,4.0,0.0,0.0,2.0,3.75,3.5,A
2025-2026,33,2026-04-18,15:00,Sat,Leeds United,Wolves,3.0,0.0,36840.0,Elland Road,F Hallam,2.0,0.0,17.0,7.0,6.0,2.0,5.0,6.0,9.0,17.0,2.0,1.0,0.0,0.0,1.62,3.9,5.75,H
2025-2026,33,2026-04-18,17:30,Sat,Tottenham,Brighton,2.0,2.0,61167.0,Tottenham Hotspur Stadium,S Attwell,1.0,1.0,13.0,10.0,6.0,3.0,7.0,5.0,14.0,14.0,3.0,1.0,0.0,0.0,2.7,3.75,2.4,D
2025-2026,33,2026-04-18,20:00,Sat,Chelsea,Manchester United,0.0,1.0,39733.0,Stamford Bridge,M Oliver,0.0,1.0,21.0,4.0,3.0,1.0,7.0,1.0,12.0,13.0,1.0,3.0,0.0,0.0,2.2,3.5,3.2,A
2025-2026,33,2026-04-19,14:00,Sun,Everton,Liverpool,1.0,2.0,52585.0,Hill Dickinson Stadium,C Kavanagh,0.0,1.0,10.0,14.0,4.0,6.0,1.0,6.0,8.0,12.0,2.0,0.0,0.0,0.0,3.1,3.4,2.3,A
2025-2026,33,2026-04-19,14:00,Sun,Nottingham Forest,Burnley,4.0,1.0,29458.0,The City Ground,T Kirk,0.0,1.0,10.0,4.0,4.0,3.0,4.0,4.0,8.0,12.0,0.0,2.0,0.0,0.0,1.5,4.2,7.0,H
2025-2026,33,2026-04-19,14:00,Sun,Aston Villa,Sunderland,4.0,3.0,42599.0,Villa Park,S Barrott,2.0,1.0,15.0,10.0,7.0,7.0,4.0,5.0,11.0,11.0,1.0,3.0,0.0,0.0,1.67,3.75,5.5,H
2025-2026,33,2026-04-19,16:30,Sun,Manchester City,Arsenal,2.0,1.0,52523.0,Etihad Stadium,A Taylor,1.0,1.0,15.0,9.0,5.0,3.0,8.0,5.0,5.0,12.0,2.0,2.0,0.0,0.0,1.83,3.7,4.2,H
2025-2026,33,2026-04-20,20:00,Mon,Crystal Palace,West Ham,0.0,0.0,24974.0,Selhurst Park,D England,0.0,0.0,9.0,9.0,1.0,4.0,4.0,6.0,13.0,12.0,2.0,1.0,0.0,0.0,2.38,3.2,3.1,D
2025-2026,34,2026-04-21,20:00,Tue,Brighton,Chelsea,3.0,0.0,31220.0,The American Express Stadium,C Pawson,1.0,0.0,15.0,6.0,9.0,0.0,6.0,5.0,15.0,6.0,1.0,1.0,0.0,0.0,2.5,3.5,2.7,H
2025-2026,34,2026-04-22,20:00,Wed,Bournemouth,Leeds United,2.0,2.0,11226.0,Vitality Stadium,M Salisbury,0.0,0.0,17.0,10.0,7.0,3.0,12.0,1.0,6.0,10.0,3.0,0.0,0.0,0.0,2.0,3.5,3.6,D
2025-2026,34,2026-04-22,20:00,Wed,Burnley,Manchester City,0.0,1.0,21259.0,Turf Moor,A Madley,0.0,1.0,9.0,28.0,1.0,9.0,3.0,11.0,10.0,12.0,0.0,0.0,0.0,0.0,19.0,9.0,1.13,A
2025-2026,34,2026-04-24,20:00,Fri,Sunderland,Nottingham Forest,0.0,5.0,47132.0,Stadium of Light,D England,0.0,4.0,14.0,10.0,4.0,6.0,3.0,6.0,13.0,15.0,2.0,5.0,0.0,0.0,2.7,3.2,2.7,A
2025-2026,34,2026-04-25,12:30,Sat,Fulham,Aston Villa,1.0,0.0,27606.0,Craven Cottage,M Oliver,1.0,0.0,13.0,10.0,6.0,1.0,2.0,5.0,14.0,12.0,2.0,2.0,0.0,0.0,2.75,3.6,2.45,H
2025-2026,34,2026-04-25,15:00,Sat,Liverpool,Crystal Palace,3.0,1.0,60314.0,Anfield,A Madley,2.0,0.0,9.0,14.0,3.0,7.0,5.0,8.0,10.0,10.0,1.0,3.0,0.0,0.0,1.44,5.0,6.25,H
2025-2026,34,2026-04-25,15:00,Sat,Wolves,Tottenham,0.0,1.0,31253.0,Molineux Stadium,A Taylor,0.0,0.0,11.0,11.0,2.0,2.0,5.0,5.0,8.0,14.0,3.0,4.0,0.0,0.0,4.5,4.33,1.67,A
2025-2026,34,2026-04-25,15:00,Sat,West Ham,Everton,2.0,1.0,62454.0,London Stadium,S Attwell,0.0,0.0,10.0,11.0,3.0,3.0,3.0,4.0,9.0,11.0,3.0,4.0,0.0,0.0,2.4,3.4,2.9,H
2025-2026,34,2026-04-25,17:30,Sat,Arsenal,Newcastle United,1.0,0.0,60204.0,Emirates Stadium,S Barrott,1.0,0.0,11.0,13.0,4.0,3.0,7.0,2.0,13.0,10.0,2.0,2.0,0.0,0.0,1.45,4.75,6.25,H
2025-2026,34,2026-04-27,20:00,Mon,Manchester United,Brentford,2.0,1.0,73773.0,Old Trafford,C Kavanagh,2.0,0.0,11.0,12.0,6.0,4.0,7.0,8.0,6.0,9.0,2.0,4.0,0.0,0.0,1.85,3.8,4.0,H
2025-2026,35,2026-05-01,20:00,Fri,Leeds United,Burnley,3.0,1.0,36265.0,Elland Road,T Bramall,1.0,0.0,18.0,9.0,8.0,3.0,5.0,0.0,12.0,11.0,4.0,3.0,0.0,0.0,1.33,5.0,9.5,H
2025-2026,35,2026-05-02,15:00,Sat,Brentford,West Ham,3.0,0.0,17194.0,Gtech Community Stadium,C Pawson,1.0,0.0,14.0,13.0,6.0,4.0,2.0,6.0,8.0,12.0,1.0,3.0,0.0,0.0,1.91,3.75,3.75,H
2025-2026,35,2026-05-02,15:00,Sat,Newcastle United,Brighton,3.0,1.0,52099.0,St James' Park,C Kavanagh,2.0,0.0,13.0,13.0,6.0,4.0,2.0,10.0,10.0,12.0,3.0,3.0,0.0,0.0,2.5,3.75,2.6,H
2025-2026,35,2026-05-02,15:00,Sat,Wolves,Sunderland,1.0,1.0,29632.0,Molineux Stadium,P Tierney,0.0,1.0,20.0,10.0,7.0,2.0,6.0,3.0,11.0,11.0,0.0,4.0,0.0,1.0,3.1,3.2,2.1,D
2025-2026,35,2026-05-02,17:30,Sat,Arsenal,Fulham,3.0,0.0,60196.0,Emirates Stadium,J Gillett,3.0,0.0,18.0,10.0,9.0,1.0,3.0,4.0,7.0,12.0,0.0,1.0,0.0,0.0,1.44,4.33,7.0,H
2025-2026,35,2026-05-03,14:00,Sun,Bournemouth,Crystal Palace,3.0,0.0,11122.0,Vitality Stadium,R Jones,2.0,0.0,16.0,7.0,5.0,1.0,7.0,1.0,10.0,11.0,0.0,2.0,0.0,0.0,1.57,4.33,5.25,H
2025-2026,35,2026-05-03,15:30,Sun,Manchester United,Liverpool,3.0,2.0,74027.0,Old Trafford,D England,2.0,0.0,18.0,13.0,6.0,5.0,3.0,2.0,12.0,11.0,2.0,2.0,0.0,0.0,2.3,3.8,2.75,H
2025-2026,35,2026-05-03,19:00,Sun,Aston Villa,Tottenham,1.0,2.0,42767.0,Villa Park,S Barrott,0.0,2.0,5.0,10.0,1.0,5.0,5.0,5.0,12.0,12.0,2.0,5.0,0.0,0.0,2.15,3.6,3.2,A
2025-2026,35,2026-05-04,15:00,Mon,Chelsea,Nottingham Forest,1.0,3.0,39605.0,Stamford Bridge,A Taylor,0.0,2.0,21.0,6.0,5.0,4.0,10.0,1.0,12.0,10.0,3.0,1.0,0.0,0.0,1.7,4.0,4.75,A
2025-2026,35,2026-05-04,20:00,Mon,Everton,Manchester City,3.0,3.0,52257.0,Hill Dickinson Stadium,M Oliver,0.0,1.0,14.0,21.0,6.0,4.0,5.0,9.0,15.0,5.0,4.0,1.0,0.0,0.0,6.5,4.75,1.44,D
2025-2026,36,2026-05-09,12:30,Sat,Liverpool,Chelsea,1.0,1.0,60429.0,Anfield,C Pawson,1.0,1.0,8.0,6.0,3.0,3.0,5.0,2.0,17.0,17.0,2.0,4.0,0.0,0.0,1.83,4.0,3.9,D
2025-2026,36,2026-05-09,15:00,Sat,Fulham,Bournemouth,0.0,1.0,27626.0,Craven Cottage,A Madley,0.0,0.0,14.0,10.0,2.0,5.0,11.0,2.0,12.0,21.0,4.0,2.0,1.0,1.0,2.75,3.6,2.4,A
2025-2026,36,2026-05-09,15:00,Sat,Sunderland,Manchester United,0.0,0.0,47233.0,Stadium of Light,S Attwell,0.0,0.0,15.0,11.0,4.0,1.0,7.0,8.0,12.0,12.0,0.0,3.0,0.0,0.0,3.9,3.75,1.85,D
2025-2026,36,2026-05-09,15:00,Sat,Brighton,Wolves,3.0,0.0,31587.0,The American Express Stadium,J Brooks,2.0,0.0,14.0,5.0,6.0,1.0,7.0,1.0,9.0,11.0,1.0,2.0,0.0,0.0,1.27,6.25,9.5,H
2025-2026,36,2026-05-09,17:30,Sat,Manchester City,Brentford,3.0,0.0,52489.0,Etihad Stadium,M Salisbury,0.0,0.0,25.0,4.0,10.0,2.0,10.0,2.0,8.0,14.0,4.0,2.0,0.0,0.0,1.36,5.75,7.0,H
2025-2026,36,2026-05-10,14:00,Sun,Crystal Palace,Everton,2.0,2.0,24958.0,Selhurst Park,T Bramall,1.0,1.0,21.0,13.0,8.0,6.0,5.0,10.0,5.0,13.0,0.0,2.0,0.0,0.0,2.7,3.3,2.63,D
2025-2026,36,2026-05-10,14:00,Sun,Burnley,Aston Villa,2.0,2.0,21196.0,Turf Moor,A Taylor,1.0,1.0,15.0,18.0,6.0,7.0,2.0,8.0,18.0,8.0,1.0,1.0,0.0,0.0,5.0,4.33,1.6,D
2025-2026,36,2026-05-10,14:00,Sun,Nottingham Forest,Newcastle United,1.0,1.0,30691.0,The City Ground,P Tierney,0.0,0.0,17.0,16.0,6.0,6.0,2.0,1.0,16.0,11.0,2.0,0.0,0.0,0.0,2.6,3.6,2.6,D
2025-2026,36,2026-05-10,16:30,Sun,West Ham,Arsenal,0.0,1.0,60429.0,London Stadium,C Kavanagh,0.0,0.0,9.0,15.0,3.0,4.0,4.0,3.0,14.0,12.0,3.0,4.0,0.0,0.0,5.5,4.2,1.57,A
2025-2026,36,2026-05-11,20:00,Mon,Tottenham,Leeds United,1.0,1.0,61048.0,Tottenham Hotspur Stadium,J Gillett,0.0,0.0,16.0,11.0,3.0,4.0,14.0,2.0,12.0,7.0,3.0,1.0,0.0,0.0,1.83,4.1,3.75,D
2025-2026,31,2026-05-13,20:00,Wed,Manchester City,Crystal Palace,3.0,0.0,51738.0,Etihad Stadium,S Attwell,2.0,0.0,15.0,6.0,4.0,2.0,9.0,4.0,10.0,7.0,0.0,2.0,0.0,0.0,1.2,7.5,12.0,H
2025-2026,37,2026-05-15,20:00,Fri,Aston Villa,Liverpool,4.0,2.0,43033.0,Villa Park,C Kavanagh,1.0,0.0,14.0,16.0,9.0,5.0,4.0,9.0,12.0,9.0,3.0,1.0,0.0,0.0,2.75,3.5,2.4,H
2025-2026,37,2026-05-17,12:30,Sun,Manchester United,Nottingham Forest,3.0,2.0,74015.0,Old Trafford,M Salisbury,1.0,0.0,29.0,11.0,8.0,4.0,7.0,6.0,11.0,5.0,2.0,1.0,0.0,0.0,1.6,4.2,5.25,H
2025-2026,37,2026-05-17,15:00,Sun,Everton,Sunderland,1.0,3.0,52590.0,Hill Dickinson Stadium,J Brooks,1.0,0.0,10.0,7.0,4.0,3.0,3.0,2.0,14.0,9.0,3.0,0.0,0.0,0.0,1.8,3.75,4.33,A
2025-2026,37,2026-05-17,15:00,Sun,Wolves,Fulham,1.0,1.0,28709.0,Molineux Stadium,T Kirk,1.0,1.0,11.0,13.0,3.0,5.0,3.0,6.0,20.0,8.0,1.0,0.0,0.0,0.0,3.8,3.8,1.9,D
2025-2026,37,2026-05-17,15:00,Sun,Leeds United,Brighton,1.0,0.0,36880.0,Elland Road,M Oliver,0.0,0.0,7.0,19.0,1.0,8.0,7.0,8.0,9.0,7.0,1.0,0.0,0.0,0.0,3.2,3.6,2.15,H
2025-2026,37,2026-05-17,15:00,Sun,Brentford,Crystal Palace,2.0,2.0,17213.0,Gtech Community Stadium,S Barrott,1.0,1.0,14.0,16.0,3.0,5.0,9.0,4.0,7.0,5.0,1.0,3.0,0.0,0.0,1.73,4.2,4.33,D
2025-2026,37,2026-05-17,17:30,Sun,Newcastle United,West Ham,3.0,1.0,52206.0,St James' Park,J Gillett,2.0,0.0,15.0,15.0,7.0,8.0,9.0,1.0,8.0,11.0,1.0,3.0,0.0,0.0,2.1,3.8,3.2,H
2025-2026,37,2026-05-18,20:00,Mon,Arsenal,Burnley,1.0,0.0,60274.0,Emirates Stadium,P Tierney,1.0,0.0,13.0,5.0,3.0,0.0,3.0,3.0,7.0,16.0,1.0,3.0,0.0,0.0,1.09,11.0,23.0,H
2025-2026,37,2026-05-19,19:30,Tue,Bournemouth,Manchester City,1.0,1.0,11218.0,Vitality Stadium,A Taylor,1.0,0.0,10.0,14.0,2.0,5.0,7.0,6.0,16.0,7.0,4.0,2.0,0.0,0.0,4.5,4.33,1.67,D
2025-2026,37,2026-05-19,20:15,Tue,Chelsea,Tottenham,2.0,1.0,39463.0,Stamford Bridge,S Attwell,1.0,0.0,9.0,9.0,4.0,3.0,3.0,4.0,11.0,18.0,4.0,3.0,0.0,0.0,1.91,3.7,3.9,H
2025-2026,38,2026-05-24,16:00,Sun,Tottenham,Everton,1.0,0.0,61876.0,Tottenham Hotspur Stadium,M Oliver,1.0,0.0,21.0,8.0,6.0,3.0,6.0,2.0,15.0,12.0,5.0,3.0,0.0,1.0,1.91,3.75,3.8,H
2025-2026,38,2026-05-24,16:00,Sun,Sunderland,Chelsea,2.0,1.0,47155.0,Stadium of Light,C Kavanagh,1.0,0.0,20.0,10.0,2.0,1.0,7.0,7.0,15.0,18.0,3.0,2.0,0.0,0.0,3.6,3.6,2.0,H
2025-2026,38,2026-05-24,16:00,Sun,Burnley,Wolves,1.0,1.0,21057.0,Turf Moor,A Kitchen,0.0,1.0,16.0,16.0,8.0,4.0,7.0,7.0,10.0,11.0,2.0,2.0,0.0,0.0,2.35,3.5,2.9,D
2025-2026,38,2026-05-24,16:00,Sun,Fulham,Newcastle United,2.0,0.0,27442.0,Craven Cottage,R Jones,1.0,0.0,21.0,7.0,6.0,2.0,6.0,6.0,13.0,6.0,2.0,2.0,0.0,0.0,2.88,3.8,2.25,H
2025-2026,38,2026-05-24,16:00,Sun,Brighton,Manchester United,0.0,3.0,31729.0,The American Express Stadium,S Barrott,0.0,2.0,13.0,11.0,2.0,7.0,0.0,3.0,11.0,8.0,0.0,1.0,0.0,0.0,1.85,4.2,3.6,A
2025-2026,38,2026-05-24,16:00,Sun,Nottingham Forest,Bournemouth,1.0,1.0,30741.0,The City Ground,C Pawson,1.0,0.0,15.0,17.0,5.0,4.0,6.0,3.0,11.0,7.0,1.0,1.0,0.0,0.0,3.3,3.75,2.05,D
2025-2026,38,2026-05-24,16:00,Sun,Manchester City,Aston Villa,1.0,2.0,60332.0,Etihad Stadium,A Madley,1.0,0.0,16.0,12.0,3.0,5.0,9.0,4.0,8.0,4.0,1.0,0.0,0.0,0.0,1.29,6.0,9.0,A
2025-2026,38,2026-05-24,16:00,Sun,Liverpool,Brentford,1.0,1.0,60325.0,Anfield,D England,0.0,0.0,24.0,11.0,8.0,2.0,14.0,2.0,9.0,9.0,2.0,3.0,0.0,0.0,1.8,4.2,3.8,D
2025-2026,38,2026-05-24,16:00,Sun,Crystal Palace,Arsenal,1.0,2.0,25192.0,Selhurst Park,F Hallam,0.0,1.0,8.0,17.0,3.0,7.0,3.0,4.0,9.0,12.0,0.0,1.0,0.0,0.0,4.2,4.0,1.75,A
2025-2026,38,2026-05-24,16:00,Sun,West Ham,Leeds United,3.0,0.0,62471.0,London Stadium,A Taylor,0.0,0.0,16.0,13.0,9.0,3.0,6.0,4.0,11.0,14.0,0.0,3.0,0.0,0.0,1.85,4.0,3.75,H
2026-2027,1,2026-08-21,20:00,Fri,Arsenal,Coventry City,3.0,0.0,60098.0,Emirates Stadium,T Bramall,2.0,0.0,20.0,4.0,6.0,1.0,8.0,2.0,10.0,13.0,1.0,1.0,0.0,0.0,1.2,7.0,13.0,H
2026-2027,1,2026-08-22,12:30,Sat,Hull City,Manchester United,2.0,0.0,24470.0,MKM Stadium,D England,2.0,0.0,8.0,21.0,4.0,5.0,1.0,6.0,10.0,9.0,2.0,1.0,0.0,0.0,8.5,5.0,1.36,H
2026-2027,1,2026-08-22,15:00,Sat,Ipswich Town,Sunderland,2.0,1.0,29669.0,Portman Road Stadium,F Hallam,1.0,1.0,10.0,11.0,3.0,4.0,3.0,5.0,12.0,14.0,0.0,3.0,0.0,0.0,2.7,3.3,2.63,H
2026-2027,1,2026-08-22,15:00,Sat,Nottingham Forest,Leeds United,0.0,1.0,30739.0,The City Ground,R Jones,0.0,0.0,12.0,11.0,2.0,3.0,3.0,2.0,15.0,14.0,2.0,1.0,0.0,0.0,2.3,3.4,3.1,A
2026-2027,1,2026-08-22,15:00,Sat,Everton,Crystal Palace,2.0,0.0,51820.0,Hill Dickinson Stadium,P Tierney,1.0,0.0,16.0,11.0,5.0,4.0,4.0,0.0,5.0,15.0,0.0,1.0,0.0,0.0,2.15,3.5,3.3,H
2026-2027,1,2026-08-22,17:30,Sat,Brentford,Tottenham,3.0,0.0,17180.0,Gtech Community Stadium,M Oliver,2.0,0.0,26.0,9.0,8.0,4.0,7.0,3.0,17.0,14.0,1.0,1.0,0.0,0.0,2.4,3.7,2.75,H
2026-2027,1,2026-08-23,14:00,Sun,Manchester City,Bournemouth,2.0,1.0,60645.0,Etihad Stadium,J Gillett,0.0,1.0,13.0,5.0,6.0,4.0,8.0,3.0,11.0,11.0,1.0,2.0,0.0,0.0,1.48,4.5,6.25,H
2026-2027,1,2026-08-23,14:00,Sun,Brighton,Aston Villa,4.0,0.0,31746.0,The American Express Stadium,P Bankes,4.0,0.0,21.0,6.0,6.0,0.0,5.0,2.0,12.0,11.0,2.0,3.0,0.0,1.0,2.15,3.6,3.0,H
2026-2027,1,2026-08-23,16:30,Sun,Newcastle United,Liverpool,2.0,2.0,52630.0,St James' Park,S Attwell,1.0,0.0,13.0,27.0,4.0,7.0,2.0,6.0,16.0,15.0,5.0,3.0,0.0,0.0,4.0,3.8,1.9,D
2026-2027,1,2026-08-24,20:00,Mon,Fulham,Chelsea,2.0,3.0,27461.0,Craven Cottage,J Brooks,1.0,2.0,14.0,18.0,6.0,6.0,6.0,4.0,12.0,7.0,2.0,3.0,0.0,0.0,3.6,3.8,1.9,A
2026-2027,2,2026-08-28,20:00,Fri,Crystal Palace,Manchester City,1.0,4.0,24874.0,Selhurst Park,A Madley,0.0,1.0,9.0,18.0,1.0,9.0,2.0,6.0,8.0,11.0,1.0,2.0,0.0,0.0,5.0,3.9,1.67,A
2026-2027,2,2026-08-29,12:30,Sat,Liverpool,Nottingham Forest,2.0,2.0,60415.0,Anfield,S Barrott,0.0,1.0,13.0,12.0,4.0,3.0,3.0,5.0,13.0,10.0,4.0,2.0,0.0,0.0,1.5,4.5,5.75,D
2026-2027,2,2026-08-29,15:00,Sat,Coventry City,Hull City,0.0,1.0,31239.0,Coventry Building Society Arena,J Smith,0.0,0.0,11.0,6.0,3.0,2.0,6.0,2.0,11.0,8.0,1.0,4.0,0.0,0.0,1.9,3.5,4.2,A
2026-2027,2,2026-08-29,15:00,Sat,Bournemouth,Everton,1.0,1.0,11135.0,Vitality Stadium,C Kavanagh,1.0,0.0,17.0,13.0,5.0,7.0,10.0,7.0,11.0,14.0,3.0,2.0,0.0,0.0,2.05,3.5,3.6,D
2026-2027,2,2026-08-29,17:30,Sat,Tottenham,Newcastle United,0.0,2.0,61025.0,Tottenham Hotspur Stadium,P Bankes,0.0,0.0,17.0,11.0,6.0,2.0,9.0,7.0,15.0,9.0,1.0,2.0,0.0,0.0,2.25,3.75,2.9,A
2026-2027,2,2026-08-30,14:00,Sun,Chelsea,Brighton,4.0,3.0,39497.0,Stamford Bridge,M Oliver,3.0,1.0,17.0,15.0,6.0,6.0,4.0,7.0,6.0,12.0,1.0,3.0,0.0,0.0,1.83,4.0,4.0,H
2026-2027,2,2026-08-30,14:00,Sun,Sunderland,Fulham,1.0,0.0,46781.0,Stadium of Light,M Salisbury,0.0,0.0,12.0,11.0,4.0,0.0,3.0,4.0,10.0,15.0,0.0,2.0,0.0,0.0,2.4,3.2,3.1,H
2026-2027,2,2026-08-30,14:00,Sun,Leeds United,Brentford,1.0,1.0,35974.0,Elland Road,T Harrington,0.0,1.0,12.0,22.0,2.0,5.0,5.0,6.0,5.0,13.0,0.0,4.0,0.0,0.0,2.6,3.3,2.7,D
2026-2027,2,2026-08-30,16:30,Sun,Manchester United,Ipswich Town,5.0,2.0,74148.0,Old Trafford,C Pawson,1.0,1.0,33.0,9.0,11.0,5.0,8.0,4.0,7.0,12.0,1.0,3.0,0.0,0.0,1.42,5.0,7.0,H
2026-2027,2,2026-08-31,20:00,Mon,Aston Villa,Arsenal,0.0,1.0,36804.0,Villa Park,J Gillett,0.0,0.0,7.0,7.0,0.0,2.0,2.0,4.0,17.0,6.0,3.0,1.0,0.0,0.0,6.0,4.1,1.53,A
2026-2027,3,2026-09-04,20:00,Fri,Ipswich Town,Liverpool,0.0,2.0,30019.0,Portman Road Stadium,,,,,,,,,,,,,,,,,,,A
2026-2027,3,2026-09-05,12:30,Sat,Newcastle United,Bournemouth,2.0,2.0,52643.0,St James' Park,,,,,,,,,,,,,,,,,,,D
2026-2027,3,2026-09-05,15:00,Sat,Nottingham Forest,Tottenham,0.0,0.0,30686.0,The City Ground,,,,,,,,,,,,,,,,,,,D
2026-2027,3,2026-09-05,15:00,Sat,Fulham,Crystal Palace,2.0,3.0,,Craven Cottage,,,,,,,,,,,,,,,,,,,A
2026-2027,3,2026-09-05,15:00,Sat,Brentford,Sunderland,1.0,1.0,17131.0,Gtech Community Stadium,,,,,,,,,,,,,,,,,,,D
2026-2027,3,2026-09-05,15:00,Sat,Manchester City,Coventry City,1.0,0.0,60765.0,Etihad Stadium,,,,,,,,,,,,,,,,,,,H
2026-2027,3,2026-09-05,15:00,Sat,Brighton,Leeds United,1.0,1.0,,The American Express Stadium,,,,,,,,,,,,,,,,,,,D
2026-2027,3,2026-09-05,17:30,Sat,Hull City,Aston Villa,0.0,0.0,24425.0,MKM Stadium,,,,,,,,,,,,,,,,,,,D
